user_id,platform,date,earnings,hours_worked,rating,job_type
USER001,lyft,2024-01-01,172.78,9.4,4.9,rideshare
USER001,lyft,2024-01-02,39.19,2.3,4.5,rideshare
USER001,lyft,2024-01-03,146.98,8.5,4.2,rideshare
USER001,lyft,2024-01-04,53.52,2.1,4.7,rideshare
USER001,lyft,2024-01-05,179.05,11.6,4.1,rideshare
USER001,lyft,2024-01-06,211.85,8.0,4.7,rideshare
USER001,lyft,2024-01-07,146.06,5.8,4.8,rideshare
USER001,lyft,2024-01-10,48.3,2.5,4.3,rideshare
USER001,lyft,2024-01-11,47.53,3.0,4.6,rideshare
USER001,lyft,2024-01-12,69.45,4.1,4.9,rideshare
USER001,lyft,2024-01-15,77.1,3.6,5.0,rideshare
USER001,lyft,2024-01-17,252.97,10.4,4.2,rideshare
USER001,lyft,2024-01-18,75.1,4.7,4.9,rideshare
USER001,lyft,2024-01-20,149.67,6.0,4.5,rideshare
USER001,lyft,2024-01-21,120.36,7.6,4.6,rideshare
USER001,lyft,2024-01-23,206.68,12.0,4.1,rideshare
USER001,lyft,2024-01-24,148.75,8.3,4.4,rideshare
USER001,lyft,2024-01-25,227.69,12.0,5.0,rideshare
USER001,lyft,2024-01-27,198.7,8.8,4.3,rideshare
USER001,lyft,2024-01-29,149.44,6.5,4.9,rideshare
USER001,lyft,2024-01-30,88.26,3.8,4.9,rideshare
USER001,lyft,2024-01-31,149.01,8.1,4.8,rideshare
USER001,lyft,2024-02-01,133.17,7.3,4.3,rideshare
USER001,lyft,2024-02-02,296.79,10.8,4.3,rideshare
USER001,lyft,2024-02-03,227.54,11.5,4.5,rideshare
USER001,lyft,2024-02-04,185.88,9.7,4.5,rideshare
USER001,lyft,2024-02-05,183.47,10.7,4.2,rideshare
USER001,lyft,2024-02-06,82.72,4.0,5.0,rideshare
USER001,lyft,2024-02-08,57.63,3.2,4.3,rideshare
USER001,lyft,2024-02-09,60.23,4.2,4.6,rideshare
USER001,lyft,2024-02-10,211.13,10.6,4.2,rideshare
USER001,lyft,2024-02-12,190.62,11.4,4.5,rideshare
USER001,lyft,2024-02-15,97.69,6.3,4.5,rideshare
USER001,lyft,2024-02-19,117.45,5.4,4.2,rideshare
USER001,lyft,2024-02-20,110.45,6.2,4.2,rideshare
USER001,lyft,2024-02-22,145.33,7.5,5.0,rideshare
USER001,lyft,2024-02-27,78.9,4.1,4.1,rideshare
USER001,lyft,2024-02-28,128.75,4.7,4.5,rideshare
USER001,lyft,2024-02-29,300.31,12.0,4.7,rideshare
USER001,lyft,2024-03-01,216.63,11.7,4.5,rideshare
USER001,lyft,2024-03-03,167.15,7.0,4.2,rideshare
USER001,lyft,2024-03-05,143.42,8.0,4.2,rideshare
USER001,lyft,2024-03-06,110.69,4.5,4.6,rideshare
USER001,lyft,2024-03-07,176.79,7.2,4.2,rideshare
USER001,lyft,2024-03-09,152.03,8.7,4.3,rideshare
USER001,lyft,2024-03-11,281.26,12.0,4.1,rideshare
USER001,lyft,2024-03-12,230.52,11.3,4.9,rideshare
USER001,lyft,2024-03-13,185.32,10.3,4.6,rideshare
USER001,lyft,2024-03-16,123.27,5.0,4.9,rideshare
USER001,lyft,2024-03-17,50.66,3.1,4.3,rideshare
USER001,lyft,2024-03-20,98.57,4.6,4.9,rideshare
USER001,lyft,2024-03-22,73.48,4.8,4.8,rideshare
USER001,lyft,2024-03-24,163.6,7.5,4.0,rideshare
USER001,lyft,2024-03-25,267.88,11.0,4.8,rideshare
USER001,lyft,2024-03-26,49.83,3.3,4.9,rideshare
USER001,lyft,2024-03-30,58.91,3.0,4.9,rideshare
USER001,uber,2024-01-01,88.12,3.5,4.9,rideshare
USER001,uber,2024-01-05,139.54,5.3,4.8,rideshare
USER001,uber,2024-01-08,80.96,3.1,4.9,rideshare
USER001,uber,2024-01-09,141.05,6.6,4.8,rideshare
USER001,uber,2024-01-10,55.78,3.9,4.9,rideshare
USER001,uber,2024-01-12,153.14,6.0,4.5,rideshare
USER001,uber,2024-01-14,110.82,3.8,4.3,rideshare
USER001,uber,2024-01-15,166.25,9.3,4.6,rideshare
USER001,uber,2024-01-16,132.04,7.8,4.7,rideshare
USER001,uber,2024-01-17,194.84,7.4,4.7,rideshare
USER001,uber,2024-01-19,126.47,8.6,4.3,rideshare
USER001,uber,2024-01-22,105.78,6.1,4.3,rideshare
USER001,uber,2024-01-23,234.53,11.4,4.9,rideshare
USER001,uber,2024-01-25,37.54,2.0,4.4,rideshare
USER001,uber,2024-01-26,139.97,6.6,4.2,rideshare
USER001,uber,2024-01-27,207.56,10.0,4.1,rideshare
USER001,uber,2024-01-28,128.69,5.4,4.8,rideshare
USER001,uber,2024-01-30,34.24,2.2,4.5,rideshare
USER001,uber,2024-02-01,139.44,8.3,4.7,rideshare
USER001,uber,2024-02-02,119.77,8.6,4.8,rideshare
USER001,uber,2024-02-04,85.62,3.8,4.5,rideshare
USER001,uber,2024-02-05,180.18,10.5,4.8,rideshare
USER001,uber,2024-02-08,279.45,10.9,4.7,rideshare
USER001,uber,2024-02-09,201.99,7.5,4.7,rideshare
USER001,uber,2024-02-10,83.01,4.5,4.8,rideshare
USER001,uber,2024-02-11,83.88,4.7,4.3,rideshare
USER001,uber,2024-02-12,115.2,7.4,4.2,rideshare
USER001,uber,2024-02-15,136.89,7.4,4.2,rideshare
USER001,uber,2024-02-16,203.31,7.8,4.9,rideshare
USER001,uber,2024-02-18,91.51,5.5,4.9,rideshare
USER001,uber,2024-02-20,174.62,7.5,4.2,rideshare
USER001,uber,2024-02-21,41.43,2.3,4.7,rideshare
USER001,uber,2024-02-22,94.57,6.7,4.6,rideshare
USER001,uber,2024-02-23,117.39,7.6,4.6,rideshare
USER001,uber,2024-02-24,46.72,2.5,4.2,rideshare
USER001,uber,2024-02-25,144.15,5.8,4.8,rideshare
USER001,uber,2024-02-26,35.25,2.2,5.0,rideshare
USER001,uber,2024-02-27,223.79,9.8,4.8,rideshare
USER001,uber,2024-02-29,45.57,3.5,4.7,rideshare
USER001,uber,2024-03-01,171.02,9.0,4.2,rideshare
USER001,uber,2024-03-04,227.79,11.6,4.0,rideshare
USER001,uber,2024-03-05,241.75,11.6,4.7,rideshare
USER001,uber,2024-03-06,152.36,8.3,4.8,rideshare
USER001,uber,2024-03-09,229.15,9.8,4.4,rideshare
USER001,uber,2024-03-10,123.75,5.4,4.8,rideshare
USER001,uber,2024-03-11,232.66,8.4,4.7,rideshare
USER001,uber,2024-03-12,236.4,11.7,4.8,rideshare
USER001,uber,2024-03-13,137.72,6.4,4.3,rideshare
USER001,uber,2024-03-16,104.22,4.4,4.6,rideshare
USER001,uber,2024-03-17,140.21,10.5,4.2,rideshare
USER001,uber,2024-03-19,195.31,9.0,4.0,rideshare
USER001,uber,2024-03-21,168.66,6.9,4.7,rideshare
USER001,uber,2024-03-23,59.71,2.9,4.7,rideshare
USER001,uber,2024-03-24,141.88,6.7,4.4,rideshare
USER001,uber,2024-03-26,93.42,4.7,4.1,rideshare
USER001,uber,2024-03-27,131.68,7.4,4.2,rideshare
USER001,uber,2024-03-28,218.43,9.2,4.5,rideshare
USER001,uber,2024-03-29,56.2,3.9,4.2,rideshare
USER001,uber,2024-03-30,114.79,4.7,4.6,rideshare
USER001,upwork,2024-01-02,448.92,5.4,4.6,freelance
USER001,upwork,2024-01-03,101.31,2.7,4.9,freelance
USER001,upwork,2024-01-04,264.94,4.6,4.6,freelance
USER001,upwork,2024-01-05,161.83,6.1,5.0,freelance
USER001,upwork,2024-01-06,474.75,6.5,4.2,freelance
USER001,upwork,2024-01-07,268.2,5.0,5.0,freelance
USER001,upwork,2024-01-08,407.11,6.5,4.9,freelance
USER001,upwork,2024-01-09,195.69,6.9,4.2,freelance
USER001,upwork,2024-01-10,105.73,5.1,4.3,freelance
USER001,upwork,2024-01-11,448.92,7.3,4.7,freelance
USER001,upwork,2024-01-17,418.46,6.8,4.8,freelance
USER001,upwork,2024-01-18,124.13,3.8,4.6,freelance
USER001,upwork,2024-01-19,213.46,7.2,4.9,freelance
USER001,upwork,2024-01-20,69.81,1.7,4.4,freelance
USER001,upwork,2024-01-21,75.6,1.8,4.8,freelance
USER001,upwork,2024-01-22,823.25,10.0,4.3,freelance
USER001,upwork,2024-01-23,362.95,5.2,4.9,freelance
USER001,upwork,2024-01-24,368.8,6.7,4.1,freelance
USER001,upwork,2024-01-25,321.48,7.0,4.3,freelance
USER001,upwork,2024-01-27,651.19,8.3,4.5,freelance
USER001,upwork,2024-01-28,368.7,9.7,4.5,freelance
USER001,upwork,2024-01-31,113.76,2.7,4.8,freelance
USER001,upwork,2024-02-03,482.81,9.3,4.7,freelance
USER001,upwork,2024-02-04,454.98,6.5,4.2,freelance
USER001,upwork,2024-02-05,116.95,1.8,4.9,freelance
USER001,upwork,2024-02-06,229.47,8.5,4.7,freelance
USER001,upwork,2024-02-07,369.43,8.5,4.2,freelance
USER001,upwork,2024-02-08,401.22,9.3,4.9,freelance
USER001,upwork,2024-02-10,374.53,4.7,4.5,freelance
USER001,upwork,2024-02-12,285.72,6.3,4.5,freelance
USER001,upwork,2024-02-13,219.27,4.1,4.5,freelance
USER001,upwork,2024-02-14,114.42,2.7,4.6,freelance
USER001,upwork,2024-02-15,101.74,1.4,4.7,freelance
USER001,upwork,2024-02-17,598.2,8.4,4.5,freelance
USER001,upwork,2024-02-18,363.25,6.3,4.9,freelance
USER001,upwork,2024-02-19,287.03,5.1,4.4,freelance
USER001,upwork,2024-02-21,438.1,9.7,4.7,freelance
USER001,upwork,2024-02-26,321.49,7.5,4.9,freelance
USER001,upwork,2024-02-27,188.15,6.7,5.0,freelance
USER001,upwork,2024-02-29,199.55,6.7,4.4,freelance
USER001,upwork,2024-03-03,234.35,3.6,4.1,freelance
USER001,upwork,2024-03-04,380.88,8.1,4.1,freelance
USER001,upwork,2024-03-07,168.42,2.3,4.3,freelance
USER001,upwork,2024-03-08,196.68,8.2,4.7,freelance
USER001,upwork,2024-03-09,197.83,4.1,4.6,freelance
USER001,upwork,2024-03-10,265.07,8.6,4.4,freelance
USER001,upwork,2024-03-11,216.73,6.1,5.0,freelance
USER001,upwork,2024-03-12,495.62,6.9,4.6,freelance
USER001,upwork,2024-03-15,358.32,5.5,4.3,freelance
USER001,upwork,2024-03-18,410.67,6.6,4.7,freelance
USER001,upwork,2024-03-24,315.57,6.2,4.1,freelance
USER001,upwork,2024-03-25,142.73,2.6,4.5,freelance
USER001,upwork,2024-03-27,572.32,8.5,4.8,freelance
USER001,upwork,2024-03-28,493.84,7.7,4.1,freelance
USER001,upwork,2024-03-30,742.87,8.7,5.0,freelance
USER002,upwork,2024-01-01,284.21,5.1,4.7,freelance
USER002,upwork,2024-01-02,553.39,9.5,4.2,freelance
USER002,upwork,2024-01-03,515.62,6.1,4.2,freelance
USER002,upwork,2024-01-04,587.23,9.2,4.4,freelance
USER002,upwork,2024-01-05,286.24,3.7,4.1,freelance
USER002,upwork,2024-01-07,364.46,7.0,4.9,freelance
USER002,upwork,2024-01-08,149.03,2.4,4.1,freelance
USER002,upwork,2024-01-09,345.94,9.6,4.4,freelance
USER002,upwork,2024-01-10,562.73,8.7,4.7,freelance
USER002,upwork,2024-01-11,319.07,4.2,4.2,freelance
USER002,upwork,2024-01-12,384.46,5.1,4.6,freelance
USER002,upwork,2024-01-13,154.34,8.1,4.1,freelance
USER002,upwork,2024-01-14,167.91,7.9,4.2,freelance
USER002,upwork,2024-01-16,210.46,9.1,4.9,freelance
USER002,upwork,2024-01-17,78.73,3.3,4.7,freelance
USER002,upwork,2024-01-18,151.67,8.1,4.3,freelance
USER002,upwork,2024-01-19,179.49,7.7,4.7,freelance
USER002,upwork,2024-01-20,316.1,5.6,4.5,freelance
USER002,upwork,2024-01-22,594.79,8.8,4.5,freelance
USER002,upwork,2024-01-24,241.65,4.6,4.5,freelance
USER002,upwork,2024-01-26,132.93,6.5,4.3,freelance
USER002,upwork,2024-01-28,398.01,10.0,4.5,freelance
USER002,upwork,2024-01-30,571.31,8.7,4.8,freelance
USER002,upwork,2024-02-01,134.66,3.1,4.5,freelance
USER002,upwork,2024-02-02,132.65,4.8,4.4,freelance
USER002,upwork,2024-02-03,136.97,1.6,4.1,freelance
USER002,upwork,2024-02-04,546.35,8.3,4.6,freelance
USER002,upwork,2024-02-05,78.65,2.1,4.7,freelance
USER002,upwork,2024-02-11,169.35,2.9,4.2,freelance
USER002,upwork,2024-02-12,336.68,4.3,4.6,freelance
USER002,upwork,2024-02-19,581.55,8.5,4.2,freelance
USER002,upwork,2024-02-21,48.91,1.1,4.6,freelance
USER002,upwork,2024-02-22,155.14,6.7,4.7,freelance
USER002,upwork,2024-02-23,174.28,4.1,4.7,freelance
USER002,upwork,2024-02-25,31.91,1.5,4.6,freelance
USER002,upwork,2024-02-27,313.3,5.4,4.3,freelance
USER002,upwork,2024-02-29,174.14,3.5,4.5,freelance
USER002,upwork,2024-03-02,224.47,6.4,4.3,freelance
USER002,upwork,2024-03-03,86.76,3.3,4.0,freelance
USER002,upwork,2024-03-05,313.98,7.3,4.8,freelance
USER002,upwork,2024-03-07,79.95,1.4,4.9,freelance
USER002,upwork,2024-03-09,388.57,7.4,4.1,freelance
USER002,upwork,2024-03-10,339.58,8.2,4.8,freelance
USER002,upwork,2024-03-12,233.44,3.2,4.5,freelance
USER002,upwork,2024-03-13,146.16,4.1,4.2,freelance
USER002,upwork,2024-03-14,174.39,5.6,4.3,freelance
USER002,upwork,2024-03-18,83.17,2.8,4.8,freelance
USER002,upwork,2024-03-20,398.32,5.4,4.8,freelance
USER002,upwork,2024-03-21,483.59,6.1,4.6,freelance
USER002,upwork,2024-03-24,110.54,5.0,4.3,freelance
USER002,upwork,2024-03-25,187.67,3.8,4.1,freelance
USER002,upwork,2024-03-27,653.72,8.7,4.5,freelance
USER002,upwork,2024-03-28,501.34,8.1,4.4,freelance
USER002,uber,2024-01-01,57.17,3.5,4.1,rideshare
USER002,uber,2024-01-03,135.58,7.0,4.2,rideshare
USER002,uber,2024-01-04,121.04,7.2,4.4,rideshare
USER002,uber,2024-01-05,106.79,5.4,4.8,rideshare
USER002,uber,2024-01-07,127.97,8.8,4.7,rideshare
USER002,uber,2024-01-11,66.84,3.4,5.0,rideshare
USER002,uber,2024-01-13,220.26,11.4,4.4,rideshare
USER002,uber,2024-01-20,126.39,6.2,4.4,rideshare
USER002,uber,2024-01-21,195.65,11.5,4.2,rideshare
USER002,uber,2024-01-22,138.44,10.4,4.8,rideshare
USER002,uber,2024-01-25,151.29,9.7,4.4,rideshare
USER002,uber,2024-01-26,254.38,9.7,4.2,rideshare
USER002,uber,2024-01-27,149.88,8.8,4.4,rideshare
USER002,uber,2024-01-28,147.9,6.5,4.3,rideshare
USER002,uber,2024-01-30,156.31,5.7,5.0,rideshare
USER002,uber,2024-01-31,104.82,5.8,5.0,rideshare
USER002,uber,2024-02-03,169.24,8.4,4.6,rideshare
USER002,uber,2024-02-04,225.39,10.5,4.8,rideshare
USER002,uber,2024-02-05,81.46,3.5,4.9,rideshare
USER002,uber,2024-02-06,86.93,5.5,4.1,rideshare
USER002,uber,2024-02-07,196.97,11.9,4.0,rideshare
USER002,uber,2024-02-12,198.44,10.3,4.1,rideshare
USER002,uber,2024-02-14,37.93,2.8,4.8,rideshare
USER002,uber,2024-02-15,136.88,7.3,4.3,rideshare
USER002,uber,2024-02-16,107.21,6.2,4.5,rideshare
USER002,uber,2024-02-17,154.56,8.0,4.5,rideshare
USER002,uber,2024-02-18,108.17,6.3,4.2,rideshare
USER002,uber,2024-02-19,73.55,2.9,4.1,rideshare
USER002,uber,2024-02-20,243.7,11.9,4.4,rideshare
USER002,uber,2024-02-21,227.38,11.8,4.0,rideshare
USER002,uber,2024-02-23,205.03,8.3,4.7,rideshare
USER002,uber,2024-02-24,129.66,7.5,4.2,rideshare
USER002,uber,2024-02-26,205.35,8.3,4.1,rideshare
USER002,uber,2024-02-28,38.47,2.4,4.0,rideshare
USER002,uber,2024-03-01,166.7,7.4,4.8,rideshare
USER002,uber,2024-03-02,208.79,9.8,4.3,rideshare
USER002,uber,2024-03-03,223.33,10.9,4.9,rideshare
USER002,uber,2024-03-04,172.05,7.0,4.9,rideshare
USER002,uber,2024-03-05,177.4,9.3,4.6,rideshare
USER002,uber,2024-03-07,54.29,2.8,4.3,rideshare
USER002,uber,2024-03-09,98.67,5.5,4.9,rideshare
USER002,uber,2024-03-10,141.31,4.7,4.9,rideshare
USER002,uber,2024-03-11,134.91,5.6,4.7,rideshare
USER002,uber,2024-03-13,168.33,9.8,4.1,rideshare
USER002,uber,2024-03-15,150.53,7.7,4.7,rideshare
USER002,uber,2024-03-17,177.21,7.7,4.4,rideshare
USER002,uber,2024-03-19,150.91,9.4,4.4,rideshare
USER002,uber,2024-03-20,79.35,4.6,5.0,rideshare
USER002,uber,2024-03-21,141.82,6.9,4.9,rideshare
USER002,uber,2024-03-22,129.23,6.5,4.7,rideshare
USER002,uber,2024-03-24,49.77,2.6,4.9,rideshare
USER002,uber,2024-03-30,55.62,4.0,4.8,rideshare
USER002,ubereats,2024-01-01,66.02,3.6,4.6,delivery
USER002,ubereats,2024-01-03,125.89,8.0,4.5,delivery
USER002,ubereats,2024-01-06,106.54,5.5,4.7,delivery
USER002,ubereats,2024-01-07,129.8,6.5,4.2,delivery
USER002,ubereats,2024-01-09,22.74,1.4,4.2,delivery
USER002,ubereats,2024-01-10,81.62,6.0,4.9,delivery
USER002,ubereats,2024-01-13,70.51,4.9,4.3,delivery
USER002,ubereats,2024-01-14,41.1,2.2,4.2,delivery
USER002,ubereats,2024-01-19,18.24,1.2,4.6,delivery
USER002,ubereats,2024-01-20,105.94,6.4,4.6,delivery
USER002,ubereats,2024-01-21,60.93,3.0,4.5,delivery
USER002,ubereats,2024-01-24,17.43,1.4,4.5,delivery
USER002,ubereats,2024-01-25,58.42,3.2,4.7,delivery
USER002,ubereats,2024-01-28,68.46,4.9,4.5,delivery
USER002,ubereats,2024-01-29,21.49,1.7,4.4,delivery
USER002,ubereats,2024-01-31,37.31,2.1,4.6,delivery
USER002,ubereats,2024-02-01,81.73,4.5,4.5,delivery
USER002,ubereats,2024-02-02,93.01,7.6,5.0,delivery
USER002,ubereats,2024-02-03,20.03,1.4,4.9,delivery
USER002,ubereats,2024-02-05,109.8,6.9,4.9,delivery
USER002,ubereats,2024-02-08,66.63,5.0,4.6,delivery
USER002,ubereats,2024-02-09,92.86,6.4,5.0,delivery
USER002,ubereats,2024-02-11,83.17,3.8,4.3,delivery
USER002,ubereats,2024-02-14,59.18,4.5,4.1,delivery
USER002,ubereats,2024-02-15,69.12,4.2,4.5,delivery
USER002,ubereats,2024-02-16,43.22,2.1,4.7,delivery
USER002,ubereats,2024-02-17,101.16,6.8,4.7,delivery
USER002,ubereats,2024-02-18,70.9,3.6,5.0,delivery
USER002,ubereats,2024-02-19,120.06,6.1,4.0,delivery
USER002,ubereats,2024-02-20,142.03,6.5,4.6,delivery
USER002,ubereats,2024-02-22,75.67,5.4,4.8,delivery
USER002,ubereats,2024-02-23,25.12,1.2,4.1,delivery
USER002,ubereats,2024-02-24,32.17,2.1,4.4,delivery
USER002,ubereats,2024-02-29,29.88,2.5,4.7,delivery
USER002,ubereats,2024-03-01,37.39,2.2,4.3,delivery
USER002,ubereats,2024-03-02,116.2,6.0,4.7,delivery
USER002,ubereats,2024-03-04,61.01,4.9,5.0,delivery
USER002,ubereats,2024-03-05,37.95,2.5,4.3,delivery
USER002,ubereats,2024-03-06,116.29,6.6,4.1,delivery
USER002,ubereats,2024-03-08,157.78,6.7,4.8,delivery
USER002,ubereats,2024-03-09,80.52,6.0,4.4,delivery
USER002,ubereats,2024-03-10,38.82,2.4,4.9,delivery
USER002,ubereats,2024-03-12,77.55,5.1,4.7,delivery
USER002,ubereats,2024-03-13,22.58,1.4,4.7,delivery
USER002,ubereats,2024-03-14,19.2,1.0,4.9,delivery
USER002,ubereats,2024-03-15,138.0,7.1,4.2,delivery
USER002,ubereats,2024-03-17,105.54,7.4,4.6,delivery
USER002,ubereats,2024-03-18,156.61,7.6,4.2,delivery
USER002,ubereats,2024-03-20,148.11,8.0,4.5,delivery
USER002,ubereats,2024-03-25,34.57,1.8,4.3,delivery
USER002,ubereats,2024-03-27,137.71,7.6,4.5,delivery
USER002,ubereats,2024-03-28,27.12,2.1,4.3,delivery
USER002,ubereats,2024-03-29,120.11,6.5,4.8,delivery
USER002,ubereats,2024-03-30,155.16,7.3,4.5,delivery
USER003,fiverr,2024-01-02,100.04,3.9,4.3,freelance
USER003,fiverr,2024-01-03,575.74,9.6,4.7,freelance
USER003,fiverr,2024-01-04,353.41,7.2,4.1,freelance
USER003,fiverr,2024-01-05,283.48,5.5,4.7,freelance
USER003,fiverr,2024-01-06,229.54,9.2,4.6,freelance
USER003,fiverr,2024-01-07,73.24,2.4,4.6,freelance
USER003,fiverr,2024-01-08,281.51,5.2,4.7,freelance
USER003,fiverr,2024-01-09,312.09,7.8,4.1,freelance
USER003,fiverr,2024-01-10,108.69,1.7,4.1,freelance
USER003,fiverr,2024-01-11,266.36,6.2,4.3,freelance
USER003,fiverr,2024-01-12,79.4,2.8,4.1,freelance
USER003,fiverr,2024-01-13,350.0,5.1,4.5,freelance
USER003,fiverr,2024-01-14,429.69,8.3,4.4,freelance
USER003,fiverr,2024-01-17,76.9,4.1,5.0,freelance
USER003,fiverr,2024-01-19,94.18,1.3,4.8,freelance
USER003,fiverr,2024-01-23,405.74,4.4,4.9,freelance
USER003,fiverr,2024-01-24,430.74,7.0,4.7,freelance
USER003,fiverr,2024-01-25,181.26,5.8,4.7,freelance
USER003,fiverr,2024-01-26,22.38,1.2,4.7,freelance
USER003,fiverr,2024-01-27,392.53,8.4,4.3,freelance
USER003,fiverr,2024-01-28,484.9,7.5,4.8,freelance
USER003,fiverr,2024-01-29,476.19,9.0,4.2,freelance
USER003,fiverr,2024-01-30,151.88,6.4,4.0,freelance
USER003,fiverr,2024-02-01,115.31,3.0,4.1,freelance
USER003,fiverr,2024-02-02,340.48,8.3,4.3,freelance
USER003,fiverr,2024-02-03,215.93,3.9,4.1,freelance
USER003,fiverr,2024-02-05,69.46,1.5,4.9,freelance
USER003,fiverr,2024-02-08,570.63,9.8,4.7,freelance
USER003,fiverr,2024-02-10,100.18,2.3,4.8,freelance
USER003,fiverr,2024-02-11,284.86,3.7,4.8,freelance
USER003,fiverr,2024-02-13,400.88,6.0,4.2,freelance
USER003,fiverr,2024-02-14,622.8,9.3,4.1,freelance
USER003,fiverr,2024-02-16,265.53,7.1,4.9,freelance
USER003,fiverr,2024-02-17,505.62,7.5,4.5,freelance
USER003,fiverr,2024-02-19,103.51,1.1,5.0,freelance
USER003,fiverr,2024-02-20,380.96,5.3,4.6,freelance
USER003,fiverr,2024-02-21,496.38,6.0,4.4,freelance
USER003,fiverr,2024-02-22,140.09,3.4,4.5,freelance
USER003,fiverr,2024-02-23,468.19,5.2,4.9,freelance
USER003,fiverr,2024-02-24,241.52,6.1,4.1,freelance
USER003,fiverr,2024-02-25,457.08,6.2,4.2,freelance
USER003,fiverr,2024-02-26,363.63,8.5,4.7,freelance
USER003,fiverr,2024-02-28,710.16,9.7,4.5,freelance
USER003,fiverr,2024-02-29,185.88,2.5,4.5,freelance
USER003,fiverr,2024-03-02,72.76,1.5,4.8,freelance
USER003,fiverr,2024-03-06,235.53,3.1,4.0,freelance
USER003,fiverr,2024-03-07,296.66,6.6,4.6,freelance
USER003,fiverr,2024-03-08,53.28,1.1,4.0,freelance
USER003,fiverr,2024-03-09,288.41,9.8,4.8,freelance
USER003,fiverr,2024-03-13,52.89,2.3,4.5,freelance
USER003,fiverr,2024-03-15,183.74,4.4,4.6,freelance
USER003,fiverr,2024-03-17,559.24,8.6,4.9,freelance
USER003,fiverr,2024-03-19,210.08,6.0,4.0,freelance
USER003,fiverr,2024-03-20,273.11,4.9,4.6,freelance
USER003,fiverr,2024-03-22,63.23,1.4,4.9,freelance
USER003,fiverr,2024-03-24,44.52,1.7,4.9,freelance
USER003,fiverr,2024-03-25,190.39,9.4,5.0,freelance
USER003,fiverr,2024-03-26,463.29,7.4,4.1,freelance
USER003,fiverr,2024-03-27,280.06,8.5,4.9,freelance
USER003,fiverr,2024-03-28,176.48,2.3,4.7,freelance
USER003,fiverr,2024-03-29,113.45,1.5,4.8,freelance
USER003,fiverr,2024-03-30,608.31,9.6,4.8,freelance
USER004,instacart,2024-01-02,63.99,4.9,4.2,delivery
USER004,instacart,2024-01-03,88.45,6.4,4.2,delivery
USER004,instacart,2024-01-04,57.64,3.7,4.2,delivery
USER004,instacart,2024-01-05,28.75,1.6,4.4,delivery
USER004,instacart,2024-01-07,52.17,4.0,4.5,delivery
USER004,instacart,2024-01-08,64.46,4.9,4.8,delivery
USER004,instacart,2024-01-10,107.7,6.5,4.6,delivery
USER004,instacart,2024-01-12,81.34,5.8,4.3,delivery
USER004,instacart,2024-01-13,26.02,2.2,4.3,delivery
USER004,instacart,2024-01-15,118.03,6.0,4.6,delivery
USER004,instacart,2024-01-16,13.13,1.0,4.8,delivery
USER004,instacart,2024-01-17,74.99,4.1,4.8,delivery
USER004,instacart,2024-01-19,81.1,5.2,4.5,delivery
USER004,instacart,2024-01-20,53.72,3.2,4.6,delivery
USER004,instacart,2024-01-23,87.59,6.5,4.9,delivery
USER004,instacart,2024-01-24,49.97,2.3,4.0,delivery
USER004,instacart,2024-01-27,103.74,6.8,4.8,delivery
USER004,instacart,2024-01-30,34.41,2.8,4.4,delivery
USER004,instacart,2024-01-31,83.52,5.2,4.5,delivery
USER004,instacart,2024-02-03,103.35,7.8,4.8,delivery
USER004,instacart,2024-02-04,30.67,1.8,4.7,delivery
USER004,instacart,2024-02-05,88.38,4.9,4.6,delivery
USER004,instacart,2024-02-07,26.86,1.7,4.2,delivery
USER004,instacart,2024-02-09,42.34,2.5,4.5,delivery
USER004,instacart,2024-02-12,80.35,4.4,4.9,delivery
USER004,instacart,2024-02-13,107.06,6.1,4.3,delivery
USER004,instacart,2024-02-15,27.1,1.7,4.5,delivery
USER004,instacart,2024-02-16,59.74,6.0,4.3,delivery
USER004,instacart,2024-02-17,151.47,7.5,4.5,delivery
USER004,instacart,2024-02-18,57.48,4.0,4.8,delivery
USER004,instacart,2024-02-20,71.23,3.8,4.9,delivery
USER004,instacart,2024-02-21,14.1,1.0,4.3,delivery
USER004,instacart,2024-02-24,82.83,4.8,4.2,delivery
USER004,instacart,2024-02-25,91.19,4.4,4.3,delivery
USER004,instacart,2024-02-26,25.63,1.8,4.5,delivery
USER004,instacart,2024-02-27,134.07,6.6,4.6,delivery
USER004,instacart,2024-02-29,24.01,1.8,4.1,delivery
USER004,instacart,2024-03-01,81.66,5.0,4.5,delivery
USER004,instacart,2024-03-02,126.43,7.5,4.2,delivery
USER004,instacart,2024-03-03,97.49,6.9,4.9,delivery
USER004,instacart,2024-03-05,51.24,3.7,4.7,delivery
USER004,instacart,2024-03-06,93.0,6.0,4.2,delivery
USER004,instacart,2024-03-07,37.99,2.5,4.2,delivery
USER004,instacart,2024-03-08,100.36,5.0,4.5,delivery
USER004,instacart,2024-03-09,48.5,2.9,5.0,delivery
USER004,instacart,2024-03-10,111.43,6.3,4.2,delivery
USER004,instacart,2024-03-11,89.67,5.6,4.9,delivery
USER004,instacart,2024-03-12,82.83,7.0,4.9,delivery
USER004,instacart,2024-03-13,50.01,2.5,4.7,delivery
USER004,instacart,2024-03-16,123.72,6.5,4.8,delivery
USER004,instacart,2024-03-17,73.02,5.2,5.0,delivery
USER004,instacart,2024-03-18,127.86,7.7,4.9,delivery
USER004,instacart,2024-03-20,57.55,3.9,4.3,delivery
USER004,instacart,2024-03-23,38.54,3.3,4.8,delivery
USER004,instacart,2024-03-24,74.94,5.4,4.4,delivery
USER004,instacart,2024-03-25,112.6,6.4,4.7,delivery
USER004,instacart,2024-03-28,92.6,5.1,4.8,delivery
USER004,instacart,2024-03-29,116.16,5.4,4.9,delivery
USER005,ubereats,2024-01-02,44.36,3.0,4.1,delivery
USER005,ubereats,2024-01-07,94.07,6.9,4.9,delivery
USER005,ubereats,2024-01-08,120.73,7.9,5.0,delivery
USER005,ubereats,2024-01-11,113.5,7.1,4.4,delivery
USER005,ubereats,2024-01-12,78.77,5.5,4.6,delivery
USER005,ubereats,2024-01-15,18.78,1.7,4.1,delivery
USER005,ubereats,2024-01-16,53.4,4.1,4.3,delivery
USER005,ubereats,2024-01-17,109.63,5.9,4.2,delivery
USER005,ubereats,2024-01-18,30.09,1.7,4.3,delivery
USER005,ubereats,2024-01-19,139.26,7.1,4.7,delivery
USER005,ubereats,2024-01-20,75.33,5.3,4.4,delivery
USER005,ubereats,2024-01-21,140.02,7.4,4.4,delivery
USER005,ubereats,2024-01-22,32.24,2.0,4.7,delivery
USER005,ubereats,2024-01-23,90.73,6.5,4.6,delivery
USER005,ubereats,2024-01-24,92.91,6.0,4.9,delivery
USER005,ubereats,2024-01-25,118.12,7.1,4.6,delivery
USER005,ubereats,2024-01-26,93.08,5.5,4.8,delivery
USER005,ubereats,2024-01-27,42.79,2.7,4.1,delivery
USER005,ubereats,2024-01-29,45.71,3.2,4.8,delivery
USER005,ubereats,2024-01-30,35.75,2.2,5.0,delivery
USER005,ubereats,2024-01-31,16.23,1.1,4.9,delivery
USER005,ubereats,2024-02-02,94.73,6.0,4.4,delivery
USER005,ubereats,2024-02-03,70.24,4.8,4.1,delivery
USER005,ubereats,2024-02-04,130.58,7.8,4.3,delivery
USER005,ubereats,2024-02-05,106.22,5.5,4.3,delivery
USER005,ubereats,2024-02-06,47.06,2.7,4.9,delivery
USER005,ubereats,2024-02-07,24.96,1.4,4.7,delivery
USER005,ubereats,2024-02-08,19.09,2.0,4.5,delivery
USER005,ubereats,2024-02-09,98.55,6.8,4.4,delivery
USER005,ubereats,2024-02-13,62.41,3.3,4.5,delivery
USER005,ubereats,2024-02-14,106.61,5.4,4.5,delivery
USER005,ubereats,2024-02-15,35.31,2.2,4.8,delivery
USER005,ubereats,2024-02-18,20.87,1.0,4.0,delivery
USER005,ubereats,2024-02-19,96.72,7.4,5.0,delivery
USER005,ubereats,2024-02-20,117.4,6.0,4.2,delivery
USER005,ubereats,2024-02-21,70.77,3.2,4.6,delivery
USER005,ubereats,2024-02-22,21.16,1.4,4.5,delivery
USER005,ubereats,2024-02-23,124.46,7.1,4.8,delivery
USER005,ubereats,2024-02-24,50.47,4.2,4.3,delivery
USER005,ubereats,2024-02-27,139.85,7.8,4.8,delivery
USER005,ubereats,2024-02-29,44.25,2.1,4.0,delivery
USER005,ubereats,2024-03-01,80.41,5.9,4.3,delivery
USER005,ubereats,2024-03-03,49.79,3.2,5.0,delivery
USER005,ubereats,2024-03-04,131.74,7.8,4.3,delivery
USER005,ubereats,2024-03-05,92.5,6.9,4.9,delivery
USER005,ubereats,2024-03-06,91.29,5.1,4.6,delivery
USER005,ubereats,2024-03-07,25.59,1.4,4.1,delivery
USER005,ubereats,2024-03-08,134.7,7.5,4.8,delivery
USER005,ubereats,2024-03-09,48.47,2.6,4.1,delivery
USER005,ubereats,2024-03-11,49.31,4.1,4.1,delivery
USER005,ubereats,2024-03-12,74.51,4.2,4.9,delivery
USER005,ubereats,2024-03-13,62.5,3.1,4.6,delivery
USER005,ubereats,2024-03-14,41.67,2.0,5.0,delivery
USER005,ubereats,2024-03-15,43.22,3.1,4.2,delivery
USER005,ubereats,2024-03-18,22.93,1.7,4.8,delivery
USER005,ubereats,2024-03-19,71.82,6.5,4.2,delivery
USER005,ubereats,2024-03-20,110.27,7.6,4.6,delivery
USER005,ubereats,2024-03-22,50.41,2.4,4.8,delivery
USER005,ubereats,2024-03-23,106.21,6.7,4.9,delivery
USER005,ubereats,2024-03-24,85.21,4.0,4.5,delivery
USER005,ubereats,2024-03-25,62.36,3.5,4.3,delivery
USER005,ubereats,2024-03-26,73.16,5.3,4.6,delivery
USER005,ubereats,2024-03-27,69.3,4.4,4.4,delivery
USER005,ubereats,2024-03-28,101.48,6.6,5.0,delivery
USER005,ubereats,2024-03-29,48.52,3.7,4.5,delivery
USER005,taskrabbit,2024-01-01,65.41,2.6,4.0,services
USER005,taskrabbit,2024-01-02,85.29,5.1,4.8,services
USER005,taskrabbit,2024-01-03,84.29,3.9,4.2,services
USER005,taskrabbit,2024-01-04,90.52,3.7,4.7,services
USER005,taskrabbit,2024-01-07,119.88,2.9,5.0,services
USER005,taskrabbit,2024-01-08,62.47,2.6,4.4,services
USER005,taskrabbit,2024-01-09,84.87,2.8,4.1,services
USER005,taskrabbit,2024-01-14,20.54,1.2,4.6,services
USER005,taskrabbit,2024-01-15,72.63,2.7,4.8,services
USER005,taskrabbit,2024-01-16,120.85,5.0,4.1,services
USER005,taskrabbit,2024-01-17,43.24,1.7,4.5,services
USER005,taskrabbit,2024-01-18,92.63,4.5,4.6,services
USER005,taskrabbit,2024-01-19,150.9,5.9,4.4,services
USER005,taskrabbit,2024-01-21,108.74,4.5,4.9,services
USER005,taskrabbit,2024-01-23,141.46,5.1,4.7,services
USER005,taskrabbit,2024-01-24,22.92,1.0,4.6,services
USER005,taskrabbit,2024-01-27,61.41,2.6,4.6,services
USER005,taskrabbit,2024-01-29,58.35,2.7,4.3,services
USER005,taskrabbit,2024-01-30,189.13,5.8,4.7,services
USER005,taskrabbit,2024-02-01,40.15,2.0,4.4,services
USER005,taskrabbit,2024-02-04,68.33,3.1,4.4,services
USER005,taskrabbit,2024-02-06,139.9,5.1,4.6,services
USER005,taskrabbit,2024-02-08,104.32,5.0,4.0,services
USER005,taskrabbit,2024-02-09,61.9,2.7,4.2,services
USER005,taskrabbit,2024-02-10,187.35,5.9,5.0,services
USER005,taskrabbit,2024-02-13,114.42,4.0,4.1,services
USER005,taskrabbit,2024-02-14,107.58,3.0,4.9,services
USER005,taskrabbit,2024-02-15,60.95,2.5,4.4,services
USER005,taskrabbit,2024-02-16,26.87,1.3,4.1,services
USER005,taskrabbit,2024-02-19,42.19,2.0,5.0,services
USER005,taskrabbit,2024-02-20,97.17,4.9,4.9,services
USER005,taskrabbit,2024-02-21,80.55,2.9,4.4,services
USER005,taskrabbit,2024-02-22,54.32,3.2,4.8,services
USER005,taskrabbit,2024-02-23,77.33,4.5,4.7,services
USER005,taskrabbit,2024-02-25,54.38,2.1,4.4,services
USER005,taskrabbit,2024-02-26,179.29,4.4,4.6,services
USER005,taskrabbit,2024-02-27,78.36,3.0,4.0,services
USER005,taskrabbit,2024-02-28,123.28,3.9,4.1,services
USER005,taskrabbit,2024-03-01,55.44,1.8,4.2,services
USER005,taskrabbit,2024-03-02,75.19,4.4,4.8,services
USER005,taskrabbit,2024-03-03,79.7,2.6,4.8,services
USER005,taskrabbit,2024-03-04,117.98,3.8,4.5,services
USER005,taskrabbit,2024-03-06,131.04,3.9,4.1,services
USER005,taskrabbit,2024-03-07,128.24,3.9,4.1,services
USER005,taskrabbit,2024-03-08,176.68,4.9,4.9,services
USER005,taskrabbit,2024-03-10,111.24,3.9,4.2,services
USER005,taskrabbit,2024-03-11,120.62,4.4,4.4,services
USER005,taskrabbit,2024-03-14,57.98,2.3,4.3,services
USER005,taskrabbit,2024-03-16,183.7,5.3,5.0,services
USER005,taskrabbit,2024-03-17,120.99,4.7,4.3,services
USER005,taskrabbit,2024-03-20,136.74,5.6,4.5,services
USER005,taskrabbit,2024-03-21,34.84,1.3,4.1,services
USER005,taskrabbit,2024-03-23,116.35,3.6,4.2,services
USER005,taskrabbit,2024-03-25,18.14,1.2,4.4,services
USER005,taskrabbit,2024-03-26,77.25,3.3,4.9,services
USER005,taskrabbit,2024-03-28,100.65,3.2,4.5,services
USER005,taskrabbit,2024-03-29,111.81,5.2,4.8,services
USER005,taskrabbit,2024-03-30,26.31,1.2,4.8,services
USER006,ubereats,2024-01-03,19.37,1.1,4.8,delivery
USER006,ubereats,2024-01-04,111.03,5.5,4.0,delivery
USER006,ubereats,2024-01-05,68.68,3.1,4.6,delivery
USER006,ubereats,2024-01-06,46.53,3.4,4.5,delivery
USER006,ubereats,2024-01-09,62.53,4.6,4.8,delivery
USER006,ubereats,2024-01-10,83.13,5.3,4.1,delivery
USER006,ubereats,2024-01-11,124.96,5.5,4.3,delivery
USER006,ubereats,2024-01-14,97.34,6.4,4.8,delivery
USER006,ubereats,2024-01-22,46.46,3.7,4.7,delivery
USER006,ubereats,2024-01-23,73.14,6.1,4.5,delivery
USER006,ubereats,2024-01-27,148.63,6.9,4.2,delivery
USER006,ubereats,2024-01-28,41.12,2.8,4.8,delivery
USER006,ubereats,2024-01-29,48.81,3.3,4.4,delivery
USER006,ubereats,2024-01-31,54.94,3.3,4.3,delivery
USER006,ubereats,2024-02-02,113.37,5.1,4.1,delivery
USER006,ubereats,2024-02-04,63.93,3.7,4.1,delivery
USER006,ubereats,2024-02-06,54.02,3.9,4.9,delivery
USER006,ubereats,2024-02-07,97.07,6.0,4.5,delivery
USER006,ubereats,2024-02-09,16.04,1.0,4.8,delivery
USER006,ubereats,2024-02-10,88.65,4.4,4.1,delivery
USER006,ubereats,2024-02-13,59.21,3.7,4.2,delivery
USER006,ubereats,2024-02-14,44.69,3.3,4.2,delivery
USER006,ubereats,2024-02-17,50.96,3.4,4.4,delivery
USER006,ubereats,2024-02-18,82.96,6.8,4.3,delivery
USER006,ubereats,2024-02-20,127.12,7.2,4.3,delivery
USER006,ubereats,2024-02-22,120.41,7.6,4.4,delivery
USER006,ubereats,2024-02-23,37.38,1.9,4.6,delivery
USER006,ubereats,2024-02-24,67.59,5.6,4.9,delivery
USER006,ubereats,2024-02-25,26.13,1.3,4.7,delivery
USER006,ubereats,2024-02-27,65.34,3.9,4.5,delivery
USER006,ubereats,2024-02-28,81.63,5.9,4.3,delivery
USER006,ubereats,2024-03-02,37.39,2.0,4.1,delivery
USER006,ubereats,2024-03-04,19.8,1.7,4.2,delivery
USER006,ubereats,2024-03-05,42.21,2.4,4.3,delivery
USER006,ubereats,2024-03-06,45.98,2.5,4.3,delivery
USER006,ubereats,2024-03-07,144.78,7.3,4.7,delivery
USER006,ubereats,2024-03-08,63.5,4.6,4.1,delivery
USER006,ubereats,2024-03-09,100.75,7.9,4.5,delivery
USER006,ubereats,2024-03-10,15.66,1.3,4.8,delivery
USER006,ubereats,2024-03-11,32.9,1.7,4.0,delivery
USER006,ubereats,2024-03-14,63.33,4.1,4.9,delivery
USER006,ubereats,2024-03-15,40.55,2.3,5.0,delivery
USER006,ubereats,2024-03-16,117.5,7.0,4.6,delivery
USER006,ubereats,2024-03-18,29.17,1.4,4.2,delivery
USER006,ubereats,2024-03-19,118.55,6.6,4.2,delivery
USER006,ubereats,2024-03-20,19.19,1.2,4.8,delivery
USER006,ubereats,2024-03-22,33.44,1.8,4.0,delivery
USER006,ubereats,2024-03-23,92.22,5.9,4.8,delivery
USER006,ubereats,2024-03-24,138.41,7.8,4.3,delivery
USER006,ubereats,2024-03-25,31.24,1.7,4.2,delivery
USER006,ubereats,2024-03-26,73.04,3.7,4.6,delivery
USER006,ubereats,2024-03-28,41.0,2.1,4.9,delivery
USER006,ubereats,2024-03-30,50.85,2.7,4.1,delivery
USER007,fiverr,2024-01-01,196.08,5.1,4.4,freelance
USER007,fiverr,2024-01-03,157.64,5.5,4.1,freelance
USER007,fiverr,2024-01-04,44.75,1.0,4.6,freelance
USER007,fiverr,2024-01-06,154.43,2.9,5.0,freelance
USER007,fiverr,2024-01-07,68.64,3.0,4.6,freelance
USER007,fiverr,2024-01-09,374.06,7.4,4.8,freelance
USER007,fiverr,2024-01-10,406.53,8.5,4.3,freelance
USER007,fiverr,2024-01-11,75.94,1.4,4.1,freelance
USER007,fiverr,2024-01-14,178.48,2.7,4.4,freelance
USER007,fiverr,2024-01-15,420.18,7.5,4.4,freelance
USER007,fiverr,2024-01-18,356.51,5.1,5.0,freelance
USER007,fiverr,2024-01-19,236.21,5.8,4.9,freelance
USER007,fiverr,2024-01-21,408.59,9.3,4.6,freelance
USER007,fiverr,2024-01-23,319.38,6.4,4.5,freelance
USER007,fiverr,2024-01-24,804.5,9.2,4.3,freelance
USER007,fiverr,2024-01-27,142.59,4.7,4.7,freelance
USER007,fiverr,2024-01-28,589.08,8.7,4.9,freelance
USER007,fiverr,2024-01-30,194.84,3.6,4.7,freelance
USER007,fiverr,2024-02-03,203.55,3.9,4.4,freelance
USER007,fiverr,2024-02-04,367.37,7.0,4.7,freelance
USER007,fiverr,2024-02-06,591.5,8.3,4.0,freelance
USER007,fiverr,2024-02-07,185.42,2.8,4.2,freelance
USER007,fiverr,2024-02-08,322.54,8.6,4.3,freelance
USER007,fiverr,2024-02-10,151.82,1.9,4.7,freelance
USER007,fiverr,2024-02-13,309.06,8.1,4.3,freelance
USER007,fiverr,2024-02-16,700.44,9.8,4.6,freelance
USER007,fiverr,2024-02-17,256.97,6.6,4.9,freelance
USER007,fiverr,2024-02-23,532.15,8.0,4.3,freelance
USER007,fiverr,2024-02-24,142.2,2.7,4.5,freelance
USER007,fiverr,2024-02-25,234.04,6.0,4.6,freelance
USER007,fiverr,2024-02-26,253.63,7.4,4.2,freelance
USER007,fiverr,2024-02-27,226.5,9.4,4.7,freelance
USER007,fiverr,2024-02-28,255.63,4.2,4.3,freelance
USER007,fiverr,2024-02-29,50.18,1.6,4.4,freelance
USER007,fiverr,2024-03-01,67.56,3.0,4.3,freelance
USER007,fiverr,2024-03-02,260.51,7.8,5.0,freelance
USER007,fiverr,2024-03-05,350.1,5.0,4.6,freelance
USER007,fiverr,2024-03-09,679.92,9.5,4.5,freelance
USER007,fiverr,2024-03-10,595.86,8.4,4.8,freelance
USER007,fiverr,2024-03-11,180.31,9.1,4.5,freelance
USER007,fiverr,2024-03-13,362.94,5.8,4.1,freelance
USER007,fiverr,2024-03-17,165.64,5.8,5.0,freelance
USER007,fiverr,2024-03-22,158.25,4.0,4.1,freelance
USER007,fiverr,2024-03-24,150.11,3.0,4.4,freelance
USER007,fiverr,2024-03-26,150.42,7.1,4.6,freelance
USER007,fiverr,2024-03-29,120.16,1.7,4.1,freelance
USER008,lyft,2024-01-02,161.42,8.6,4.5,rideshare
USER008,lyft,2024-01-03,192.07,10.0,5.0,rideshare
USER008,lyft,2024-01-04,271.21,11.1,4.7,rideshare
USER008,lyft,2024-01-05,188.64,7.5,4.1,rideshare
USER008,lyft,2024-01-06,182.19,7.4,4.3,rideshare
USER008,lyft,2024-01-09,162.61,8.5,4.2,rideshare
USER008,lyft,2024-01-10,80.33,3.9,4.8,rideshare
USER008,lyft,2024-01-15,83.16,4.9,4.1,rideshare
USER008,lyft,2024-01-17,63.83,3.3,4.1,rideshare
USER008,lyft,2024-01-20,146.86,8.2,4.6,rideshare
USER008,lyft,2024-01-21,93.51,5.2,4.0,rideshare
USER008,lyft,2024-01-22,157.66,9.4,4.8,rideshare
USER008,lyft,2024-01-23,237.11,10.8,4.4,rideshare
USER008,lyft,2024-01-24,80.38,3.8,4.8,rideshare
USER008,lyft,2024-01-26,109.03,4.6,4.1,rideshare
USER008,lyft,2024-01-27,87.26,7.1,4.6,rideshare
USER008,lyft,2024-01-28,235.99,11.1,4.5,rideshare
USER008,lyft,2024-01-30,114.49,5.7,4.8,rideshare
USER008,lyft,2024-02-01,133.81,7.1,4.5,rideshare
USER008,lyft,2024-02-06,113.45,6.5,4.9,rideshare
USER008,lyft,2024-02-10,77.47,4.2,4.1,rideshare
USER008,lyft,2024-02-11,72.99,4.1,4.4,rideshare
USER008,lyft,2024-02-12,57.43,2.5,4.3,rideshare
USER008,lyft,2024-02-14,218.26,10.3,4.5,rideshare
USER008,lyft,2024-02-15,129.21,5.7,4.8,rideshare
USER008,lyft,2024-02-16,209.12,11.1,4.4,rideshare
USER008,lyft,2024-02-18,159.52,8.0,4.1,rideshare
USER008,lyft,2024-02-19,117.67,8.4,4.2,rideshare
USER008,lyft,2024-02-20,62.97,3.2,4.8,rideshare
USER008,lyft,2024-02-22,70.26,4.1,4.8,rideshare
USER008,lyft,2024-02-23,103.18,7.7,4.6,rideshare
USER008,lyft,2024-02-24,47.9,2.6,4.2,rideshare
USER008,lyft,2024-02-26,49.08,2.2,4.7,rideshare
USER008,lyft,2024-02-27,123.24,6.5,4.9,rideshare
USER008,lyft,2024-02-28,208.62,8.0,4.8,rideshare
USER008,lyft,2024-02-29,109.32,4.6,4.3,rideshare
USER008,lyft,2024-03-01,85.74,4.3,4.1,rideshare
USER008,lyft,2024-03-02,160.87,7.0,4.1,rideshare
USER008,lyft,2024-03-03,131.3,8.1,4.8,rideshare
USER008,lyft,2024-03-04,94.04,6.8,4.6,rideshare
USER008,lyft,2024-03-09,46.08,2.4,4.2,rideshare
USER008,lyft,2024-03-12,217.24,9.4,4.7,rideshare
USER008,lyft,2024-03-13,98.8,6.8,4.9,rideshare
USER008,lyft,2024-03-14,126.67,6.1,4.7,rideshare
USER008,lyft,2024-03-16,35.59,2.1,4.7,rideshare
USER008,lyft,2024-03-17,70.08,3.5,4.3,rideshare
USER008,lyft,2024-03-19,95.13,4.8,4.8,rideshare
USER008,lyft,2024-03-20,147.77,6.8,4.6,rideshare
USER008,lyft,2024-03-21,106.43,5.4,4.7,rideshare
USER008,lyft,2024-03-25,70.48,3.6,4.4,rideshare
USER008,lyft,2024-03-26,199.16,9.0,4.2,rideshare
USER008,lyft,2024-03-28,64.3,3.5,4.4,rideshare
USER008,lyft,2024-03-29,39.3,2.8,4.4,rideshare
USER008,doordash,2024-01-02,108.04,5.2,4.8,delivery
USER008,doordash,2024-01-04,85.48,5.6,4.3,delivery
USER008,doordash,2024-01-05,69.13,4.6,4.2,delivery
USER008,doordash,2024-01-06,12.03,1.0,5.0,delivery
USER008,doordash,2024-01-08,77.91,5.1,4.7,delivery
USER008,doordash,2024-01-09,43.08,3.0,4.9,delivery
USER008,doordash,2024-01-10,60.31,2.9,4.2,delivery
USER008,doordash,2024-01-12,45.7,3.8,4.1,delivery
USER008,doordash,2024-01-13,153.28,6.6,4.9,delivery
USER008,doordash,2024-01-15,139.7,7.8,4.8,delivery
USER008,doordash,2024-01-18,64.97,5.1,4.1,delivery
USER008,doordash,2024-01-19,145.48,8.0,4.2,delivery
USER008,doordash,2024-01-20,72.88,4.6,4.8,delivery
USER008,doordash,2024-01-21,82.2,5.7,4.1,delivery
USER008,doordash,2024-01-23,97.71,7.3,4.9,delivery
USER008,doordash,2024-01-26,96.06,6.1,4.2,delivery
USER008,doordash,2024-01-27,64.34,5.3,4.1,delivery
USER008,doordash,2024-02-02,56.6,4.4,4.5,delivery
USER008,doordash,2024-02-06,134.37,7.4,4.2,delivery
USER008,doordash,2024-02-07,81.28,6.6,4.5,delivery
USER008,doordash,2024-02-08,76.5,5.8,5.0,delivery
USER008,doordash,2024-02-10,16.77,1.1,4.6,delivery
USER008,doordash,2024-02-11,48.55,2.8,4.2,delivery
USER008,doordash,2024-02-12,60.18,3.6,4.2,delivery
USER008,doordash,2024-02-14,48.57,3.0,4.1,delivery
USER008,doordash,2024-02-15,21.33,1.7,4.2,delivery
USER008,doordash,2024-02-16,35.99,2.0,4.1,delivery
USER008,doordash,2024-02-18,145.29,8.0,4.5,delivery
USER008,doordash,2024-02-21,78.74,5.0,4.7,delivery
USER008,doordash,2024-02-22,84.43,4.3,4.4,delivery
USER008,doordash,2024-02-23,85.94,4.9,4.3,delivery
USER008,doordash,2024-02-24,108.71,7.1,4.2,delivery
USER008,doordash,2024-02-25,42.48,2.2,4.4,delivery
USER008,doordash,2024-02-27,123.16,7.2,4.3,delivery
USER008,doordash,2024-02-29,82.99,6.7,4.6,delivery
USER008,doordash,2024-03-01,24.37,1.5,4.2,delivery
USER008,doordash,2024-03-02,43.54,2.9,4.3,delivery
USER008,doordash,2024-03-03,69.28,3.5,5.0,delivery
USER008,doordash,2024-03-04,17.08,1.2,4.7,delivery
USER008,doordash,2024-03-07,18.95,1.7,4.9,delivery
USER008,doordash,2024-03-08,51.04,3.8,4.1,delivery
USER008,doordash,2024-03-09,85.34,5.6,4.3,delivery
USER008,doordash,2024-03-10,65.53,5.4,4.8,delivery
USER008,doordash,2024-03-11,113.05,7.0,4.5,delivery
USER008,doordash,2024-03-13,69.29,4.1,4.7,delivery
USER008,doordash,2024-03-14,95.85,5.4,4.6,delivery
USER008,doordash,2024-03-15,50.9,3.2,4.5,delivery
USER008,doordash,2024-03-17,38.77,2.8,4.0,delivery
USER008,doordash,2024-03-20,19.49,1.1,4.9,delivery
USER008,doordash,2024-03-21,44.44,4.0,4.2,delivery
USER008,doordash,2024-03-22,59.6,3.9,4.4,delivery
USER008,doordash,2024-03-23,63.47,3.7,4.3,delivery
USER008,doordash,2024-03-24,102.89,6.4,4.8,delivery
USER008,doordash,2024-03-26,115.37,6.7,4.9,delivery
USER008,doordash,2024-03-27,81.82,5.5,4.3,delivery
USER008,doordash,2024-03-29,16.61,1.3,4.2,delivery
USER008,doordash,2024-03-30,92.73,6.0,4.2,delivery
USER009,uber,2024-01-01,105.52,5.1,5.0,rideshare
USER009,uber,2024-01-02,138.2,5.3,5.0,rideshare
USER009,uber,2024-01-03,61.02,2.7,4.2,rideshare
USER009,uber,2024-01-07,112.88,4.5,4.4,rideshare
USER009,uber,2024-01-09,192.01,9.7,5.0,rideshare
USER009,uber,2024-01-10,103.81,5.1,4.6,rideshare
USER009,uber,2024-01-11,158.38,7.2,4.6,rideshare
USER009,uber,2024-01-12,225.28,10.6,4.1,rideshare
USER009,uber,2024-01-14,67.31,4.8,4.8,rideshare
USER009,uber,2024-01-15,150.15,9.8,4.6,rideshare
USER009,uber,2024-01-16,47.56,3.6,4.6,rideshare
USER009,uber,2024-01-20,215.83,9.0,4.1,rideshare
USER009,uber,2024-01-21,270.52,9.9,4.8,rideshare
USER009,uber,2024-01-22,142.01,8.9,4.1,rideshare
USER009,uber,2024-01-24,103.41,4.9,4.2,rideshare
USER009,uber,2024-01-25,156.79,9.3,4.8,rideshare
USER009,uber,2024-01-27,51.15,3.6,4.3,rideshare
USER009,uber,2024-01-28,119.68,8.4,4.2,rideshare
USER009,uber,2024-01-29,206.0,9.8,4.7,rideshare
USER009,uber,2024-01-31,136.53,7.2,4.6,rideshare
USER009,uber,2024-02-02,67.08,3.1,4.1,rideshare
USER009,uber,2024-02-04,94.87,4.0,4.1,rideshare
USER009,uber,2024-02-05,202.51,8.6,4.7,rideshare
USER009,uber,2024-02-06,124.6,8.1,4.9,rideshare
USER009,uber,2024-02-07,180.55,10.9,4.8,rideshare
USER009,uber,2024-02-08,226.38,11.4,4.4,rideshare
USER009,uber,2024-02-11,38.39,2.7,4.9,rideshare
USER009,uber,2024-02-13,142.58,7.3,4.5,rideshare
USER009,uber,2024-02-14,88.55,3.8,4.4,rideshare
USER009,uber,2024-02-15,117.36,5.6,4.7,rideshare
USER009,uber,2024-02-17,94.52,6.0,4.2,rideshare
USER009,uber,2024-02-19,114.18,5.2,4.3,rideshare
USER009,uber,2024-02-20,155.68,6.3,4.6,rideshare
USER009,uber,2024-02-21,193.73,9.7,4.3,rideshare
USER009,uber,2024-02-23,209.68,9.3,4.6,rideshare
USER009,uber,2024-02-24,115.14,5.0,4.2,rideshare
USER009,uber,2024-02-26,188.07,8.9,4.6,rideshare
USER009,uber,2024-02-27,70.14,3.5,4.4,rideshare
USER009,uber,2024-02-28,130.44,7.8,4.8,rideshare
USER009,uber,2024-02-29,232.28,11.2,4.7,rideshare
USER009,uber,2024-03-02,213.2,8.9,4.9,rideshare
USER009,uber,2024-03-03,172.69,9.3,4.1,rideshare
USER009,uber,2024-03-04,140.21,5.5,4.4,rideshare
USER009,uber,2024-03-07,138.96,8.0,4.8,rideshare
USER009,uber,2024-03-08,44.22,2.4,4.1,rideshare
USER009,uber,2024-03-09,47.1,2.5,4.4,rideshare
USER009,uber,2024-03-10,131.24,7.0,4.3,rideshare
USER009,uber,2024-03-11,47.43,2.8,4.0,rideshare
USER009,uber,2024-03-12,123.43,7.0,4.1,rideshare
USER009,uber,2024-03-13,150.28,6.9,4.2,rideshare
USER009,uber,2024-03-16,142.67,9.8,4.9,rideshare
USER009,uber,2024-03-17,127.2,6.2,4.3,rideshare
USER009,uber,2024-03-18,91.95,5.0,4.6,rideshare
USER009,uber,2024-03-20,45.43,2.4,4.2,rideshare
USER009,uber,2024-03-21,200.83,10.5,4.1,rideshare
USER009,uber,2024-03-26,66.92,3.1,4.0,rideshare
USER009,uber,2024-03-27,83.06,4.0,4.3,rideshare
USER009,uber,2024-03-28,82.17,3.4,4.0,rideshare
USER009,uber,2024-03-29,45.73,2.4,4.3,rideshare
USER010,instacart,2024-01-02,49.97,2.9,4.7,delivery
USER010,instacart,2024-01-04,93.74,5.5,4.4,delivery
USER010,instacart,2024-01-06,103.94,7.1,4.2,delivery
USER010,instacart,2024-01-07,94.8,7.5,4.2,delivery
USER010,instacart,2024-01-08,47.51,3.8,4.3,delivery
USER010,instacart,2024-01-09,53.74,2.7,4.5,delivery
USER010,instacart,2024-01-15,41.9,3.0,4.9,delivery
USER010,instacart,2024-01-17,121.54,7.7,4.6,delivery
USER010,instacart,2024-01-18,34.23,2.1,4.9,delivery
USER010,instacart,2024-01-19,34.2,2.4,4.5,delivery
USER010,instacart,2024-01-22,70.31,4.7,5.0,delivery
USER010,instacart,2024-01-24,133.88,7.4,4.6,delivery
USER010,instacart,2024-01-26,113.53,7.2,4.8,delivery
USER010,instacart,2024-01-28,73.58,4.1,4.9,delivery
USER010,instacart,2024-01-30,27.84,1.7,4.8,delivery
USER010,instacart,2024-02-01,38.63,2.6,4.7,delivery
USER010,instacart,2024-02-02,75.98,4.3,4.6,delivery
USER010,instacart,2024-02-04,71.44,4.4,4.2,delivery
USER010,instacart,2024-02-05,18.18,1.1,4.4,delivery
USER010,instacart,2024-02-09,175.91,7.9,4.5,delivery
USER010,instacart,2024-02-10,41.09,2.7,4.0,delivery
USER010,instacart,2024-02-12,84.01,5.3,4.6,delivery
USER010,instacart,2024-02-13,124.72,6.5,4.5,delivery
USER010,instacart,2024-02-15,88.6,4.6,4.7,delivery
USER010,instacart,2024-02-16,71.59,5.4,4.3,delivery
USER010,instacart,2024-02-17,96.56,6.8,4.4,delivery
USER010,instacart,2024-02-19,36.45,2.0,4.5,delivery
USER010,instacart,2024-02-21,148.73,7.6,4.1,delivery
USER010,instacart,2024-02-22,36.42,2.3,4.7,delivery
USER010,instacart,2024-02-23,46.31,2.8,4.9,delivery
USER010,instacart,2024-02-26,50.6,4.1,4.5,delivery
USER010,instacart,2024-02-27,99.08,4.6,4.4,delivery
USER010,instacart,2024-02-28,137.53,7.4,4.7,delivery
USER010,instacart,2024-02-29,46.3,2.3,4.4,delivery
USER010,instacart,2024-03-01,78.63,4.1,4.1,delivery
USER010,instacart,2024-03-02,65.78,5.4,4.5,delivery
USER010,instacart,2024-03-04,77.41,7.2,4.6,delivery
USER010,instacart,2024-03-05,24.73,1.6,4.2,delivery
USER010,instacart,2024-03-06,93.96,4.9,4.0,delivery
USER010,instacart,2024-03-07,24.72,1.3,4.7,delivery
USER010,instacart,2024-03-09,25.14,1.3,4.2,delivery
USER010,instacart,2024-03-13,40.29,2.2,4.6,delivery
USER010,instacart,2024-03-15,49.04,3.6,4.1,delivery
USER010,instacart,2024-03-16,42.72,3.0,4.7,delivery
USER010,instacart,2024-03-17,81.71,4.7,4.6,delivery
USER010,instacart,2024-03-18,115.16,5.4,4.5,delivery
USER010,instacart,2024-03-22,54.8,3.2,5.0,delivery
USER010,instacart,2024-03-23,64.89,4.9,4.6,delivery
USER010,instacart,2024-03-24,76.67,5.3,5.0,delivery
USER010,instacart,2024-03-25,55.55,5.4,4.8,delivery
USER010,instacart,2024-03-28,76.19,4.9,4.0,delivery
USER010,instacart,2024-03-29,85.93,6.5,4.5,delivery
USER010,instacart,2024-03-30,65.46,5.8,4.7,delivery
USER010,uber,2024-01-02,83.13,5.3,4.7,rideshare
USER010,uber,2024-01-06,235.74,10.9,4.3,rideshare
USER010,uber,2024-01-08,213.5,10.4,4.7,rideshare
USER010,uber,2024-01-09,89.28,4.1,4.8,rideshare
USER010,uber,2024-01-11,96.4,4.8,5.0,rideshare
USER010,uber,2024-01-14,172.17,8.0,4.8,rideshare
USER010,uber,2024-01-16,93.91,6.1,4.2,rideshare
USER010,uber,2024-01-17,93.92,4.2,4.1,rideshare
USER010,uber,2024-01-21,104.1,6.8,4.2,rideshare
USER010,uber,2024-01-24,89.74,3.4,4.8,rideshare
USER010,uber,2024-01-27,159.22,6.6,4.5,rideshare
USER010,uber,2024-01-28,223.9,8.9,4.1,rideshare
USER010,uber,2024-01-29,118.5,7.2,4.3,rideshare
USER010,uber,2024-01-30,183.73,10.9,4.2,rideshare
USER010,uber,2024-01-31,98.79,6.4,4.1,rideshare
USER010,uber,2024-02-01,125.4,8.2,4.2,rideshare
USER010,uber,2024-02-02,67.19,3.4,4.3,rideshare
USER010,uber,2024-02-03,119.54,8.1,4.4,rideshare
USER010,uber,2024-02-04,145.34,8.8,4.1,rideshare
USER010,uber,2024-02-05,138.63,8.0,4.8,rideshare
USER010,uber,2024-02-08,226.02,9.1,4.5,rideshare
USER010,uber,2024-02-11,193.02,10.1,4.5,rideshare
USER010,uber,2024-02-12,196.08,9.1,4.2,rideshare
USER010,uber,2024-02-13,224.74,8.2,4.4,rideshare
USER010,uber,2024-02-18,97.2,6.8,4.5,rideshare
USER010,uber,2024-02-19,155.25,8.0,4.1,rideshare
USER010,uber,2024-02-22,216.11,9.9,4.4,rideshare
USER010,uber,2024-02-23,188.7,7.5,4.4,rideshare
USER010,uber,2024-02-24,203.84,7.9,4.4,rideshare
USER010,uber,2024-02-26,124.48,8.6,4.9,rideshare
USER010,uber,2024-02-27,155.04,7.9,4.6,rideshare
USER010,uber,2024-02-29,55.85,2.7,4.8,rideshare
USER010,uber,2024-03-02,143.45,8.6,4.8,rideshare
USER010,uber,2024-03-06,58.23,3.5,4.4,rideshare
USER010,uber,2024-03-07,138.51,8.8,4.6,rideshare
USER010,uber,2024-03-09,185.02,6.3,4.3,rideshare
USER010,uber,2024-03-10,172.07,11.9,4.1,rideshare
USER010,uber,2024-03-11,114.96,7.5,4.7,rideshare
USER010,uber,2024-03-13,224.98,10.7,4.7,rideshare
USER010,uber,2024-03-14,100.94,5.8,4.5,rideshare
USER010,uber,2024-03-16,115.45,5.8,4.8,rideshare
USER010,uber,2024-03-17,185.51,8.7,4.1,rideshare
USER010,uber,2024-03-18,148.68,6.9,5.0,rideshare
USER010,uber,2024-03-19,129.61,6.2,4.8,rideshare
USER010,uber,2024-03-21,121.65,7.1,4.5,rideshare
USER010,uber,2024-03-22,139.86,8.0,4.8,rideshare
USER010,uber,2024-03-23,124.53,6.1,4.4,rideshare
USER010,uber,2024-03-25,68.54,3.1,4.7,rideshare
USER010,uber,2024-03-26,315.18,11.8,4.8,rideshare
USER010,uber,2024-03-27,143.7,10.9,4.5,rideshare
USER010,uber,2024-03-30,196.99,10.0,4.1,rideshare
USER010,ubereats,2024-01-01,78.45,4.3,4.5,delivery
USER010,ubereats,2024-01-03,118.74,6.6,4.0,delivery
USER010,ubereats,2024-01-07,46.73,4.3,4.1,delivery
USER010,ubereats,2024-01-11,65.54,4.5,4.3,delivery
USER010,ubereats,2024-01-12,80.41,7.0,4.1,delivery
USER010,ubereats,2024-01-13,33.7,2.1,4.8,delivery
USER010,ubereats,2024-01-14,86.63,4.4,4.9,delivery
USER010,ubereats,2024-01-15,29.98,2.0,4.2,delivery
USER010,ubereats,2024-01-16,114.16,6.4,4.4,delivery
USER010,ubereats,2024-01-18,64.53,3.4,4.8,delivery
USER010,ubereats,2024-01-19,46.56,3.8,4.7,delivery
USER010,ubereats,2024-01-21,88.41,5.9,4.1,delivery
USER010,ubereats,2024-01-23,86.17,4.1,5.0,delivery
USER010,ubereats,2024-01-25,124.92,5.5,4.4,delivery
USER010,ubereats,2024-01-28,25.34,1.7,4.4,delivery
USER010,ubereats,2024-02-01,49.05,3.4,4.2,delivery
USER010,ubereats,2024-02-02,95.43,6.8,4.1,delivery
USER010,ubereats,2024-02-03,36.06,2.5,4.2,delivery
USER010,ubereats,2024-02-04,102.44,7.6,4.8,delivery
USER010,ubereats,2024-02-08,38.25,1.9,4.9,delivery
USER010,ubereats,2024-02-09,154.76,7.3,4.3,delivery
USER010,ubereats,2024-02-10,124.67,5.5,4.3,delivery
USER010,ubereats,2024-02-11,114.17,6.4,4.2,delivery
USER010,ubereats,2024-02-12,62.54,3.7,4.1,delivery
USER010,ubereats,2024-02-14,80.78,4.4,4.6,delivery
USER010,ubereats,2024-02-15,35.42,2.0,4.2,delivery
USER010,ubereats,2024-02-19,56.63,5.0,4.4,delivery
USER010,ubereats,2024-02-21,137.43,7.5,4.3,delivery
USER010,ubereats,2024-02-24,121.75,7.6,4.4,delivery
USER010,ubereats,2024-02-28,104.1,7.7,4.5,delivery
USER010,ubereats,2024-02-29,73.4,3.5,4.4,delivery
USER010,ubereats,2024-03-03,104.66,7.7,4.5,delivery
USER010,ubereats,2024-03-06,39.82,3.7,4.7,delivery
USER010,ubereats,2024-03-09,75.32,5.4,4.1,delivery
USER010,ubereats,2024-03-10,91.07,5.2,4.1,delivery
USER010,ubereats,2024-03-11,77.67,4.7,4.4,delivery
USER010,ubereats,2024-03-13,66.26,6.5,4.1,delivery
USER010,ubereats,2024-03-16,106.64,7.1,4.6,delivery
USER010,ubereats,2024-03-18,72.4,5.6,4.9,delivery
USER010,ubereats,2024-03-19,29.28,1.9,4.0,delivery
USER010,ubereats,2024-03-20,66.81,4.2,4.6,delivery
USER010,ubereats,2024-03-22,93.58,6.6,4.8,delivery
USER010,ubereats,2024-03-23,156.02,7.9,4.3,delivery
USER010,ubereats,2024-03-25,100.32,6.9,4.8,delivery
USER010,ubereats,2024-03-26,23.21,1.8,4.4,delivery
USER010,ubereats,2024-03-28,94.69,7.5,4.1,delivery
USER011,uber,2024-01-02,183.77,11.3,4.6,rideshare
USER011,uber,2024-01-03,215.56,9.9,4.1,rideshare
USER011,uber,2024-01-04,103.17,6.5,4.2,rideshare
USER011,uber,2024-01-06,150.38,8.1,4.8,rideshare
USER011,uber,2024-01-07,127.47,7.6,5.0,rideshare
USER011,uber,2024-01-12,143.38,8.3,4.1,rideshare
USER011,uber,2024-01-13,200.48,10.4,4.5,rideshare
USER011,uber,2024-01-14,58.2,2.5,4.2,rideshare
USER011,uber,2024-01-15,226.43,10.9,4.1,rideshare
USER011,uber,2024-01-16,59.21,3.6,4.5,rideshare
USER011,uber,2024-01-17,115.47,6.4,4.4,rideshare
USER011,uber,2024-01-20,61.64,4.3,4.4,rideshare
USER011,uber,2024-01-21,67.64,2.7,4.1,rideshare
USER011,uber,2024-01-22,121.02,8.1,4.4,rideshare
USER011,uber,2024-01-23,85.92,5.6,4.3,rideshare
USER011,uber,2024-01-24,83.96,4.8,4.5,rideshare
USER011,uber,2024-01-25,87.13,4.2,4.2,rideshare
USER011,uber,2024-01-29,85.09,4.3,4.5,rideshare
USER011,uber,2024-01-31,105.4,6.6,4.4,rideshare
USER011,uber,2024-02-02,95.67,4.2,4.9,rideshare
USER011,uber,2024-02-05,201.14,11.9,4.5,rideshare
USER011,uber,2024-02-06,206.32,10.1,4.1,rideshare
USER011,uber,2024-02-07,162.54,9.5,4.4,rideshare
USER011,uber,2024-02-08,97.88,4.4,4.0,rideshare
USER011,uber,2024-02-10,155.99,7.7,5.0,rideshare
USER011,uber,2024-02-11,129.34,9.0,4.9,rideshare
USER011,uber,2024-02-14,133.92,5.8,4.5,rideshare
USER011,uber,2024-02-15,211.43,9.0,4.6,rideshare
USER011,uber,2024-02-16,167.46,8.2,4.9,rideshare
USER011,uber,2024-02-17,111.54,5.6,4.4,rideshare
USER011,uber,2024-02-18,92.45,5.7,4.7,rideshare
USER011,uber,2024-02-19,71.86,3.4,4.5,rideshare
USER011,uber,2024-02-27,163.51,7.0,4.1,rideshare
USER011,uber,2024-02-28,155.01,7.0,4.5,rideshare
USER011,uber,2024-02-29,250.75,11.0,4.4,rideshare
USER011,uber,2024-03-05,65.5,2.9,4.2,rideshare
USER011,uber,2024-03-07,44.63,3.1,4.2,rideshare
USER011,uber,2024-03-08,52.78,2.2,4.7,rideshare
USER011,uber,2024-03-10,145.59,9.4,4.2,rideshare
USER011,uber,2024-03-11,240.11,10.3,4.3,rideshare
USER011,uber,2024-03-12,211.56,9.9,4.7,rideshare
USER011,uber,2024-03-13,138.42,6.6,4.9,rideshare
USER011,uber,2024-03-14,92.7,4.3,4.3,rideshare
USER011,uber,2024-03-16,216.1,11.6,4.2,rideshare
USER011,uber,2024-03-17,68.4,3.8,4.9,rideshare
USER011,uber,2024-03-19,198.78,11.9,4.4,rideshare
USER011,uber,2024-03-20,164.92,9.1,5.0,rideshare
USER011,uber,2024-03-21,232.11,11.8,4.1,rideshare
USER011,uber,2024-03-22,277.63,9.7,4.9,rideshare
USER011,uber,2024-03-23,184.86,7.5,4.6,rideshare
USER011,uber,2024-03-24,308.72,11.7,5.0,rideshare
USER011,uber,2024-03-29,89.33,6.8,4.7,rideshare
USER011,uber,2024-03-30,110.71,8.2,4.4,rideshare
USER012,uber,2024-01-02,178.2,11.4,4.0,rideshare
USER012,uber,2024-01-03,141.57,8.7,4.5,rideshare
USER012,uber,2024-01-04,172.3,8.1,4.9,rideshare
USER012,uber,2024-01-05,164.61,10.5,4.4,rideshare
USER012,uber,2024-01-06,250.64,11.8,4.1,rideshare
USER012,uber,2024-01-08,229.03,10.0,4.8,rideshare
USER012,uber,2024-01-10,84.21,3.4,4.1,rideshare
USER012,uber,2024-01-11,251.83,10.7,4.1,rideshare
USER012,uber,2024-01-14,205.52,11.1,4.6,rideshare
USER012,uber,2024-01-17,100.2,5.8,4.0,rideshare
USER012,uber,2024-01-20,110.77,6.6,4.0,rideshare
USER012,uber,2024-01-21,251.22,10.3,4.7,rideshare
USER012,uber,2024-01-23,158.79,8.9,4.1,rideshare
USER012,uber,2024-01-24,73.07,2.7,4.6,rideshare
USER012,uber,2024-01-25,194.22,8.3,4.7,rideshare
USER012,uber,2024-01-26,177.57,7.8,4.2,rideshare
USER012,uber,2024-01-27,167.61,10.8,4.2,rideshare
USER012,uber,2024-01-28,201.17,11.1,4.3,rideshare
USER012,uber,2024-01-29,192.46,7.1,4.2,rideshare
USER012,uber,2024-01-30,192.49,7.4,4.8,rideshare
USER012,uber,2024-02-01,162.76,8.9,4.6,rideshare
USER012,uber,2024-02-03,114.95,5.7,4.3,rideshare
USER012,uber,2024-02-05,60.99,4.2,4.9,rideshare
USER012,uber,2024-02-08,168.28,7.5,4.1,rideshare
USER012,uber,2024-02-09,187.81,10.2,4.5,rideshare
USER012,uber,2024-02-10,218.96,10.2,4.6,rideshare
USER012,uber,2024-02-12,56.91,2.3,4.2,rideshare
USER012,uber,2024-02-14,47.86,3.3,4.1,rideshare
USER012,uber,2024-02-17,177.91,9.6,4.1,rideshare
USER012,uber,2024-02-19,44.82,3.2,4.1,rideshare
USER012,uber,2024-02-24,86.91,3.8,4.1,rideshare
USER012,uber,2024-02-28,126.98,7.0,4.2,rideshare
USER012,uber,2024-02-29,100.24,7.8,4.2,rideshare
USER012,uber,2024-03-01,199.22,11.0,5.0,rideshare
USER012,uber,2024-03-02,130.73,7.0,4.4,rideshare
USER012,uber,2024-03-03,195.9,11.6,4.4,rideshare
USER012,uber,2024-03-04,61.94,4.3,5.0,rideshare
USER012,uber,2024-03-05,59.77,3.4,4.7,rideshare
USER012,uber,2024-03-06,68.86,5.3,4.3,rideshare
USER012,uber,2024-03-08,162.89,6.4,4.3,rideshare
USER012,uber,2024-03-10,161.82,10.4,4.7,rideshare
USER012,uber,2024-03-11,145.53,6.9,4.4,rideshare
USER012,uber,2024-03-13,102.28,6.0,4.1,rideshare
USER012,uber,2024-03-16,138.39,5.4,5.0,rideshare
USER012,uber,2024-03-17,197.16,9.3,4.7,rideshare
USER012,uber,2024-03-18,185.53,9.9,4.4,rideshare
USER012,uber,2024-03-19,126.34,6.0,4.3,rideshare
USER012,uber,2024-03-21,128.34,7.0,4.1,rideshare
USER012,uber,2024-03-22,44.62,2.7,5.0,rideshare
USER012,uber,2024-03-23,80.62,3.5,4.1,rideshare
USER012,uber,2024-03-24,243.37,9.7,4.2,rideshare
USER012,uber,2024-03-26,109.54,5.4,4.5,rideshare
USER012,uber,2024-03-28,205.21,11.1,4.3,rideshare
USER012,uber,2024-03-29,46.67,2.3,4.9,rideshare
USER012,uber,2024-03-30,130.24,6.9,4.7,rideshare
USER012,instacart,2024-01-01,78.43,5.7,4.7,delivery
USER012,instacart,2024-01-02,110.64,7.0,4.4,delivery
USER012,instacart,2024-01-03,98.94,5.3,5.0,delivery
USER012,instacart,2024-01-04,18.25,1.3,4.3,delivery
USER012,instacart,2024-01-06,54.39,3.4,4.3,delivery
USER012,instacart,2024-01-07,74.95,5.6,4.6,delivery
USER012,instacart,2024-01-08,25.93,1.5,4.3,delivery
USER012,instacart,2024-01-09,70.72,4.2,4.6,delivery
USER012,instacart,2024-01-11,107.34,5.1,4.4,delivery
USER012,instacart,2024-01-12,92.74,6.7,4.7,delivery
USER012,instacart,2024-01-13,95.28,6.4,4.6,delivery
USER012,instacart,2024-01-14,79.0,4.5,4.8,delivery
USER012,instacart,2024-01-16,22.84,1.3,4.4,delivery
USER012,instacart,2024-01-17,33.55,1.6,4.1,delivery
USER012,instacart,2024-01-18,82.04,6.6,4.2,delivery
USER012,instacart,2024-01-21,75.48,4.0,4.2,delivery
USER012,instacart,2024-01-22,78.41,4.2,4.2,delivery
USER012,instacart,2024-01-23,127.89,7.0,4.2,delivery
USER012,instacart,2024-01-26,96.42,4.7,4.8,delivery
USER012,instacart,2024-01-27,89.84,5.4,4.4,delivery
USER012,instacart,2024-01-28,70.43,5.8,4.4,delivery
USER012,instacart,2024-01-29,23.84,1.5,4.4,delivery
USER012,instacart,2024-02-01,54.59,3.8,4.2,delivery
USER012,instacart,2024-02-02,81.0,4.2,4.4,delivery
USER012,instacart,2024-02-04,23.44,2.0,4.8,delivery
USER012,instacart,2024-02-06,144.96,7.7,4.0,delivery
USER012,instacart,2024-02-08,137.92,7.1,4.4,delivery
USER012,instacart,2024-02-09,33.16,1.6,4.7,delivery
USER012,instacart,2024-02-10,92.91,6.1,4.5,delivery
USER012,instacart,2024-02-14,43.18,2.7,4.8,delivery
USER012,instacart,2024-02-15,68.37,3.7,4.2,delivery
USER012,instacart,2024-02-16,34.79,2.2,4.4,delivery
USER012,instacart,2024-02-17,70.38,4.4,4.9,delivery
USER012,instacart,2024-02-18,105.43,5.8,4.9,delivery
USER012,instacart,2024-02-20,96.72,6.7,5.0,delivery
USER012,instacart,2024-02-27,61.5,3.2,4.4,delivery
USER012,instacart,2024-02-29,126.7,7.0,4.9,delivery
USER012,instacart,2024-03-01,46.22,2.8,4.8,delivery
USER012,instacart,2024-03-02,115.41,7.2,4.6,delivery
USER012,instacart,2024-03-05,97.9,7.1,4.9,delivery
USER012,instacart,2024-03-06,114.58,6.9,4.9,delivery
USER012,instacart,2024-03-10,86.94,5.2,4.7,delivery
USER012,instacart,2024-03-11,17.62,1.4,4.6,delivery
USER012,instacart,2024-03-13,75.96,5.4,4.1,delivery
USER012,instacart,2024-03-14,142.24,7.8,4.8,delivery
USER012,instacart,2024-03-18,87.96,6.1,4.7,delivery
USER012,instacart,2024-03-21,40.06,2.3,4.9,delivery
USER012,instacart,2024-03-23,154.74,7.5,4.6,delivery
USER012,instacart,2024-03-26,36.89,2.2,4.4,delivery
USER012,instacart,2024-03-27,53.58,3.6,4.1,delivery
USER012,instacart,2024-03-29,86.46,4.2,4.1,delivery
USER013,instacart,2024-01-01,34.84,1.9,4.6,delivery
USER013,instacart,2024-01-03,65.92,3.9,4.1,delivery
USER013,instacart,2024-01-04,87.26,5.3,4.4,delivery
USER013,instacart,2024-01-06,21.7,1.9,4.7,delivery
USER013,instacart,2024-01-11,16.81,1.4,4.2,delivery
USER013,instacart,2024-01-16,21.38,1.3,4.6,delivery
USER013,instacart,2024-01-17,64.72,3.6,4.6,delivery
USER013,instacart,2024-01-18,74.71,4.5,4.9,delivery
USER013,instacart,2024-01-19,58.7,4.7,4.1,delivery
USER013,instacart,2024-01-20,104.87,7.1,4.7,delivery
USER013,instacart,2024-01-22,111.13,5.3,4.3,delivery
USER013,instacart,2024-01-23,73.57,3.2,4.8,delivery
USER013,instacart,2024-01-24,118.03,5.6,4.1,delivery
USER013,instacart,2024-01-25,15.65,1.3,4.7,delivery
USER013,instacart,2024-01-26,122.06,7.5,4.4,delivery
USER013,instacart,2024-01-28,126.54,6.9,4.1,delivery
USER013,instacart,2024-01-29,37.21,2.3,4.5,delivery
USER013,instacart,2024-01-30,100.8,5.1,5.0,delivery
USER013,instacart,2024-01-31,53.88,3.9,4.8,delivery
USER013,instacart,2024-02-03,96.33,5.8,4.6,delivery
USER013,instacart,2024-02-06,91.7,6.8,4.5,delivery
USER013,instacart,2024-02-08,99.68,7.8,5.0,delivery
USER013,instacart,2024-02-09,129.67,6.1,4.6,delivery
USER013,instacart,2024-02-10,63.39,5.5,4.1,delivery
USER013,instacart,2024-02-11,69.07,3.7,4.2,delivery
USER013,instacart,2024-02-14,44.79,2.1,4.3,delivery
USER013,instacart,2024-02-17,71.99,4.0,4.3,delivery
USER013,instacart,2024-02-19,118.82,6.8,4.5,delivery
USER013,instacart,2024-02-21,72.09,4.0,4.8,delivery
USER013,instacart,2024-02-23,18.52,1.3,4.5,delivery
USER013,instacart,2024-02-24,36.41,2.1,4.6,delivery
USER013,instacart,2024-02-25,67.66,4.1,4.5,delivery
USER013,instacart,2024-02-26,108.35,7.3,4.5,delivery
USER013,instacart,2024-02-27,15.56,1.5,4.1,delivery
USER013,instacart,2024-02-28,73.73,5.6,4.3,delivery
USER013,instacart,2024-02-29,48.41,4.5,4.7,delivery
USER013,instacart,2024-03-01,42.06,3.8,4.9,delivery
USER013,instacart,2024-03-02,74.64,4.2,4.6,delivery
USER013,instacart,2024-03-03,122.57,7.1,4.2,delivery
USER013,instacart,2024-03-07,14.34,1.0,4.2,delivery
USER013,instacart,2024-03-08,147.31,7.1,4.6,delivery
USER013,instacart,2024-03-09,125.11,7.8,4.7,delivery
USER013,instacart,2024-03-11,21.79,1.9,4.1,delivery
USER013,instacart,2024-03-12,122.49,7.0,4.6,delivery
USER013,instacart,2024-03-14,97.34,6.5,4.3,delivery
USER013,instacart,2024-03-15,15.77,1.2,4.2,delivery
USER013,instacart,2024-03-18,84.72,5.1,4.6,delivery
USER013,instacart,2024-03-20,70.86,5.4,5.0,delivery
USER013,instacart,2024-03-23,49.64,3.0,4.5,delivery
USER013,instacart,2024-03-24,109.45,5.8,4.5,delivery
USER013,instacart,2024-03-26,40.75,3.2,4.9,delivery
USER013,instacart,2024-03-27,82.84,4.5,4.3,delivery
USER013,instacart,2024-03-29,31.45,2.3,4.2,delivery
USER013,instacart,2024-03-30,67.68,3.4,4.8,delivery
USER014,taskrabbit,2024-01-02,151.88,5.7,4.4,services
USER014,taskrabbit,2024-01-03,55.15,1.8,4.7,services
USER014,taskrabbit,2024-01-04,42.19,1.9,4.5,services
USER014,taskrabbit,2024-01-07,99.83,3.8,4.4,services
USER014,taskrabbit,2024-01-08,63.23,1.9,4.5,services
USER014,taskrabbit,2024-01-10,43.59,2.1,4.5,services
USER014,taskrabbit,2024-01-15,201.23,5.3,4.6,services
USER014,taskrabbit,2024-01-16,121.0,5.7,5.0,services
USER014,taskrabbit,2024-01-22,84.49,3.5,4.1,services
USER014,taskrabbit,2024-01-23,121.42,4.6,4.8,services
USER014,taskrabbit,2024-01-24,54.93,1.8,4.8,services
USER014,taskrabbit,2024-01-25,138.84,5.8,4.0,services
USER014,taskrabbit,2024-01-27,38.49,1.9,4.7,services
USER014,taskrabbit,2024-01-28,70.4,2.2,4.5,services
USER014,taskrabbit,2024-01-30,163.88,5.6,5.0,services
USER014,taskrabbit,2024-01-31,165.37,5.7,4.8,services
USER014,taskrabbit,2024-02-02,49.6,2.7,4.8,services
USER014,taskrabbit,2024-02-03,34.21,1.2,4.2,services
USER014,taskrabbit,2024-02-04,228.71,5.9,4.9,services
USER014,taskrabbit,2024-02-06,171.14,4.5,4.7,services
USER014,taskrabbit,2024-02-07,142.08,5.1,4.6,services
USER014,taskrabbit,2024-02-08,121.19,4.2,4.6,services
USER014,taskrabbit,2024-02-10,127.94,5.1,4.8,services
USER014,taskrabbit,2024-02-12,87.06,2.9,4.9,services
USER014,taskrabbit,2024-02-13,56.52,2.1,4.3,services
USER014,taskrabbit,2024-02-14,37.2,1.1,4.5,services
USER014,taskrabbit,2024-02-15,78.5,2.5,4.5,services
USER014,taskrabbit,2024-02-18,47.54,1.6,4.9,services
USER014,taskrabbit,2024-02-19,26.62,1.0,4.2,services
USER014,taskrabbit,2024-02-21,182.83,5.7,4.8,services
USER014,taskrabbit,2024-02-22,112.68,4.3,4.6,services
USER014,taskrabbit,2024-02-23,96.4,4.7,4.5,services
USER014,taskrabbit,2024-02-24,87.74,3.3,4.4,services
USER014,taskrabbit,2024-02-25,52.09,3.1,4.2,services
USER014,taskrabbit,2024-02-26,91.02,3.0,4.8,services
USER014,taskrabbit,2024-02-28,185.45,6.0,4.9,services
USER014,taskrabbit,2024-03-01,72.84,3.5,4.5,services
USER014,taskrabbit,2024-03-03,118.58,4.5,4.0,services
USER014,taskrabbit,2024-03-04,130.73,5.6,4.9,services
USER014,taskrabbit,2024-03-05,59.99,2.4,4.1,services
USER014,taskrabbit,2024-03-06,48.82,2.5,4.1,services
USER014,taskrabbit,2024-03-08,78.27,2.5,4.2,services
USER014,taskrabbit,2024-03-10,29.88,1.3,4.5,services
USER014,taskrabbit,2024-03-11,65.69,2.7,4.8,services
USER014,taskrabbit,2024-03-13,94.04,4.2,4.7,services
USER014,taskrabbit,2024-03-14,46.13,1.4,4.6,services
USER014,taskrabbit,2024-03-15,73.45,2.7,4.7,services
USER014,taskrabbit,2024-03-16,28.39,1.4,4.0,services
USER014,taskrabbit,2024-03-19,101.95,4.2,5.0,services
USER014,taskrabbit,2024-03-20,180.24,5.8,4.8,services
USER014,taskrabbit,2024-03-21,79.61,4.3,5.0,services
USER014,taskrabbit,2024-03-22,125.69,5.1,4.6,services
USER014,taskrabbit,2024-03-23,72.95,2.6,4.5,services
USER014,taskrabbit,2024-03-25,23.87,1.1,4.4,services
USER014,taskrabbit,2024-03-26,117.5,3.7,4.2,services
USER014,taskrabbit,2024-03-28,123.69,4.4,5.0,services
USER014,taskrabbit,2024-03-29,62.98,2.5,4.1,services
USER014,lyft,2024-01-01,220.33,11.0,4.2,rideshare
USER014,lyft,2024-01-02,123.27,7.1,4.9,rideshare
USER014,lyft,2024-01-03,113.14,7.5,4.0,rideshare
USER014,lyft,2024-01-06,135.75,7.9,4.8,rideshare
USER014,lyft,2024-01-08,152.11,6.5,4.5,rideshare
USER014,lyft,2024-01-10,67.47,3.7,5.0,rideshare
USER014,lyft,2024-01-12,184.93,10.1,4.6,rideshare
USER014,lyft,2024-01-14,159.15,11.2,4.3,rideshare
USER014,lyft,2024-01-18,97.4,4.8,4.5,rideshare
USER014,lyft,2024-01-19,161.71,9.0,4.7,rideshare
USER014,lyft,2024-01-22,231.75,10.0,4.9,rideshare
USER014,lyft,2024-01-26,99.74,5.2,5.0,rideshare
USER014,lyft,2024-01-27,94.17,3.3,4.6,rideshare
USER014,lyft,2024-01-28,57.65,3.7,4.7,rideshare
USER014,lyft,2024-01-29,61.23,2.8,4.7,rideshare
USER014,lyft,2024-01-30,237.77,10.2,4.1,rideshare
USER014,lyft,2024-02-01,140.02,5.9,4.8,rideshare
USER014,lyft,2024-02-03,59.08,3.9,4.7,rideshare
USER014,lyft,2024-02-07,214.73,8.3,4.2,rideshare
USER014,lyft,2024-02-10,187.8,9.0,4.0,rideshare
USER014,lyft,2024-02-13,108.07,7.0,4.2,rideshare
USER014,lyft,2024-02-17,168.1,9.5,4.9,rideshare
USER014,lyft,2024-02-21,62.22,2.2,4.7,rideshare
USER014,lyft,2024-02-25,178.35,8.7,4.9,rideshare
USER014,lyft,2024-02-26,120.74,6.1,4.5,rideshare
USER014,lyft,2024-02-27,53.46,2.4,4.0,rideshare
USER014,lyft,2024-02-29,100.39,5.9,4.9,rideshare
USER014,lyft,2024-03-03,295.78,11.6,4.2,rideshare
USER014,lyft,2024-03-04,104.62,8.3,4.4,rideshare
USER014,lyft,2024-03-05,296.26,11.4,4.2,rideshare
USER014,lyft,2024-03-06,286.54,10.3,4.5,rideshare
USER014,lyft,2024-03-07,122.73,8.0,4.1,rideshare
USER014,lyft,2024-03-08,222.65,11.7,4.4,rideshare
USER014,lyft,2024-03-12,61.26,2.5,4.4,rideshare
USER014,lyft,2024-03-13,44.73,2.5,4.4,rideshare
USER014,lyft,2024-03-15,245.08,9.9,4.5,rideshare
USER014,lyft,2024-03-16,132.92,8.2,4.7,rideshare
USER014,lyft,2024-03-18,134.0,7.9,4.0,rideshare
USER014,lyft,2024-03-20,219.83,11.0,4.5,rideshare
USER014,lyft,2024-03-21,142.21,8.2,4.1,rideshare
USER014,lyft,2024-03-22,128.37,7.8,4.7,rideshare
USER014,lyft,2024-03-23,132.54,7.4,4.5,rideshare
USER014,lyft,2024-03-25,188.47,7.2,4.1,rideshare
USER014,lyft,2024-03-26,144.75,7.6,4.3,rideshare
USER014,lyft,2024-03-29,60.47,3.9,4.7,rideshare
USER014,lyft,2024-03-30,236.74,10.5,4.3,rideshare
USER014,doordash,2024-01-01,29.18,1.7,4.9,delivery
USER014,doordash,2024-01-02,114.11,5.5,4.5,delivery
USER014,doordash,2024-01-03,113.79,6.4,4.8,delivery
USER014,doordash,2024-01-04,82.77,6.8,4.0,delivery
USER014,doordash,2024-01-05,32.04,2.0,4.6,delivery
USER014,doordash,2024-01-07,43.31,2.4,4.2,delivery
USER014,doordash,2024-01-08,83.42,6.9,4.2,delivery
USER014,doordash,2024-01-09,27.27,1.7,4.1,delivery
USER014,doordash,2024-01-12,54.38,4.2,4.4,delivery
USER014,doordash,2024-01-13,112.18,6.6,4.4,delivery
USER014,doordash,2024-01-15,31.98,1.9,4.5,delivery
USER014,doordash,2024-01-17,98.35,5.5,4.8,delivery
USER014,doordash,2024-01-18,49.52,3.1,4.2,delivery
USER014,doordash,2024-01-20,61.3,4.6,4.5,delivery
USER014,doordash,2024-01-25,119.3,7.2,4.4,delivery
USER014,doordash,2024-01-26,81.24,6.0,4.5,delivery
USER014,doordash,2024-01-28,101.6,5.5,4.6,delivery
USER014,doordash,2024-01-29,71.31,4.2,4.2,delivery
USER014,doordash,2024-01-30,35.86,2.1,4.3,delivery
USER014,doordash,2024-01-31,55.63,3.1,4.2,delivery
USER014,doordash,2024-02-01,52.95,3.4,4.4,delivery
USER014,doordash,2024-02-02,37.68,2.9,4.4,delivery
USER014,doordash,2024-02-03,84.59,7.3,4.5,delivery
USER014,doordash,2024-02-04,33.02,2.9,4.1,delivery
USER014,doordash,2024-02-05,58.43,3.3,4.3,delivery
USER014,doordash,2024-02-09,37.77,2.0,4.7,delivery
USER014,doordash,2024-02-10,82.18,6.4,4.3,delivery
USER014,doordash,2024-02-15,161.23,7.9,4.9,delivery
USER014,doordash,2024-02-16,39.24,2.5,4.6,delivery
USER014,doordash,2024-02-17,98.81,6.7,4.1,delivery
USER014,doordash,2024-02-19,74.77,3.9,4.9,delivery
USER014,doordash,2024-02-20,86.05,7.1,4.7,delivery
USER014,doordash,2024-02-21,53.54,3.5,4.4,delivery
USER014,doordash,2024-02-25,67.49,5.0,4.1,delivery
USER014,doordash,2024-02-28,140.06,7.4,4.4,delivery
USER014,doordash,2024-02-29,27.04,1.4,4.5,delivery
USER014,doordash,2024-03-01,99.37,5.5,4.2,delivery
USER014,doordash,2024-03-03,78.82,5.2,4.2,delivery
USER014,doordash,2024-03-05,41.86,3.0,4.5,delivery
USER014,doordash,2024-03-06,46.25,3.3,4.4,delivery
USER014,doordash,2024-03-08,90.96,6.2,4.9,delivery
USER014,doordash,2024-03-09,67.72,3.2,4.7,delivery
USER014,doordash,2024-03-10,46.4,3.2,4.7,delivery
USER014,doordash,2024-03-11,105.71,7.9,4.8,delivery
USER014,doordash,2024-03-13,72.67,5.0,4.5,delivery
USER014,doordash,2024-03-14,82.1,5.5,4.3,delivery
USER014,doordash,2024-03-17,124.77,6.9,4.2,delivery
USER014,doordash,2024-03-19,91.36,5.6,4.1,delivery
USER014,doordash,2024-03-21,46.33,2.1,4.5,delivery
USER014,doordash,2024-03-23,151.61,7.3,4.4,delivery
USER014,doordash,2024-03-25,94.17,6.3,4.8,delivery
USER014,doordash,2024-03-26,26.7,2.5,4.0,delivery
USER014,doordash,2024-03-29,49.14,3.8,4.0,delivery
USER014,doordash,2024-03-30,36.91,2.0,4.5,delivery
USER015,lyft,2024-01-01,171.53,11.5,4.8,rideshare
USER015,lyft,2024-01-03,41.86,3.0,4.5,rideshare
USER015,lyft,2024-01-04,162.8,9.6,4.2,rideshare
USER015,lyft,2024-01-05,43.06,2.3,4.2,rideshare
USER015,lyft,2024-01-12,36.6,2.5,4.8,rideshare
USER015,lyft,2024-01-15,49.07,2.9,5.0,rideshare
USER015,lyft,2024-01-16,130.6,8.7,4.9,rideshare
USER015,lyft,2024-01-19,86.53,6.2,4.3,rideshare
USER015,lyft,2024-01-20,69.93,4.1,4.9,rideshare
USER015,lyft,2024-01-21,82.93,5.6,4.4,rideshare
USER015,lyft,2024-01-22,102.85,6.6,4.8,rideshare
USER015,lyft,2024-01-24,60.39,4.2,4.6,rideshare
USER015,lyft,2024-01-26,276.4,11.9,4.2,rideshare
USER015,lyft,2024-01-28,238.24,9.0,5.0,rideshare
USER015,lyft,2024-01-30,214.61,10.8,4.9,rideshare
USER015,lyft,2024-01-31,153.42,8.1,4.4,rideshare
USER015,lyft,2024-02-02,221.54,11.9,4.6,rideshare
USER015,lyft,2024-02-04,224.49,9.6,4.1,rideshare
USER015,lyft,2024-02-05,55.71,3.5,4.0,rideshare
USER015,lyft,2024-02-07,213.99,9.4,4.3,rideshare
USER015,lyft,2024-02-10,192.33,8.5,4.0,rideshare
USER015,lyft,2024-02-12,149.76,7.4,4.7,rideshare
USER015,lyft,2024-02-13,209.82,9.2,4.4,rideshare
USER015,lyft,2024-02-14,45.94,2.1,4.1,rideshare
USER015,lyft,2024-02-15,64.27,3.4,4.1,rideshare
USER015,lyft,2024-02-16,236.02,11.3,4.1,rideshare
USER015,lyft,2024-02-18,86.05,4.4,4.2,rideshare
USER015,lyft,2024-02-19,147.94,8.4,4.8,rideshare
USER015,lyft,2024-02-20,128.26,6.0,4.4,rideshare
USER015,lyft,2024-02-21,242.06,9.6,4.8,rideshare
USER015,lyft,2024-02-22,218.84,10.5,4.9,rideshare
USER015,lyft,2024-02-23,138.29,9.3,4.5,rideshare
USER015,lyft,2024-02-24,125.26,8.1,4.1,rideshare
USER015,lyft,2024-02-25,51.91,3.9,4.5,rideshare
USER015,lyft,2024-02-27,328.65,11.4,4.4,rideshare
USER015,lyft,2024-02-28,162.62,7.9,4.0,rideshare
USER015,lyft,2024-03-01,79.36,3.9,4.3,rideshare
USER015,lyft,2024-03-04,190.57,8.9,4.7,rideshare
USER015,lyft,2024-03-07,163.61,10.1,4.7,rideshare
USER015,lyft,2024-03-10,155.36,8.8,4.6,rideshare
USER015,lyft,2024-03-13,223.74,8.4,4.4,rideshare
USER015,lyft,2024-03-14,151.05,7.2,4.4,rideshare
USER015,lyft,2024-03-16,223.78,11.7,4.4,rideshare
USER015,lyft,2024-03-17,224.5,10.8,4.1,rideshare
USER015,lyft,2024-03-20,182.66,9.5,4.4,rideshare
USER015,lyft,2024-03-21,202.38,10.2,4.1,rideshare
USER015,lyft,2024-03-23,174.54,9.3,4.4,rideshare
USER015,lyft,2024-03-25,189.36,11.5,4.8,rideshare
USER015,lyft,2024-03-26,65.85,3.8,4.3,rideshare
USER015,lyft,2024-03-28,201.18,8.2,4.2,rideshare
USER015,lyft,2024-03-29,83.87,4.8,4.6,rideshare
USER015,lyft,2024-03-30,53.88,3.0,4.8,rideshare
USER015,uber,2024-01-01,207.43,11.9,4.5,rideshare
USER015,uber,2024-01-02,275.7,11.9,4.9,rideshare
USER015,uber,2024-01-03,109.66,6.3,4.9,rideshare
USER015,uber,2024-01-08,80.71,5.6,4.1,rideshare
USER015,uber,2024-01-09,234.96,9.3,4.1,rideshare
USER015,uber,2024-01-12,211.49,10.2,4.6,rideshare
USER015,uber,2024-01-14,88.65,3.9,5.0,rideshare
USER015,uber,2024-01-16,51.34,2.5,4.3,rideshare
USER015,uber,2024-01-17,132.14,6.0,4.1,rideshare
USER015,uber,2024-01-18,328.51,11.3,4.9,rideshare
USER015,uber,2024-01-21,58.64,3.4,4.6,rideshare
USER015,uber,2024-01-23,149.37,10.0,4.7,rideshare
USER015,uber,2024-01-24,85.53,3.7,4.1,rideshare
USER015,uber,2024-01-26,173.59,9.5,4.1,rideshare
USER015,uber,2024-01-27,93.52,3.6,4.9,rideshare
USER015,uber,2024-01-29,137.77,6.8,4.1,rideshare
USER015,uber,2024-01-30,157.43,9.3,4.7,rideshare
USER015,uber,2024-02-05,197.73,9.4,4.6,rideshare
USER015,uber,2024-02-06,211.33,10.1,4.1,rideshare
USER015,uber,2024-02-07,175.61,9.4,4.7,rideshare
USER015,uber,2024-02-08,232.47,10.5,4.6,rideshare
USER015,uber,2024-02-09,130.85,7.4,5.0,rideshare
USER015,uber,2024-02-10,183.45,8.8,4.5,rideshare
USER015,uber,2024-02-12,137.72,7.4,4.1,rideshare
USER015,uber,2024-02-15,134.55,8.0,4.7,rideshare
USER015,uber,2024-02-18,182.89,11.9,5.0,rideshare
USER015,uber,2024-02-20,175.07,7.0,4.4,rideshare
USER015,uber,2024-02-22,104.48,4.1,4.8,rideshare
USER015,uber,2024-02-24,89.21,3.8,4.4,rideshare
USER015,uber,2024-02-29,192.94,8.8,4.8,rideshare
USER015,uber,2024-03-01,105.65,4.8,4.2,rideshare
USER015,uber,2024-03-03,160.3,9.5,4.8,rideshare
USER015,uber,2024-03-06,60.56,3.4,4.3,rideshare
USER015,uber,2024-03-07,178.28,9.5,4.0,rideshare
USER015,uber,2024-03-09,222.4,11.9,5.0,rideshare
USER015,uber,2024-03-10,221.06,11.3,5.0,rideshare
USER015,uber,2024-03-11,194.24,11.8,4.6,rideshare
USER015,uber,2024-03-14,67.32,4.4,4.7,rideshare
USER015,uber,2024-03-17,231.99,10.0,4.8,rideshare
USER015,uber,2024-03-20,103.59,5.7,4.1,rideshare
USER015,uber,2024-03-21,124.56,7.1,4.6,rideshare
USER015,uber,2024-03-22,187.42,9.5,4.2,rideshare
USER015,uber,2024-03-23,139.78,6.3,4.1,rideshare
USER015,uber,2024-03-24,209.52,10.0,4.8,rideshare
USER015,uber,2024-03-25,170.32,7.4,4.5,rideshare
USER015,uber,2024-03-26,212.59,9.1,4.1,rideshare
USER015,uber,2024-03-30,81.5,3.8,4.8,rideshare
USER016,uber,2024-01-01,63.17,3.6,4.9,rideshare
USER016,uber,2024-01-02,165.56,7.1,4.5,rideshare
USER016,uber,2024-01-03,45.02,2.0,4.9,rideshare
USER016,uber,2024-01-04,191.81,8.6,4.6,rideshare
USER016,uber,2024-01-06,139.36,5.5,4.2,rideshare
USER016,uber,2024-01-07,88.75,4.4,4.3,rideshare
USER016,uber,2024-01-11,64.06,3.3,4.1,rideshare
USER016,uber,2024-01-12,199.38,11.0,4.1,rideshare
USER016,uber,2024-01-13,174.7,8.9,4.1,rideshare
USER016,uber,2024-01-17,181.08,8.6,4.6,rideshare
USER016,uber,2024-01-18,191.94,11.9,4.0,rideshare
USER016,uber,2024-01-20,51.34,3.1,4.1,rideshare
USER016,uber,2024-01-22,99.57,4.7,4.2,rideshare
USER016,uber,2024-01-23,208.75,11.7,4.1,rideshare
USER016,uber,2024-01-25,127.38,5.1,4.5,rideshare
USER016,uber,2024-01-26,239.27,10.7,4.6,rideshare
USER016,uber,2024-01-28,135.3,5.9,4.7,rideshare
USER016,uber,2024-01-30,217.82,10.5,4.1,rideshare
USER016,uber,2024-01-31,60.88,3.6,4.4,rideshare
USER016,uber,2024-02-02,283.07,11.7,4.2,rideshare
USER016,uber,2024-02-05,248.47,10.0,4.3,rideshare
USER016,uber,2024-02-06,297.21,10.8,4.3,rideshare
USER016,uber,2024-02-09,43.75,2.9,4.7,rideshare
USER016,uber,2024-02-11,150.11,9.4,4.5,rideshare
USER016,uber,2024-02-14,185.45,9.3,4.5,rideshare
USER016,uber,2024-02-18,258.22,11.1,4.7,rideshare
USER016,uber,2024-02-21,291.01,11.5,4.9,rideshare
USER016,uber,2024-02-22,201.94,8.1,4.7,rideshare
USER016,uber,2024-02-24,53.9,2.8,4.5,rideshare
USER016,uber,2024-02-26,91.06,5.7,4.9,rideshare
USER016,uber,2024-02-27,166.94,9.7,4.3,rideshare
USER016,uber,2024-02-28,165.11,9.4,4.2,rideshare
USER016,uber,2024-02-29,231.83,8.4,4.0,rideshare
USER016,uber,2024-03-01,137.35,6.9,4.6,rideshare
USER016,uber,2024-03-02,43.97,2.1,4.2,rideshare
USER016,uber,2024-03-03,92.41,6.9,4.5,rideshare
USER016,uber,2024-03-04,96.25,6.9,4.7,rideshare
USER016,uber,2024-03-05,91.92,5.0,4.2,rideshare
USER016,uber,2024-03-07,174.23,10.4,4.4,rideshare
USER016,uber,2024-03-08,175.03,10.7,4.2,rideshare
USER016,uber,2024-03-09,207.52,9.4,4.2,rideshare
USER016,uber,2024-03-10,155.21,8.7,4.4,rideshare
USER016,uber,2024-03-11,195.55,9.1,4.8,rideshare
USER016,uber,2024-03-13,241.55,10.4,4.1,rideshare
USER016,uber,2024-03-14,54.08,3.6,4.8,rideshare
USER016,uber,2024-03-15,140.6,5.4,4.7,rideshare
USER016,uber,2024-03-16,135.55,6.9,4.2,rideshare
USER016,uber,2024-03-17,100.04,4.5,4.9,rideshare
USER016,uber,2024-03-19,100.09,4.0,4.8,rideshare
USER016,uber,2024-03-21,207.8,11.9,4.6,rideshare
USER016,uber,2024-03-22,46.54,2.4,4.9,rideshare
USER016,uber,2024-03-23,50.52,2.9,4.4,rideshare
USER016,uber,2024-03-24,86.01,4.3,4.5,rideshare
USER016,uber,2024-03-25,98.13,5.0,4.3,rideshare
USER016,uber,2024-03-26,81.66,5.2,4.0,rideshare
USER016,uber,2024-03-27,91.45,4.1,4.9,rideshare
USER016,uber,2024-03-28,182.92,11.5,4.3,rideshare
USER016,uber,2024-03-29,130.27,7.5,4.3,rideshare
USER017,upwork,2024-01-02,329.57,9.0,4.7,freelance
USER017,upwork,2024-01-03,539.7,9.2,4.2,freelance
USER017,upwork,2024-01-06,235.17,4.1,5.0,freelance
USER017,upwork,2024-01-07,77.31,1.4,4.6,freelance
USER017,upwork,2024-01-08,733.04,8.7,5.0,freelance
USER017,upwork,2024-01-10,479.56,9.2,4.4,freelance
USER017,upwork,2024-01-12,146.96,6.4,4.1,freelance
USER017,upwork,2024-01-13,473.93,8.1,4.7,freelance
USER017,upwork,2024-01-14,641.25,8.8,4.2,freelance
USER017,upwork,2024-01-16,279.5,4.6,4.2,freelance
USER017,upwork,2024-01-17,276.89,7.3,4.8,freelance
USER017,upwork,2024-01-18,329.53,5.7,4.2,freelance
USER017,upwork,2024-01-20,38.22,1.4,4.0,freelance
USER017,upwork,2024-01-21,619.7,9.3,4.8,freelance
USER017,upwork,2024-01-23,322.89,5.8,4.3,freelance
USER017,upwork,2024-01-25,187.31,7.3,4.7,freelance
USER017,upwork,2024-01-26,182.95,3.9,4.8,freelance
USER017,upwork,2024-01-28,239.92,2.6,4.5,freelance
USER017,upwork,2024-02-01,305.01,4.4,4.9,freelance
USER017,upwork,2024-02-03,186.99,3.0,4.6,freelance
USER017,upwork,2024-02-06,242.09,7.5,4.9,freelance
USER017,upwork,2024-02-07,94.27,2.7,4.2,freelance
USER017,upwork,2024-02-08,352.0,6.8,4.2,freelance
USER017,upwork,2024-02-09,233.8,6.5,4.1,freelance
USER017,upwork,2024-02-10,609.58,9.7,4.5,freelance
USER017,upwork,2024-02-14,198.16,8.4,4.6,freelance
USER017,upwork,2024-02-15,52.42,1.8,4.6,freelance
USER017,upwork,2024-02-16,631.96,9.6,4.7,freelance
USER017,upwork,2024-02-17,174.78,2.8,4.6,freelance
USER017,upwork,2024-02-18,102.32,4.0,4.1,freelance
USER017,upwork,2024-02-21,122.92,1.9,4.5,freelance
USER017,upwork,2024-02-23,88.22,1.2,4.1,freelance
USER017,upwork,2024-02-25,374.5,4.5,4.8,freelance
USER017,upwork,2024-02-26,50.51,2.0,5.0,freelance
USER017,upwork,2024-02-27,137.51,2.1,4.9,freelance
USER017,upwork,2024-03-01,355.32,6.4,4.2,freelance
USER017,upwork,2024-03-03,240.33,4.1,4.9,freelance
USER017,upwork,2024-03-08,162.6,9.4,4.7,freelance
USER017,upwork,2024-03-09,362.6,7.5,4.5,freelance
USER017,upwork,2024-03-10,480.14,9.6,4.1,freelance
USER017,upwork,2024-03-12,161.88,3.9,4.7,freelance
USER017,upwork,2024-03-13,303.21,4.0,4.7,freelance
USER017,upwork,2024-03-14,250.32,5.5,4.5,freelance
USER017,upwork,2024-03-16,271.33,4.8,4.7,freelance
USER017,upwork,2024-03-19,161.87,9.9,4.6,freelance
USER017,upwork,2024-03-22,405.76,8.6,4.8,freelance
USER017,upwork,2024-03-23,295.59,8.7,4.9,freelance
USER017,upwork,2024-03-24,89.53,1.5,5.0,freelance
USER017,upwork,2024-03-26,198.27,9.7,4.7,freelance
USER017,upwork,2024-03-28,503.95,8.8,4.4,freelance
USER017,upwork,2024-03-29,169.68,6.1,4.1,freelance
USER017,upwork,2024-03-30,539.34,7.7,4.3,freelance
USER017,lyft,2024-01-01,194.4,9.8,4.3,rideshare
USER017,lyft,2024-01-02,60.82,2.3,4.5,rideshare
USER017,lyft,2024-01-03,236.12,8.8,4.6,rideshare
USER017,lyft,2024-01-06,118.87,6.2,5.0,rideshare
USER017,lyft,2024-01-07,71.28,3.3,4.6,rideshare
USER017,lyft,2024-01-08,163.05,9.5,4.8,rideshare
USER017,lyft,2024-01-10,172.63,8.4,4.2,rideshare
USER017,lyft,2024-01-13,46.53,2.8,4.8,rideshare
USER017,lyft,2024-01-14,109.18,7.4,4.6,rideshare
USER017,lyft,2024-01-16,139.84,8.4,4.3,rideshare
USER017,lyft,2024-01-18,167.22,9.9,4.3,rideshare
USER017,lyft,2024-01-20,85.92,4.8,4.2,rideshare
USER017,lyft,2024-01-25,150.9,9.4,4.8,rideshare
USER017,lyft,2024-01-26,125.69,5.8,4.9,rideshare
USER017,lyft,2024-01-27,126.39,6.6,4.1,rideshare
USER017,lyft,2024-02-02,192.62,7.2,4.7,rideshare
USER017,lyft,2024-02-04,116.3,5.4,4.9,rideshare
USER017,lyft,2024-02-05,222.43,9.7,4.2,rideshare
USER017,lyft,2024-02-07,136.65,8.3,4.8,rideshare
USER017,lyft,2024-02-08,210.33,7.5,4.8,rideshare
USER017,lyft,2024-02-09,96.11,5.1,4.2,rideshare
USER017,lyft,2024-02-10,46.98,2.9,4.8,rideshare
USER017,lyft,2024-02-11,103.54,4.6,4.7,rideshare
USER017,lyft,2024-02-12,101.85,7.7,4.9,rideshare
USER017,lyft,2024-02-13,224.23,11.2,4.4,rideshare
USER017,lyft,2024-02-16,139.44,7.1,4.9,rideshare
USER017,lyft,2024-02-21,55.09,2.1,4.3,rideshare
USER017,lyft,2024-02-22,49.53,2.7,4.5,rideshare
USER017,lyft,2024-02-23,192.13,8.4,4.5,rideshare
USER017,lyft,2024-02-24,291.54,11.2,4.8,rideshare
USER017,lyft,2024-02-25,113.38,5.2,4.5,rideshare
USER017,lyft,2024-02-27,36.54,2.4,4.5,rideshare
USER017,lyft,2024-02-29,116.8,8.0,4.9,rideshare
USER017,lyft,2024-03-01,106.79,6.7,4.9,rideshare
USER017,lyft,2024-03-04,50.13,2.8,4.4,rideshare
USER017,lyft,2024-03-05,239.34,10.7,4.7,rideshare
USER017,lyft,2024-03-06,79.1,2.9,4.3,rideshare
USER017,lyft,2024-03-08,113.37,6.2,4.7,rideshare
USER017,lyft,2024-03-09,131.25,5.5,4.4,rideshare
USER017,lyft,2024-03-10,151.26,8.0,4.7,rideshare
USER017,lyft,2024-03-12,310.7,11.4,4.7,rideshare
USER017,lyft,2024-03-13,93.38,6.6,4.9,rideshare
USER017,lyft,2024-03-14,151.02,6.1,4.0,rideshare
USER017,lyft,2024-03-15,74.43,3.3,5.0,rideshare
USER017,lyft,2024-03-16,196.16,11.8,4.5,rideshare
USER017,lyft,2024-03-17,121.53,5.5,5.0,rideshare
USER017,lyft,2024-03-18,123.81,10.1,4.9,rideshare
USER017,lyft,2024-03-19,225.62,9.0,4.5,rideshare
USER017,lyft,2024-03-20,138.8,7.4,4.8,rideshare
USER017,lyft,2024-03-21,91.7,6.3,4.6,rideshare
USER017,lyft,2024-03-22,211.47,10.5,4.4,rideshare
USER017,lyft,2024-03-23,272.64,11.3,5.0,rideshare
USER017,lyft,2024-03-25,169.24,8.2,4.5,rideshare
USER017,lyft,2024-03-28,123.49,7.8,4.3,rideshare
USER017,lyft,2024-03-29,107.42,6.5,4.2,rideshare
USER017,lyft,2024-03-30,221.08,11.7,4.4,rideshare
USER018,fiverr,2024-01-02,230.56,6.9,4.9,freelance
USER018,fiverr,2024-01-05,78.18,1.3,4.8,freelance
USER018,fiverr,2024-01-07,215.91,3.9,4.6,freelance
USER018,fiverr,2024-01-08,252.46,4.5,4.4,freelance
USER018,fiverr,2024-01-09,433.97,4.9,4.4,freelance
USER018,fiverr,2024-01-11,84.62,2.4,4.7,freelance
USER018,fiverr,2024-01-12,160.58,6.2,4.8,freelance
USER018,fiverr,2024-01-15,58.63,1.8,4.0,freelance
USER018,fiverr,2024-01-17,399.98,5.9,4.6,freelance
USER018,fiverr,2024-01-18,664.88,9.9,4.8,freelance
USER018,fiverr,2024-01-19,155.5,3.0,4.8,freelance
USER018,fiverr,2024-01-22,43.51,1.5,4.1,freelance
USER018,fiverr,2024-01-23,587.82,8.8,4.9,freelance
USER018,fiverr,2024-01-24,83.51,3.4,4.1,freelance
USER018,fiverr,2024-01-27,205.13,8.2,4.5,freelance
USER018,fiverr,2024-01-29,428.83,9.0,4.5,freelance
USER018,fiverr,2024-01-30,368.48,9.1,4.6,freelance
USER018,fiverr,2024-02-01,200.28,4.1,4.6,freelance
USER018,fiverr,2024-02-02,143.27,3.3,4.6,freelance
USER018,fiverr,2024-02-03,355.41,7.8,4.4,freelance
USER018,fiverr,2024-02-05,53.38,1.8,4.1,freelance
USER018,fiverr,2024-02-06,63.26,1.8,4.7,freelance
USER018,fiverr,2024-02-07,397.8,4.9,4.9,freelance
USER018,fiverr,2024-02-08,298.44,8.6,5.0,freelance
USER018,fiverr,2024-02-09,368.17,6.3,4.2,freelance
USER018,fiverr,2024-02-11,270.58,6.4,4.3,freelance
USER018,fiverr,2024-02-12,113.17,2.8,4.9,freelance
USER018,fiverr,2024-02-14,636.27,9.6,4.4,freelance
USER018,fiverr,2024-02-18,100.22,2.0,4.4,freelance
USER018,fiverr,2024-02-19,96.72,2.9,4.1,freelance
USER018,fiverr,2024-02-20,160.89,7.2,4.2,freelance
USER018,fiverr,2024-02-21,100.48,3.1,4.3,freelance
USER018,fiverr,2024-02-22,217.19,6.0,4.9,freelance
USER018,fiverr,2024-02-25,408.74,7.1,4.8,freelance
USER018,fiverr,2024-02-26,102.45,5.4,4.3,freelance
USER018,fiverr,2024-02-27,313.51,6.4,4.2,freelance
USER018,fiverr,2024-02-28,174.75,8.0,4.0,freelance
USER018,fiverr,2024-02-29,220.26,9.7,4.5,freelance
USER018,fiverr,2024-03-01,45.58,1.1,4.8,freelance
USER018,fiverr,2024-03-02,137.66,3.9,4.1,freelance
USER018,fiverr,2024-03-04,100.42,3.7,4.5,freelance
USER018,fiverr,2024-03-09,241.14,8.4,5.0,freelance
USER018,fiverr,2024-03-12,213.77,7.5,4.8,freelance
USER018,fiverr,2024-03-13,119.88,7.2,4.9,freelance
USER018,fiverr,2024-03-14,77.46,3.7,4.7,freelance
USER018,fiverr,2024-03-16,596.6,9.3,4.1,freelance
USER018,fiverr,2024-03-17,206.02,6.3,4.9,freelance
USER018,fiverr,2024-03-20,181.81,5.3,4.3,freelance
USER018,fiverr,2024-03-22,218.44,7.9,4.4,freelance
USER018,fiverr,2024-03-24,551.89,8.7,4.1,freelance
USER018,fiverr,2024-03-25,227.43,7.0,4.4,freelance
USER018,fiverr,2024-03-26,371.82,8.3,4.5,freelance
USER018,fiverr,2024-03-27,600.64,7.4,4.8,freelance
USER018,fiverr,2024-03-28,245.42,9.3,4.5,freelance
USER018,fiverr,2024-03-30,69.01,1.6,4.7,freelance
USER018,uber,2024-01-02,89.25,6.6,4.1,rideshare
USER018,uber,2024-01-03,90.65,4.7,4.5,rideshare
USER018,uber,2024-01-04,114.35,7.5,4.2,rideshare
USER018,uber,2024-01-05,100.64,5.3,4.4,rideshare
USER018,uber,2024-01-06,186.35,11.3,4.2,rideshare
USER018,uber,2024-01-07,144.46,8.1,4.1,rideshare
USER018,uber,2024-01-08,46.03,3.1,4.9,rideshare
USER018,uber,2024-01-09,115.87,7.3,4.9,rideshare
USER018,uber,2024-01-11,89.78,4.2,4.7,rideshare
USER018,uber,2024-01-12,71.13,4.0,4.7,rideshare
USER018,uber,2024-01-13,67.32,3.9,4.6,rideshare
USER018,uber,2024-01-17,74.61,3.7,4.5,rideshare
USER018,uber,2024-01-20,205.84,11.7,4.2,rideshare
USER018,uber,2024-01-22,99.89,6.7,4.9,rideshare
USER018,uber,2024-01-23,36.01,2.2,4.3,rideshare
USER018,uber,2024-01-24,212.36,9.5,4.1,rideshare
USER018,uber,2024-01-26,111.65,5.5,4.7,rideshare
USER018,uber,2024-01-27,185.3,10.3,4.3,rideshare
USER018,uber,2024-01-28,262.17,10.7,4.5,rideshare
USER018,uber,2024-01-29,145.7,8.4,4.4,rideshare
USER018,uber,2024-01-30,112.89,5.6,4.6,rideshare
USER018,uber,2024-02-01,57.66,2.9,4.4,rideshare
USER018,uber,2024-02-02,149.32,8.3,4.9,rideshare
USER018,uber,2024-02-05,123.36,5.5,4.6,rideshare
USER018,uber,2024-02-07,142.42,7.8,4.8,rideshare
USER018,uber,2024-02-08,196.57,7.7,4.3,rideshare
USER018,uber,2024-02-09,146.03,11.3,4.7,rideshare
USER018,uber,2024-02-10,117.38,7.6,4.5,rideshare
USER018,uber,2024-02-11,104.08,6.5,4.8,rideshare
USER018,uber,2024-02-12,38.37,2.1,4.8,rideshare
USER018,uber,2024-02-13,196.82,10.8,4.5,rideshare
USER018,uber,2024-02-15,192.04,9.1,4.7,rideshare
USER018,uber,2024-02-16,96.48,4.9,4.9,rideshare
USER018,uber,2024-02-17,122.56,5.9,4.9,rideshare
USER018,uber,2024-02-20,122.39,6.4,4.8,rideshare
USER018,uber,2024-02-21,98.63,4.5,4.2,rideshare
USER018,uber,2024-02-22,199.43,11.3,4.2,rideshare
USER018,uber,2024-02-25,181.48,8.9,4.7,rideshare
USER018,uber,2024-02-26,146.4,6.7,4.5,rideshare
USER018,uber,2024-02-28,55.98,2.9,4.9,rideshare
USER018,uber,2024-03-01,178.36,8.2,4.9,rideshare
USER018,uber,2024-03-02,81.64,3.3,4.5,rideshare
USER018,uber,2024-03-04,60.47,2.8,5.0,rideshare
USER018,uber,2024-03-05,219.63,10.2,4.7,rideshare
USER018,uber,2024-03-07,161.04,7.1,4.7,rideshare
USER018,uber,2024-03-08,205.69,11.7,4.9,rideshare
USER018,uber,2024-03-10,229.77,9.2,4.8,rideshare
USER018,uber,2024-03-12,63.73,3.5,4.5,rideshare
USER018,uber,2024-03-13,36.11,2.2,4.4,rideshare
USER018,uber,2024-03-15,68.11,3.8,4.8,rideshare
USER018,uber,2024-03-16,143.58,6.4,4.1,rideshare
USER018,uber,2024-03-17,57.08,3.4,4.2,rideshare
USER018,uber,2024-03-18,87.37,4.0,4.3,rideshare
USER018,uber,2024-03-19,107.85,5.7,4.4,rideshare
USER018,uber,2024-03-21,73.57,3.5,4.1,rideshare
USER018,uber,2024-03-22,51.63,2.3,4.7,rideshare
USER018,uber,2024-03-23,114.31,5.5,4.9,rideshare
USER018,uber,2024-03-24,54.09,3.6,4.9,rideshare
USER018,uber,2024-03-25,175.11,7.3,4.2,rideshare
USER018,uber,2024-03-26,161.86,7.6,4.9,rideshare
USER018,uber,2024-03-27,229.38,8.6,4.1,rideshare
USER018,uber,2024-03-29,173.07,8.1,4.7,rideshare
USER018,uber,2024-03-30,106.99,4.6,4.6,rideshare
USER018,doordash,2024-01-01,93.91,6.8,4.0,delivery
USER018,doordash,2024-01-03,83.47,4.5,4.3,delivery
USER018,doordash,2024-01-04,150.81,7.4,4.1,delivery
USER018,doordash,2024-01-07,121.69,7.5,4.3,delivery
USER018,doordash,2024-01-08,69.93,4.1,4.6,delivery
USER018,doordash,2024-01-09,23.01,1.8,4.1,delivery
USER018,doordash,2024-01-11,64.51,4.4,4.2,delivery
USER018,doordash,2024-01-13,88.42,6.5,4.0,delivery
USER018,doordash,2024-01-15,19.52,2.0,4.8,delivery
USER018,doordash,2024-01-16,68.7,3.4,5.0,delivery
USER018,doordash,2024-01-18,37.5,2.5,4.5,delivery
USER018,doordash,2024-01-19,150.04,7.0,4.4,delivery
USER018,doordash,2024-01-22,50.55,4.6,4.5,delivery
USER018,doordash,2024-01-23,21.33,1.2,4.3,delivery
USER018,doordash,2024-01-25,91.18,7.1,4.3,delivery
USER018,doordash,2024-01-26,67.29,4.6,4.3,delivery
USER018,doordash,2024-01-28,114.18,5.1,5.0,delivery
USER018,doordash,2024-01-30,42.68,2.4,4.1,delivery
USER018,doordash,2024-01-31,67.61,3.3,4.9,delivery
USER018,doordash,2024-02-01,108.6,6.6,4.6,delivery
USER018,doordash,2024-02-04,53.89,3.9,4.9,delivery
USER018,doordash,2024-02-06,66.52,6.1,4.5,delivery
USER018,doordash,2024-02-07,71.53,4.3,4.9,delivery
USER018,doordash,2024-02-08,25.64,1.2,4.2,delivery
USER018,doordash,2024-02-10,19.54,1.1,4.4,delivery
USER018,doordash,2024-02-11,78.36,5.9,4.1,delivery
USER018,doordash,2024-02-12,116.63,7.3,4.3,delivery
USER018,doordash,2024-02-14,13.16,1.1,4.8,delivery
USER018,doordash,2024-02-16,93.98,6.6,4.2,delivery
USER018,doordash,2024-02-17,46.28,4.1,4.3,delivery
USER018,doordash,2024-02-21,90.4,5.6,4.1,delivery
USER018,doordash,2024-02-23,136.88,6.7,4.9,delivery
USER018,doordash,2024-02-24,52.52,3.6,4.9,delivery
USER018,doordash,2024-02-25,62.9,3.2,4.1,delivery
USER018,doordash,2024-02-26,116.36,7.7,4.1,delivery
USER018,doordash,2024-02-29,59.72,4.9,4.7,delivery
USER018,doordash,2024-03-02,62.65,4.1,5.0,delivery
USER018,doordash,2024-03-03,55.96,2.9,4.3,delivery
USER018,doordash,2024-03-05,56.09,3.7,4.4,delivery
USER018,doordash,2024-03-06,53.65,3.7,4.5,delivery
USER018,doordash,2024-03-08,159.33,7.6,4.8,delivery
USER018,doordash,2024-03-09,58.21,2.8,4.2,delivery
USER018,doordash,2024-03-10,109.21,5.4,4.8,delivery
USER018,doordash,2024-03-14,135.13,7.5,5.0,delivery
USER018,doordash,2024-03-15,102.87,6.0,4.3,delivery
USER018,doordash,2024-03-17,61.87,2.7,4.3,delivery
USER018,doordash,2024-03-19,117.48,6.4,4.6,delivery
USER018,doordash,2024-03-20,36.82,2.9,4.7,delivery
USER018,doordash,2024-03-22,92.25,5.6,4.8,delivery
USER018,doordash,2024-03-23,10.5,1.1,4.4,delivery
USER018,doordash,2024-03-25,64.23,5.1,4.9,delivery
USER018,doordash,2024-03-26,72.38,4.1,4.8,delivery
USER018,doordash,2024-03-27,35.98,2.6,4.9,delivery
USER018,doordash,2024-03-29,39.57,2.3,4.4,delivery
USER018,doordash,2024-03-30,50.34,2.6,5.0,delivery
USER019,uber,2024-01-03,56.65,4.3,4.5,rideshare
USER019,uber,2024-01-04,65.53,4.0,4.8,rideshare
USER019,uber,2024-01-06,75.37,4.8,4.6,rideshare
USER019,uber,2024-01-07,258.0,11.0,4.9,rideshare
USER019,uber,2024-01-08,79.74,5.7,4.2,rideshare
USER019,uber,2024-01-09,61.15,4.1,4.7,rideshare
USER019,uber,2024-01-14,153.51,8.6,4.8,rideshare
USER019,uber,2024-01-19,226.81,8.3,4.5,rideshare
USER019,uber,2024-01-20,247.59,10.0,4.7,rideshare
USER019,uber,2024-01-21,73.93,4.0,4.9,rideshare
USER019,uber,2024-01-22,241.56,11.8,4.3,rideshare
USER019,uber,2024-01-25,124.69,6.1,4.6,rideshare
USER019,uber,2024-01-26,113.67,6.8,4.8,rideshare
USER019,uber,2024-01-27,323.3,11.9,4.2,rideshare
USER019,uber,2024-02-02,98.65,6.1,4.1,rideshare
USER019,uber,2024-02-03,82.67,4.0,4.5,rideshare
USER019,uber,2024-02-04,200.91,9.7,4.5,rideshare
USER019,uber,2024-02-05,198.32,10.3,4.2,rideshare
USER019,uber,2024-02-06,140.37,7.3,4.4,rideshare
USER019,uber,2024-02-07,88.97,4.4,4.3,rideshare
USER019,uber,2024-02-09,70.67,3.1,4.1,rideshare
USER019,uber,2024-02-15,222.19,9.0,4.7,rideshare
USER019,uber,2024-02-16,141.69,7.1,4.0,rideshare
USER019,uber,2024-02-17,131.87,6.5,4.2,rideshare
USER019,uber,2024-02-19,97.99,4.3,4.0,rideshare
USER019,uber,2024-02-20,167.99,7.1,4.3,rideshare
USER019,uber,2024-02-21,212.67,11.5,4.9,rideshare
USER019,uber,2024-02-24,177.72,10.8,4.3,rideshare
USER019,uber,2024-02-25,109.19,6.9,4.2,rideshare
USER019,uber,2024-02-27,57.55,3.1,4.3,rideshare
USER019,uber,2024-02-28,126.17,7.1,4.6,rideshare
USER019,uber,2024-02-29,154.9,7.4,4.5,rideshare
USER019,uber,2024-03-02,198.52,11.5,4.4,rideshare
USER019,uber,2024-03-03,237.33,11.2,4.9,rideshare
USER019,uber,2024-03-04,138.24,6.9,4.1,rideshare
USER019,uber,2024-03-05,284.18,11.7,4.7,rideshare
USER019,uber,2024-03-06,52.46,3.6,4.5,rideshare
USER019,uber,2024-03-09,194.85,10.9,4.1,rideshare
USER019,uber,2024-03-11,145.47,7.6,4.6,rideshare
USER019,uber,2024-03-14,198.65,10.7,4.2,rideshare
USER019,uber,2024-03-15,76.72,3.9,4.1,rideshare
USER019,uber,2024-03-17,164.88,9.2,4.4,rideshare
USER019,uber,2024-03-18,156.68,9.1,4.7,rideshare
USER019,uber,2024-03-21,159.58,7.3,4.9,rideshare
USER019,uber,2024-03-25,172.89,8.0,4.3,rideshare
USER019,uber,2024-03-26,298.66,11.0,4.4,rideshare
USER019,uber,2024-03-27,95.05,6.2,5.0,rideshare
USER019,uber,2024-03-29,71.79,3.3,4.8,rideshare
USER019,upwork,2024-01-03,120.79,2.9,4.4,freelance
USER019,upwork,2024-01-04,268.8,7.1,4.8,freelance
USER019,upwork,2024-01-05,52.86,1.5,4.2,freelance
USER019,upwork,2024-01-07,161.25,3.0,4.5,freelance
USER019,upwork,2024-01-09,432.12,6.5,4.5,freelance
USER019,upwork,2024-01-11,320.16,8.0,4.4,freelance
USER019,upwork,2024-01-13,67.37,2.9,5.0,freelance
USER019,upwork,2024-01-15,196.94,3.6,4.4,freelance
USER019,upwork,2024-01-16,138.7,3.2,4.8,freelance
USER019,upwork,2024-01-18,332.35,8.1,4.3,freelance
USER019,upwork,2024-01-19,338.75,7.2,4.7,freelance
USER019,upwork,2024-01-21,423.92,8.4,4.9,freelance
USER019,upwork,2024-01-22,402.85,7.3,4.0,freelance
USER019,upwork,2024-01-24,144.69,1.9,4.4,freelance
USER019,upwork,2024-01-28,236.36,3.7,4.1,freelance
USER019,upwork,2024-01-30,184.23,4.9,4.4,freelance
USER019,upwork,2024-01-31,272.25,7.3,4.4,freelance
USER019,upwork,2024-02-06,74.18,1.2,4.4,freelance
USER019,upwork,2024-02-07,86.37,3.8,4.6,freelance
USER019,upwork,2024-02-08,181.16,2.9,4.6,freelance
USER019,upwork,2024-02-09,381.05,8.5,4.8,freelance
USER019,upwork,2024-02-11,255.94,4.7,4.8,freelance
USER019,upwork,2024-02-12,450.1,6.4,4.3,freelance
USER019,upwork,2024-02-13,290.12,5.4,5.0,freelance
USER019,upwork,2024-02-14,260.55,5.3,4.7,freelance
USER019,upwork,2024-02-17,42.6,2.1,4.5,freelance
USER019,upwork,2024-02-18,237.65,8.8,4.9,freelance
USER019,upwork,2024-02-19,281.93,5.7,4.9,freelance
USER019,upwork,2024-02-20,50.7,2.1,4.7,freelance
USER019,upwork,2024-02-22,363.36,9.0,4.2,freelance
USER019,upwork,2024-02-23,593.44,8.2,4.4,freelance
USER019,upwork,2024-02-25,142.42,4.0,5.0,freelance
USER019,upwork,2024-02-27,307.03,5.3,4.2,freelance
USER019,upwork,2024-02-28,90.35,1.1,4.2,freelance
USER019,upwork,2024-02-29,92.42,1.9,4.6,freelance
USER019,upwork,2024-03-01,488.43,9.0,4.0,freelance
USER019,upwork,2024-03-02,330.93,9.2,4.7,freelance
USER019,upwork,2024-03-03,636.35,9.4,4.6,freelance
USER019,upwork,2024-03-04,94.91,1.9,4.2,freelance
USER019,upwork,2024-03-05,166.47,5.7,4.4,freelance
USER019,upwork,2024-03-06,544.4,6.4,4.7,freelance
USER019,upwork,2024-03-09,55.17,3.1,4.9,freelance
USER019,upwork,2024-03-11,40.42,1.0,5.0,freelance
USER019,upwork,2024-03-12,326.7,4.8,4.3,freelance
USER019,upwork,2024-03-14,375.89,8.0,4.4,freelance
USER019,upwork,2024-03-16,141.0,6.4,4.2,freelance
USER019,upwork,2024-03-18,137.72,4.9,4.7,freelance
USER019,upwork,2024-03-19,262.66,9.1,4.2,freelance
USER019,upwork,2024-03-23,342.61,6.6,4.9,freelance
USER019,upwork,2024-03-24,478.07,9.4,4.2,freelance
USER019,upwork,2024-03-25,185.25,6.3,4.9,freelance
USER019,upwork,2024-03-27,76.07,3.5,4.6,freelance
USER019,upwork,2024-03-28,532.33,7.3,4.1,freelance
USER019,upwork,2024-03-29,160.97,7.5,4.6,freelance
USER019,upwork,2024-03-30,249.7,7.7,4.5,freelance
USER020,uber,2024-01-01,208.85,9.1,4.2,rideshare
USER020,uber,2024-01-03,72.87,3.2,4.7,rideshare
USER020,uber,2024-01-04,128.46,4.8,4.7,rideshare
USER020,uber,2024-01-06,276.85,11.0,4.2,rideshare
USER020,uber,2024-01-09,126.52,8.6,4.7,rideshare
USER020,uber,2024-01-10,139.8,9.6,4.3,rideshare
USER020,uber,2024-01-11,134.3,8.1,4.4,rideshare
USER020,uber,2024-01-15,64.58,3.2,4.8,rideshare
USER020,uber,2024-01-16,81.74,2.9,4.2,rideshare
USER020,uber,2024-01-17,121.4,8.3,4.2,rideshare
USER020,uber,2024-01-18,162.48,6.6,4.9,rideshare
USER020,uber,2024-01-19,285.54,11.4,4.7,rideshare
USER020,uber,2024-01-21,83.44,4.9,4.6,rideshare
USER020,uber,2024-01-22,97.13,4.7,5.0,rideshare
USER020,uber,2024-01-23,53.43,2.9,4.4,rideshare
USER020,uber,2024-01-25,179.4,8.9,4.9,rideshare
USER020,uber,2024-01-26,152.41,7.7,4.4,rideshare
USER020,uber,2024-01-29,219.7,11.7,4.7,rideshare
USER020,uber,2024-01-30,73.37,4.1,4.3,rideshare
USER020,uber,2024-02-01,142.01,6.8,4.3,rideshare
USER020,uber,2024-02-02,220.8,11.0,4.1,rideshare
USER020,uber,2024-02-03,85.29,3.6,4.3,rideshare
USER020,uber,2024-02-05,68.66,3.6,4.8,rideshare
USER020,uber,2024-02-06,181.04,7.9,4.7,rideshare
USER020,uber,2024-02-07,167.5,9.2,4.5,rideshare
USER020,uber,2024-02-08,155.4,11.3,4.9,rideshare
USER020,uber,2024-02-10,93.2,4.7,4.6,rideshare
USER020,uber,2024-02-11,86.65,5.0,4.7,rideshare
USER020,uber,2024-02-12,161.13,7.7,4.7,rideshare
USER020,uber,2024-02-14,135.26,9.9,4.3,rideshare
USER020,uber,2024-02-15,148.16,8.6,4.2,rideshare
USER020,uber,2024-02-16,173.67,10.6,4.7,rideshare
USER020,uber,2024-02-17,160.81,9.8,4.2,rideshare
USER020,uber,2024-02-18,107.77,5.9,4.5,rideshare
USER020,uber,2024-02-19,101.43,4.4,4.4,rideshare
USER020,uber,2024-02-20,135.98,6.0,4.3,rideshare
USER020,uber,2024-02-23,118.8,5.5,5.0,rideshare
USER020,uber,2024-02-24,80.66,3.8,4.4,rideshare
USER020,uber,2024-02-25,115.12,8.0,4.1,rideshare
USER020,uber,2024-02-26,44.98,2.4,4.1,rideshare
USER020,uber,2024-02-27,54.47,3.5,4.7,rideshare
USER020,uber,2024-02-28,177.33,11.6,4.4,rideshare
USER020,uber,2024-02-29,151.7,10.1,4.7,rideshare
USER020,uber,2024-03-02,70.89,3.6,4.5,rideshare
USER020,uber,2024-03-04,181.61,8.7,4.1,rideshare
USER020,uber,2024-03-05,79.54,3.2,4.9,rideshare
USER020,uber,2024-03-06,236.67,9.1,5.0,rideshare
USER020,uber,2024-03-07,115.65,6.2,4.9,rideshare
USER020,uber,2024-03-08,187.39,11.5,4.3,rideshare
USER020,uber,2024-03-09,220.82,10.7,4.5,rideshare
USER020,uber,2024-03-10,128.2,6.6,4.6,rideshare
USER020,uber,2024-03-11,186.48,8.7,4.0,rideshare
USER020,uber,2024-03-12,108.3,6.2,4.3,rideshare
USER020,uber,2024-03-13,152.07,9.3,4.4,rideshare
USER020,uber,2024-03-14,56.92,3.3,4.5,rideshare
USER020,uber,2024-03-16,186.82,8.2,4.9,rideshare
USER020,uber,2024-03-19,66.15,5.3,4.6,rideshare
USER020,uber,2024-03-22,174.16,9.3,4.6,rideshare
USER020,uber,2024-03-23,80.18,3.8,4.7,rideshare
USER020,uber,2024-03-25,314.09,11.7,4.6,rideshare
USER020,uber,2024-03-28,168.1,8.9,4.6,rideshare
USER020,uber,2024-03-29,124.37,4.7,4.2,rideshare
USER020,uber,2024-03-30,80.74,6.0,4.3,rideshare
USER021,fiverr,2024-01-01,421.08,6.9,4.5,freelance
USER021,fiverr,2024-01-04,219.61,7.4,4.6,freelance
USER021,fiverr,2024-01-07,292.4,6.4,4.5,freelance
USER021,fiverr,2024-01-08,177.61,3.9,4.2,freelance
USER021,fiverr,2024-01-10,125.62,2.5,4.4,freelance
USER021,fiverr,2024-01-12,158.74,5.4,4.1,freelance
USER021,fiverr,2024-01-14,290.91,7.8,4.5,freelance
USER021,fiverr,2024-01-15,374.11,6.6,4.4,freelance
USER021,fiverr,2024-01-18,608.48,9.9,4.5,freelance
USER021,fiverr,2024-01-19,155.66,2.1,4.2,freelance
USER021,fiverr,2024-01-20,363.21,8.8,5.0,freelance
USER021,fiverr,2024-01-22,141.21,3.0,4.3,freelance
USER021,fiverr,2024-01-29,151.16,3.0,4.8,freelance
USER021,fiverr,2024-01-30,209.29,2.4,4.4,freelance
USER021,fiverr,2024-01-31,583.31,7.9,4.7,freelance
USER021,fiverr,2024-02-01,252.52,4.8,4.2,freelance
USER021,fiverr,2024-02-02,217.3,6.5,4.1,freelance
USER021,fiverr,2024-02-03,56.03,1.2,4.2,freelance
USER021,fiverr,2024-02-07,434.62,8.1,4.5,freelance
USER021,fiverr,2024-02-08,417.1,5.1,4.2,freelance
USER021,fiverr,2024-02-09,149.82,2.8,4.1,freelance
USER021,fiverr,2024-02-10,301.15,5.1,4.4,freelance
USER021,fiverr,2024-02-11,166.66,5.2,4.8,freelance
USER021,fiverr,2024-02-15,113.38,1.6,4.7,freelance
USER021,fiverr,2024-02-16,255.51,5.2,4.8,freelance
USER021,fiverr,2024-02-19,486.43,6.5,4.7,freelance
USER021,fiverr,2024-02-20,120.51,1.5,4.8,freelance
USER021,fiverr,2024-02-22,432.17,9.3,4.4,freelance
USER021,fiverr,2024-02-24,571.63,7.8,4.8,freelance
USER021,fiverr,2024-02-26,121.37,2.3,4.5,freelance
USER021,fiverr,2024-02-27,283.48,7.2,4.7,freelance
USER021,fiverr,2024-03-01,239.09,4.0,4.3,freelance
USER021,fiverr,2024-03-02,50.49,2.3,4.0,freelance
USER021,fiverr,2024-03-04,256.63,3.8,4.6,freelance
USER021,fiverr,2024-03-05,381.96,7.1,4.8,freelance
USER021,fiverr,2024-03-06,445.06,8.7,4.2,freelance
USER021,fiverr,2024-03-08,30.3,1.1,4.5,freelance
USER021,fiverr,2024-03-10,526.03,9.1,4.6,freelance
USER021,fiverr,2024-03-11,271.92,5.7,4.9,freelance
USER021,fiverr,2024-03-14,231.33,4.4,4.1,freelance
USER021,fiverr,2024-03-15,79.44,2.4,4.7,freelance
USER021,fiverr,2024-03-16,179.49,5.5,4.6,freelance
USER021,fiverr,2024-03-17,604.56,8.4,4.9,freelance
USER021,fiverr,2024-03-19,172.2,6.6,4.5,freelance
USER021,fiverr,2024-03-20,679.83,8.6,4.1,freelance
USER021,fiverr,2024-03-22,184.08,3.2,4.2,freelance
USER021,fiverr,2024-03-25,195.11,2.6,4.3,freelance
USER021,fiverr,2024-03-26,572.83,7.6,4.9,freelance
USER021,fiverr,2024-03-27,98.3,2.9,4.8,freelance
USER021,fiverr,2024-03-28,189.83,8.9,4.8,freelance
USER021,fiverr,2024-03-29,240.05,5.0,4.1,freelance
USER021,fiverr,2024-03-30,166.24,3.7,4.4,freelance
USER022,taskrabbit,2024-01-02,126.82,4.1,4.0,services
USER022,taskrabbit,2024-01-05,74.69,3.5,5.0,services
USER022,taskrabbit,2024-01-06,66.9,2.2,4.6,services
USER022,taskrabbit,2024-01-07,176.72,5.9,4.5,services
USER022,taskrabbit,2024-01-08,100.26,3.4,4.1,services
USER022,taskrabbit,2024-01-09,127.45,5.6,4.6,services
USER022,taskrabbit,2024-01-10,114.15,4.9,4.2,services
USER022,taskrabbit,2024-01-11,72.01,3.7,4.3,services
USER022,taskrabbit,2024-01-13,40.68,1.8,4.8,services
USER022,taskrabbit,2024-01-16,214.78,5.9,4.8,services
USER022,taskrabbit,2024-01-18,129.97,3.4,4.3,services
USER022,taskrabbit,2024-01-19,72.0,2.8,4.4,services
USER022,taskrabbit,2024-01-20,84.18,3.1,4.4,services
USER022,taskrabbit,2024-01-22,206.07,5.9,4.0,services
USER022,taskrabbit,2024-01-24,70.89,2.5,4.3,services
USER022,taskrabbit,2024-01-26,48.7,2.0,4.5,services
USER022,taskrabbit,2024-01-28,57.68,2.6,4.7,services
USER022,taskrabbit,2024-01-29,45.15,1.2,4.7,services
USER022,taskrabbit,2024-01-31,87.22,4.0,4.1,services
USER022,taskrabbit,2024-02-02,115.19,5.6,4.1,services
USER022,taskrabbit,2024-02-04,82.36,3.1,4.2,services
USER022,taskrabbit,2024-02-05,27.68,1.4,4.6,services
USER022,taskrabbit,2024-02-07,53.71,2.5,4.8,services
USER022,taskrabbit,2024-02-08,132.27,4.6,4.9,services
USER022,taskrabbit,2024-02-10,62.65,1.9,4.5,services
USER022,taskrabbit,2024-02-11,120.38,4.5,4.7,services
USER022,taskrabbit,2024-02-12,58.62,3.1,4.5,services
USER022,taskrabbit,2024-02-13,150.89,5.6,4.0,services
USER022,taskrabbit,2024-02-14,73.09,3.5,4.8,services
USER022,taskrabbit,2024-02-15,126.73,4.2,4.6,services
USER022,taskrabbit,2024-02-18,137.95,5.2,4.9,services
USER022,taskrabbit,2024-02-23,85.2,3.3,4.7,services
USER022,taskrabbit,2024-02-25,79.18,2.7,4.7,services
USER022,taskrabbit,2024-02-27,57.09,3.9,4.8,services
USER022,taskrabbit,2024-02-28,61.85,3.1,4.2,services
USER022,taskrabbit,2024-03-01,123.6,4.3,4.6,services
USER022,taskrabbit,2024-03-02,151.47,5.3,4.8,services
USER022,taskrabbit,2024-03-03,24.82,1.1,4.8,services
USER022,taskrabbit,2024-03-05,83.6,2.6,4.2,services
USER022,taskrabbit,2024-03-06,65.64,3.1,4.9,services
USER022,taskrabbit,2024-03-07,47.02,1.7,4.4,services
USER022,taskrabbit,2024-03-09,132.15,4.7,4.4,services
USER022,taskrabbit,2024-03-10,47.87,2.0,4.8,services
USER022,taskrabbit,2024-03-11,127.25,5.6,4.1,services
USER022,taskrabbit,2024-03-13,116.47,4.0,4.3,services
USER022,taskrabbit,2024-03-14,163.96,5.0,4.3,services
USER022,taskrabbit,2024-03-15,29.94,1.0,4.4,services
USER022,taskrabbit,2024-03-17,171.96,5.2,4.8,services
USER022,taskrabbit,2024-03-18,52.63,1.4,4.4,services
USER022,taskrabbit,2024-03-19,85.89,2.4,4.3,services
USER022,taskrabbit,2024-03-20,72.35,3.8,4.2,services
USER022,taskrabbit,2024-03-23,179.56,5.3,4.4,services
USER022,taskrabbit,2024-03-24,45.22,1.9,5.0,services
USER022,taskrabbit,2024-03-27,44.08,1.5,4.5,services
USER022,taskrabbit,2024-03-28,143.84,5.5,4.3,services
USER022,taskrabbit,2024-03-30,44.55,1.2,4.9,services
USER023,fiverr,2024-01-03,95.68,4.1,4.4,freelance
USER023,fiverr,2024-01-04,390.93,5.2,4.9,freelance
USER023,fiverr,2024-01-05,473.5,8.3,4.5,freelance
USER023,fiverr,2024-01-07,272.89,5.9,4.7,freelance
USER023,fiverr,2024-01-08,432.31,8.5,4.1,freelance
USER023,fiverr,2024-01-09,165.95,2.3,4.7,freelance
USER023,fiverr,2024-01-11,166.38,3.2,4.7,freelance
USER023,fiverr,2024-01-12,334.85,5.2,4.5,freelance
USER023,fiverr,2024-01-14,277.66,4.0,4.1,freelance
USER023,fiverr,2024-01-22,442.85,8.5,4.4,freelance
USER023,fiverr,2024-01-23,372.7,8.7,4.9,freelance
USER023,fiverr,2024-01-25,365.74,5.1,4.4,freelance
USER023,fiverr,2024-01-28,350.87,10.0,4.3,freelance
USER023,fiverr,2024-01-31,248.17,8.7,4.3,freelance
USER023,fiverr,2024-02-02,106.22,5.9,5.0,freelance
USER023,fiverr,2024-02-04,125.93,2.1,4.5,freelance
USER023,fiverr,2024-02-05,880.28,9.7,4.2,freelance
USER023,fiverr,2024-02-08,225.5,7.1,4.2,freelance
USER023,fiverr,2024-02-10,410.14,6.1,4.0,freelance
USER023,fiverr,2024-02-11,454.74,7.2,4.2,freelance
USER023,fiverr,2024-02-12,467.02,6.7,4.2,freelance
USER023,fiverr,2024-02-15,327.97,4.8,4.0,freelance
USER023,fiverr,2024-02-17,239.33,5.7,4.5,freelance
USER023,fiverr,2024-02-18,194.36,3.7,4.7,freelance
USER023,fiverr,2024-02-20,335.8,6.3,4.8,freelance
USER023,fiverr,2024-02-21,141.85,2.4,5.0,freelance
USER023,fiverr,2024-02-23,146.22,4.8,4.2,freelance
USER023,fiverr,2024-02-24,274.31,9.5,4.4,freelance
USER023,fiverr,2024-02-26,147.5,2.9,4.3,freelance
USER023,fiverr,2024-02-27,334.14,5.7,4.8,freelance
USER023,fiverr,2024-02-28,189.39,4.9,4.5,freelance
USER023,fiverr,2024-03-01,617.0,7.8,4.9,freelance
USER023,fiverr,2024-03-03,243.62,3.3,4.4,freelance
USER023,fiverr,2024-03-04,547.31,8.8,4.3,freelance
USER023,fiverr,2024-03-05,227.34,7.6,4.9,freelance
USER023,fiverr,2024-03-06,418.2,5.5,4.4,freelance
USER023,fiverr,2024-03-07,237.21,7.9,4.7,freelance
USER023,fiverr,2024-03-10,184.51,3.3,4.0,freelance
USER023,fiverr,2024-03-12,160.66,3.0,4.3,freelance
USER023,fiverr,2024-03-15,358.15,6.1,4.9,freelance
USER023,fiverr,2024-03-17,239.04,8.5,4.1,freelance
USER023,fiverr,2024-03-18,253.39,3.1,4.7,freelance
USER023,fiverr,2024-03-22,287.32,5.0,4.9,freelance
USER023,fiverr,2024-03-23,397.63,8.2,4.4,freelance
USER023,fiverr,2024-03-25,191.79,6.7,4.3,freelance
USER023,fiverr,2024-03-26,128.23,5.1,4.4,freelance
USER023,fiverr,2024-03-28,302.83,3.5,4.3,freelance
USER024,ubereats,2024-01-01,114.79,5.5,4.8,delivery
USER024,ubereats,2024-01-03,24.41,1.6,4.5,delivery
USER024,ubereats,2024-01-06,89.38,7.4,4.4,delivery
USER024,ubereats,2024-01-10,77.49,4.4,4.4,delivery
USER024,ubereats,2024-01-11,23.33,2.2,4.2,delivery
USER024,ubereats,2024-01-12,81.02,5.5,4.6,delivery
USER024,ubereats,2024-01-13,21.73,1.5,4.7,delivery
USER024,ubereats,2024-01-17,43.67,3.5,4.4,delivery
USER024,ubereats,2024-01-24,84.08,6.8,4.2,delivery
USER024,ubereats,2024-01-26,71.82,5.9,4.9,delivery
USER024,ubereats,2024-01-27,34.28,2.0,5.0,delivery
USER024,ubereats,2024-01-29,91.05,4.9,4.2,delivery
USER024,ubereats,2024-01-30,63.17,3.8,4.9,delivery
USER024,ubereats,2024-01-31,87.65,6.6,4.8,delivery
USER024,ubereats,2024-02-01,99.71,7.5,4.5,delivery
USER024,ubereats,2024-02-02,64.52,3.3,4.7,delivery
USER024,ubereats,2024-02-04,113.22,7.4,4.7,delivery
USER024,ubereats,2024-02-05,77.61,6.8,4.3,delivery
USER024,ubereats,2024-02-09,95.49,6.9,4.4,delivery
USER024,ubereats,2024-02-10,80.7,8.0,4.4,delivery
USER024,ubereats,2024-02-13,24.04,1.4,5.0,delivery
USER024,ubereats,2024-02-14,82.71,7.3,4.6,delivery
USER024,ubereats,2024-02-15,33.57,1.9,4.7,delivery
USER024,ubereats,2024-02-16,49.17,3.1,4.8,delivery
USER024,ubereats,2024-02-17,115.75,6.4,4.6,delivery
USER024,ubereats,2024-02-20,102.33,5.1,4.1,delivery
USER024,ubereats,2024-02-21,28.61,2.1,5.0,delivery
USER024,ubereats,2024-02-25,110.56,6.1,4.1,delivery
USER024,ubereats,2024-02-26,114.53,5.8,4.4,delivery
USER024,ubereats,2024-02-27,39.6,2.3,4.2,delivery
USER024,ubereats,2024-02-28,20.72,1.6,4.2,delivery
USER024,ubereats,2024-02-29,26.46,1.6,4.1,delivery
USER024,ubereats,2024-03-01,27.77,1.4,4.7,delivery
USER024,ubereats,2024-03-02,76.37,7.9,4.3,delivery
USER024,ubereats,2024-03-03,86.99,5.0,4.1,delivery
USER024,ubereats,2024-03-04,77.78,4.5,5.0,delivery
USER024,ubereats,2024-03-05,34.54,2.1,4.2,delivery
USER024,ubereats,2024-03-06,120.54,6.4,4.8,delivery
USER024,ubereats,2024-03-07,148.02,7.5,4.8,delivery
USER024,ubereats,2024-03-08,123.88,7.5,4.7,delivery
USER024,ubereats,2024-03-09,19.87,1.7,4.2,delivery
USER024,ubereats,2024-03-11,99.36,5.6,4.8,delivery
USER024,ubereats,2024-03-14,32.91,2.0,4.5,delivery
USER024,ubereats,2024-03-16,97.44,7.9,4.8,delivery
USER024,ubereats,2024-03-19,32.64,1.6,4.9,delivery
USER024,ubereats,2024-03-20,90.37,4.7,4.6,delivery
USER024,ubereats,2024-03-21,76.14,6.3,4.6,delivery
USER024,ubereats,2024-03-22,66.34,4.4,4.3,delivery
USER024,ubereats,2024-03-23,75.5,4.5,4.3,delivery
USER024,ubereats,2024-03-25,36.1,2.3,4.9,delivery
USER024,ubereats,2024-03-27,35.04,3.2,4.0,delivery
USER024,ubereats,2024-03-29,79.72,4.8,4.7,delivery
USER024,ubereats,2024-03-30,111.97,6.9,4.7,delivery
USER025,ubereats,2024-01-01,154.1,7.2,4.1,delivery
USER025,ubereats,2024-01-02,60.36,5.5,4.9,delivery
USER025,ubereats,2024-01-03,104.92,7.5,4.2,delivery
USER025,ubereats,2024-01-09,21.04,1.3,4.2,delivery
USER025,ubereats,2024-01-12,122.61,7.0,4.2,delivery
USER025,ubereats,2024-01-15,66.17,3.9,4.3,delivery
USER025,ubereats,2024-01-18,86.7,5.4,4.7,delivery
USER025,ubereats,2024-01-19,46.75,2.6,4.1,delivery
USER025,ubereats,2024-01-21,52.19,3.3,4.3,delivery
USER025,ubereats,2024-01-24,50.12,3.0,4.1,delivery
USER025,ubereats,2024-01-25,157.63,7.2,4.6,delivery
USER025,ubereats,2024-01-26,102.44,8.0,4.1,delivery
USER025,ubereats,2024-01-27,47.26,2.3,4.8,delivery
USER025,ubereats,2024-01-28,58.99,4.1,4.6,delivery
USER025,ubereats,2024-01-29,108.55,6.4,4.2,delivery
USER025,ubereats,2024-01-30,118.42,7.6,5.0,delivery
USER025,ubereats,2024-02-01,71.69,5.5,4.2,delivery
USER025,ubereats,2024-02-02,25.12,2.3,4.7,delivery
USER025,ubereats,2024-02-03,25.32,1.5,4.5,delivery
USER025,ubereats,2024-02-04,83.81,7.7,4.7,delivery
USER025,ubereats,2024-02-05,75.29,5.3,4.9,delivery
USER025,ubereats,2024-02-06,20.28,1.7,4.4,delivery
USER025,ubereats,2024-02-07,100.14,6.4,4.2,delivery
USER025,ubereats,2024-02-09,81.25,5.5,4.9,delivery
USER025,ubereats,2024-02-11,77.18,4.1,4.7,delivery
USER025,ubereats,2024-02-13,97.27,4.2,4.2,delivery
USER025,ubereats,2024-02-14,31.56,2.0,4.2,delivery
USER025,ubereats,2024-02-18,69.27,6.6,4.5,delivery
USER025,ubereats,2024-02-20,59.89,3.8,4.4,delivery
USER025,ubereats,2024-02-22,92.0,6.1,4.4,delivery
USER025,ubereats,2024-02-23,60.34,3.8,4.2,delivery
USER025,ubereats,2024-02-24,36.73,2.4,4.7,delivery
USER025,ubereats,2024-02-27,73.89,3.9,4.2,delivery
USER025,ubereats,2024-02-28,65.9,5.6,4.8,delivery
USER025,ubereats,2024-03-02,57.62,4.9,4.4,delivery
USER025,ubereats,2024-03-03,59.4,4.1,4.4,delivery
USER025,ubereats,2024-03-05,76.6,4.9,4.4,delivery
USER025,ubereats,2024-03-07,75.08,4.3,4.1,delivery
USER025,ubereats,2024-03-09,112.58,5.3,4.9,delivery
USER025,ubereats,2024-03-12,69.73,7.0,4.9,delivery
USER025,ubereats,2024-03-13,40.02,2.4,4.2,delivery
USER025,ubereats,2024-03-15,110.86,5.1,4.5,delivery
USER025,ubereats,2024-03-17,73.34,4.9,4.2,delivery
USER025,ubereats,2024-03-18,74.78,5.3,4.6,delivery
USER025,ubereats,2024-03-19,134.52,5.8,5.0,delivery
USER025,ubereats,2024-03-21,83.6,6.3,4.4,delivery
USER025,ubereats,2024-03-22,16.38,1.1,4.8,delivery
USER025,ubereats,2024-03-24,116.02,7.3,4.9,delivery
USER025,ubereats,2024-03-25,174.4,7.9,4.1,delivery
USER025,ubereats,2024-03-26,46.5,3.8,5.0,delivery
USER025,ubereats,2024-03-30,112.64,7.6,4.6,delivery
USER026,uber,2024-01-02,153.85,10.5,4.3,rideshare
USER026,uber,2024-01-03,193.65,6.9,4.1,rideshare
USER026,uber,2024-01-04,114.09,6.5,4.0,rideshare
USER026,uber,2024-01-07,101.18,7.5,5.0,rideshare
USER026,uber,2024-01-10,197.76,11.0,4.0,rideshare
USER026,uber,2024-01-13,270.24,10.5,4.4,rideshare
USER026,uber,2024-01-14,229.24,9.2,4.5,rideshare
USER026,uber,2024-01-15,225.16,11.2,4.7,rideshare
USER026,uber,2024-01-16,70.81,3.1,4.8,rideshare
USER026,uber,2024-01-17,77.78,5.7,4.8,rideshare
USER026,uber,2024-01-20,174.97,10.1,4.6,rideshare
USER026,uber,2024-01-21,224.21,10.7,4.9,rideshare
USER026,uber,2024-01-23,129.02,9.0,4.7,rideshare
USER026,uber,2024-01-24,146.9,11.5,4.8,rideshare
USER026,uber,2024-01-25,40.2,2.8,4.5,rideshare
USER026,uber,2024-01-26,210.13,11.9,4.2,rideshare
USER026,uber,2024-01-27,191.09,10.7,4.2,rideshare
USER026,uber,2024-01-28,57.16,4.0,4.5,rideshare
USER026,uber,2024-02-01,105.27,5.2,4.2,rideshare
USER026,uber,2024-02-03,135.76,7.1,4.4,rideshare
USER026,uber,2024-02-06,226.71,11.7,4.8,rideshare
USER026,uber,2024-02-07,92.97,5.4,4.6,rideshare
USER026,uber,2024-02-09,166.95,9.2,4.7,rideshare
USER026,uber,2024-02-10,220.19,11.2,4.7,rideshare
USER026,uber,2024-02-12,179.64,10.4,4.7,rideshare
USER026,uber,2024-02-13,178.28,9.6,5.0,rideshare
USER026,uber,2024-02-14,47.68,2.4,4.5,rideshare
USER026,uber,2024-02-15,301.52,10.5,4.5,rideshare
USER026,uber,2024-02-17,151.07,9.5,4.0,rideshare
USER026,uber,2024-02-18,227.58,11.9,4.4,rideshare
USER026,uber,2024-02-19,171.62,8.6,4.6,rideshare
USER026,uber,2024-02-20,81.1,5.9,4.3,rideshare
USER026,uber,2024-02-21,112.63,5.0,4.5,rideshare
USER026,uber,2024-02-22,178.57,9.2,4.9,rideshare
USER026,uber,2024-02-23,75.98,2.6,4.1,rideshare
USER026,uber,2024-02-24,86.48,4.9,4.9,rideshare
USER026,uber,2024-02-26,66.36,5.1,4.6,rideshare
USER026,uber,2024-02-28,48.77,3.3,4.7,rideshare
USER026,uber,2024-03-02,63.63,2.6,4.4,rideshare
USER026,uber,2024-03-03,90.93,4.3,4.3,rideshare
USER026,uber,2024-03-07,96.83,5.3,4.1,rideshare
USER026,uber,2024-03-08,222.68,11.7,4.6,rideshare
USER026,uber,2024-03-09,157.8,6.9,4.0,rideshare
USER026,uber,2024-03-10,159.11,9.5,4.1,rideshare
USER026,uber,2024-03-11,271.42,10.9,4.3,rideshare
USER026,uber,2024-03-12,205.55,9.9,4.1,rideshare
USER026,uber,2024-03-14,135.45,8.3,4.8,rideshare
USER026,uber,2024-03-15,72.22,4.7,5.0,rideshare
USER026,uber,2024-03-17,232.58,8.5,4.6,rideshare
USER026,uber,2024-03-18,183.44,9.4,4.8,rideshare
USER026,uber,2024-03-19,160.9,6.2,4.0,rideshare
USER026,uber,2024-03-20,39.28,2.3,4.8,rideshare
USER026,uber,2024-03-21,187.33,11.1,4.6,rideshare
USER026,uber,2024-03-22,169.2,9.6,4.3,rideshare
USER026,uber,2024-03-23,124.71,6.5,4.1,rideshare
USER026,uber,2024-03-25,168.84,7.5,4.3,rideshare
USER026,uber,2024-03-27,172.65,8.5,4.3,rideshare
USER026,uber,2024-03-29,140.24,7.7,4.9,rideshare
USER026,uber,2024-03-30,60.75,3.3,4.1,rideshare
USER026,instacart,2024-01-01,109.67,7.6,4.8,delivery
USER026,instacart,2024-01-03,95.43,6.3,4.5,delivery
USER026,instacart,2024-01-04,55.71,3.8,4.8,delivery
USER026,instacart,2024-01-06,86.24,7.4,4.2,delivery
USER026,instacart,2024-01-08,76.29,6.9,4.0,delivery
USER026,instacart,2024-01-09,32.92,2.1,4.5,delivery
USER026,instacart,2024-01-10,82.97,5.7,4.8,delivery
USER026,instacart,2024-01-11,104.1,5.9,4.0,delivery
USER026,instacart,2024-01-12,55.75,5.1,4.7,delivery
USER026,instacart,2024-01-13,94.31,7.3,4.2,delivery
USER026,instacart,2024-01-14,109.49,6.2,4.6,delivery
USER026,instacart,2024-01-15,33.4,2.4,4.3,delivery
USER026,instacart,2024-01-16,23.61,1.8,4.0,delivery
USER026,instacart,2024-01-19,28.56,2.3,4.8,delivery
USER026,instacart,2024-01-22,116.94,6.2,4.7,delivery
USER026,instacart,2024-01-25,68.72,5.4,4.9,delivery
USER026,instacart,2024-01-26,45.21,3.2,4.2,delivery
USER026,instacart,2024-01-27,105.11,6.0,4.5,delivery
USER026,instacart,2024-01-28,133.19,7.4,4.6,delivery
USER026,instacart,2024-02-01,10.47,1.0,4.1,delivery
USER026,instacart,2024-02-02,13.88,1.0,4.7,delivery
USER026,instacart,2024-02-04,98.04,5.5,4.7,delivery
USER026,instacart,2024-02-05,72.96,5.6,4.0,delivery
USER026,instacart,2024-02-06,64.68,4.2,5.0,delivery
USER026,instacart,2024-02-08,146.4,7.7,4.9,delivery
USER026,instacart,2024-02-10,76.95,6.1,4.9,delivery
USER026,instacart,2024-02-12,49.69,4.9,4.7,delivery
USER026,instacart,2024-02-13,45.05,3.6,4.4,delivery
USER026,instacart,2024-02-14,16.97,1.1,4.7,delivery
USER026,instacart,2024-02-19,95.5,5.7,4.2,delivery
USER026,instacart,2024-02-23,118.25,7.0,4.7,delivery
USER026,instacart,2024-02-27,51.2,3.6,4.5,delivery
USER026,instacart,2024-02-28,118.8,6.1,4.3,delivery
USER026,instacart,2024-03-01,71.59,3.6,4.8,delivery
USER026,instacart,2024-03-02,134.42,7.2,4.4,delivery
USER026,instacart,2024-03-04,32.22,2.0,4.6,delivery
USER026,instacart,2024-03-05,108.66,5.8,4.3,delivery
USER026,instacart,2024-03-08,87.82,5.4,4.9,delivery
USER026,instacart,2024-03-09,146.57,6.5,4.4,delivery
USER026,instacart,2024-03-13,73.27,5.0,4.6,delivery
USER026,instacart,2024-03-18,95.04,6.9,4.9,delivery
USER026,instacart,2024-03-19,44.21,2.5,4.4,delivery
USER026,instacart,2024-03-21,81.06,4.2,4.9,delivery
USER026,instacart,2024-03-22,78.84,6.6,4.1,delivery
USER026,instacart,2024-03-23,86.29,7.7,4.4,delivery
USER026,instacart,2024-03-25,69.28,6.7,4.0,delivery
USER026,instacart,2024-03-26,71.87,6.4,4.3,delivery
USER026,instacart,2024-03-28,61.27,3.8,4.3,delivery
USER026,instacart,2024-03-29,56.63,4.0,4.5,delivery
USER027,taskrabbit,2024-01-02,54.06,2.3,4.8,services
USER027,taskrabbit,2024-01-05,178.35,5.4,4.7,services
USER027,taskrabbit,2024-01-07,137.56,4.8,4.3,services
USER027,taskrabbit,2024-01-08,120.25,5.2,4.1,services
USER027,taskrabbit,2024-01-09,94.2,4.0,4.3,services
USER027,taskrabbit,2024-01-10,102.02,3.3,4.1,services
USER027,taskrabbit,2024-01-12,33.73,1.1,4.1,services
USER027,taskrabbit,2024-01-13,97.17,3.8,4.5,services
USER027,taskrabbit,2024-01-15,62.33,3.6,4.5,services
USER027,taskrabbit,2024-01-17,95.04,3.1,5.0,services
USER027,taskrabbit,2024-01-18,56.17,2.2,4.7,services
USER027,taskrabbit,2024-01-20,54.51,2.5,4.9,services
USER027,taskrabbit,2024-01-21,135.44,4.6,4.9,services
USER027,taskrabbit,2024-01-22,41.13,1.7,4.6,services
USER027,taskrabbit,2024-01-23,127.74,5.0,4.7,services
USER027,taskrabbit,2024-01-25,68.53,3.1,4.4,services
USER027,taskrabbit,2024-01-27,111.91,5.4,4.5,services
USER027,taskrabbit,2024-01-28,106.73,5.6,4.0,services
USER027,taskrabbit,2024-01-29,44.67,2.0,4.5,services
USER027,taskrabbit,2024-01-30,162.5,5.9,4.6,services
USER027,taskrabbit,2024-01-31,34.58,2.0,4.7,services
USER027,taskrabbit,2024-02-01,69.51,3.6,4.5,services
USER027,taskrabbit,2024-02-02,76.47,2.5,4.3,services
USER027,taskrabbit,2024-02-03,57.66,2.1,4.5,services
USER027,taskrabbit,2024-02-04,82.81,3.8,4.9,services
USER027,taskrabbit,2024-02-05,133.18,5.3,4.8,services
USER027,taskrabbit,2024-02-06,41.1,1.4,4.6,services
USER027,taskrabbit,2024-02-07,184.25,5.7,4.4,services
USER027,taskrabbit,2024-02-09,61.14,3.0,4.7,services
USER027,taskrabbit,2024-02-10,118.27,5.2,4.9,services
USER027,taskrabbit,2024-02-11,116.59,3.5,4.9,services
USER027,taskrabbit,2024-02-13,77.71,3.5,4.6,services
USER027,taskrabbit,2024-02-14,138.39,4.5,4.8,services
USER027,taskrabbit,2024-02-15,57.89,2.4,5.0,services
USER027,taskrabbit,2024-02-16,151.48,4.0,4.9,services
USER027,taskrabbit,2024-02-17,142.96,4.8,4.6,services
USER027,taskrabbit,2024-02-18,131.81,4.0,4.1,services
USER027,taskrabbit,2024-02-19,177.13,5.9,4.6,services
USER027,taskrabbit,2024-02-20,187.12,5.7,4.6,services
USER027,taskrabbit,2024-02-21,79.25,2.6,4.2,services
USER027,taskrabbit,2024-02-23,94.6,4.4,4.6,services
USER027,taskrabbit,2024-02-25,157.2,4.9,4.7,services
USER027,taskrabbit,2024-02-26,138.21,4.6,4.2,services
USER027,taskrabbit,2024-02-27,46.37,1.6,4.3,services
USER027,taskrabbit,2024-02-28,109.75,4.2,4.9,services
USER027,taskrabbit,2024-03-01,132.62,4.6,4.5,services
USER027,taskrabbit,2024-03-02,25.81,1.4,4.4,services
USER027,taskrabbit,2024-03-03,37.0,1.3,4.3,services
USER027,taskrabbit,2024-03-04,143.54,3.8,4.5,services
USER027,taskrabbit,2024-03-05,139.84,5.9,4.5,services
USER027,taskrabbit,2024-03-06,55.85,2.6,4.1,services
USER027,taskrabbit,2024-03-09,29.92,1.5,4.1,services
USER027,taskrabbit,2024-03-10,77.89,3.1,4.7,services
USER027,taskrabbit,2024-03-11,127.34,5.9,4.3,services
USER027,taskrabbit,2024-03-12,96.19,4.0,4.9,services
USER027,taskrabbit,2024-03-13,25.37,1.1,4.8,services
USER027,taskrabbit,2024-03-14,102.08,2.9,4.0,services
USER027,taskrabbit,2024-03-15,134.19,4.1,4.8,services
USER027,taskrabbit,2024-03-16,60.32,3.0,4.6,services
USER027,taskrabbit,2024-03-19,76.6,4.4,4.9,services
USER027,taskrabbit,2024-03-21,110.72,5.2,4.4,services
USER027,taskrabbit,2024-03-22,191.3,5.3,4.0,services
USER027,taskrabbit,2024-03-24,107.8,3.2,4.3,services
USER027,taskrabbit,2024-03-25,76.46,2.9,4.2,services
USER027,taskrabbit,2024-03-26,107.48,5.2,4.2,services
USER027,taskrabbit,2024-03-27,54.62,2.8,4.7,services
USER027,taskrabbit,2024-03-29,205.3,5.8,4.6,services
USER028,taskrabbit,2024-01-02,62.67,2.8,4.4,services
USER028,taskrabbit,2024-01-03,75.46,3.2,4.3,services
USER028,taskrabbit,2024-01-05,44.84,2.1,4.5,services
USER028,taskrabbit,2024-01-06,24.0,1.2,4.0,services
USER028,taskrabbit,2024-01-07,56.34,1.8,4.6,services
USER028,taskrabbit,2024-01-08,52.68,2.3,4.1,services
USER028,taskrabbit,2024-01-09,61.03,1.9,4.2,services
USER028,taskrabbit,2024-01-10,138.63,4.1,4.8,services
USER028,taskrabbit,2024-01-14,70.25,3.1,4.0,services
USER028,taskrabbit,2024-01-17,81.3,2.3,4.5,services
USER028,taskrabbit,2024-01-19,46.6,1.9,4.2,services
USER028,taskrabbit,2024-01-21,55.6,2.4,4.5,services
USER028,taskrabbit,2024-01-23,79.38,3.3,4.2,services
USER028,taskrabbit,2024-01-25,101.84,3.3,4.7,services
USER028,taskrabbit,2024-01-27,40.91,1.2,4.1,services
USER028,taskrabbit,2024-01-28,102.58,3.4,4.6,services
USER028,taskrabbit,2024-01-31,116.32,3.6,4.6,services
USER028,taskrabbit,2024-02-02,109.74,5.7,4.9,services
USER028,taskrabbit,2024-02-03,30.49,1.4,4.8,services
USER028,taskrabbit,2024-02-04,89.41,2.9,4.0,services
USER028,taskrabbit,2024-02-05,70.94,2.1,4.8,services
USER028,taskrabbit,2024-02-06,115.04,4.8,4.8,services
USER028,taskrabbit,2024-02-07,130.5,5.5,4.3,services
USER028,taskrabbit,2024-02-08,75.91,2.9,4.1,services
USER028,taskrabbit,2024-02-10,72.28,4.2,4.4,services
USER028,taskrabbit,2024-02-11,208.93,5.4,4.1,services
USER028,taskrabbit,2024-02-12,98.03,3.8,5.0,services
USER028,taskrabbit,2024-02-14,60.47,2.6,4.0,services
USER028,taskrabbit,2024-02-15,96.18,3.8,4.5,services
USER028,taskrabbit,2024-02-17,71.51,2.7,4.3,services
USER028,taskrabbit,2024-02-18,125.58,5.0,4.9,services
USER028,taskrabbit,2024-02-20,118.04,4.3,4.7,services
USER028,taskrabbit,2024-02-21,69.82,1.8,4.3,services
USER028,taskrabbit,2024-02-25,64.21,2.0,4.3,services
USER028,taskrabbit,2024-02-26,16.96,1.1,4.4,services
USER028,taskrabbit,2024-02-27,166.09,5.4,4.6,services
USER028,taskrabbit,2024-02-29,51.6,1.8,4.7,services
USER028,taskrabbit,2024-03-02,65.58,1.8,4.1,services
USER028,taskrabbit,2024-03-05,85.81,2.9,5.0,services
USER028,taskrabbit,2024-03-06,164.98,5.5,4.6,services
USER028,taskrabbit,2024-03-07,98.93,4.4,4.5,services
USER028,taskrabbit,2024-03-08,137.17,5.5,4.0,services
USER028,taskrabbit,2024-03-09,83.53,3.5,4.7,services
USER028,taskrabbit,2024-03-10,97.95,2.5,4.1,services
USER028,taskrabbit,2024-03-11,123.53,4.9,4.2,services
USER028,taskrabbit,2024-03-15,77.02,3.0,4.3,services
USER028,taskrabbit,2024-03-16,174.89,5.7,4.8,services
USER028,taskrabbit,2024-03-18,76.01,3.2,5.0,services
USER028,taskrabbit,2024-03-19,61.38,2.5,5.0,services
USER028,taskrabbit,2024-03-21,60.95,3.2,4.2,services
USER028,taskrabbit,2024-03-23,127.53,4.0,4.1,services
USER028,taskrabbit,2024-03-24,51.92,1.8,4.9,services
USER028,taskrabbit,2024-03-28,51.5,3.4,4.3,services
USER029,upwork,2024-01-01,95.18,3.8,5.0,freelance
USER029,upwork,2024-01-02,26.2,1.0,4.8,freelance
USER029,upwork,2024-01-05,148.16,3.6,4.1,freelance
USER029,upwork,2024-01-07,357.25,8.7,4.8,freelance
USER029,upwork,2024-01-08,137.07,3.0,4.4,freelance
USER029,upwork,2024-01-09,153.43,5.3,5.0,freelance
USER029,upwork,2024-01-10,477.13,8.3,4.9,freelance
USER029,upwork,2024-01-14,284.69,7.3,4.1,freelance
USER029,upwork,2024-01-16,185.77,2.1,4.3,freelance
USER029,upwork,2024-01-17,122.69,3.2,4.4,freelance
USER029,upwork,2024-01-22,602.09,9.1,4.4,freelance
USER029,upwork,2024-01-23,66.62,1.4,4.8,freelance
USER029,upwork,2024-01-24,421.9,5.2,4.8,freelance
USER029,upwork,2024-01-26,575.49,7.7,4.7,freelance
USER029,upwork,2024-01-30,160.93,2.5,4.1,freelance
USER029,upwork,2024-02-01,51.23,2.3,4.5,freelance
USER029,upwork,2024-02-02,68.77,2.6,4.0,freelance
USER029,upwork,2024-02-03,247.86,6.5,4.1,freelance
USER029,upwork,2024-02-06,235.06,7.1,4.7,freelance
USER029,upwork,2024-02-07,259.22,5.8,4.9,freelance
USER029,upwork,2024-02-08,409.32,7.6,5.0,freelance
USER029,upwork,2024-02-09,366.53,10.0,4.3,freelance
USER029,upwork,2024-02-10,442.43,9.7,4.8,freelance
USER029,upwork,2024-02-11,440.69,9.0,4.9,freelance
USER029,upwork,2024-02-13,369.4,9.0,4.8,freelance
USER029,upwork,2024-02-15,40.46,1.0,4.2,freelance
USER029,upwork,2024-02-17,23.91,1.4,4.8,freelance
USER029,upwork,2024-02-18,564.33,9.5,4.9,freelance
USER029,upwork,2024-02-24,324.94,5.8,4.8,freelance
USER029,upwork,2024-02-27,175.2,2.6,4.0,freelance
USER029,upwork,2024-02-28,126.51,3.2,4.1,freelance
USER029,upwork,2024-03-02,107.57,3.3,4.4,freelance
USER029,upwork,2024-03-04,284.43,3.6,4.7,freelance
USER029,upwork,2024-03-06,72.13,2.1,5.0,freelance
USER029,upwork,2024-03-07,470.57,7.8,4.2,freelance
USER029,upwork,2024-03-09,431.97,8.5,4.5,freelance
USER029,upwork,2024-03-10,432.46,8.1,4.1,freelance
USER029,upwork,2024-03-11,363.7,5.9,4.0,freelance
USER029,upwork,2024-03-15,47.57,2.3,4.8,freelance
USER029,upwork,2024-03-16,478.11,9.3,4.0,freelance
USER029,upwork,2024-03-19,525.0,8.0,4.2,freelance
USER029,upwork,2024-03-21,477.98,7.3,4.7,freelance
USER029,upwork,2024-03-25,175.42,3.9,4.9,freelance
USER029,upwork,2024-03-26,154.95,6.1,4.7,freelance
USER029,upwork,2024-03-27,250.86,7.7,4.3,freelance
USER029,upwork,2024-03-28,52.7,1.9,4.8,freelance
USER029,upwork,2024-03-29,295.55,6.0,4.8,freelance
USER029,upwork,2024-03-30,584.99,8.1,4.2,freelance
USER029,taskrabbit,2024-01-01,25.4,1.2,4.9,services
USER029,taskrabbit,2024-01-07,228.06,5.9,4.4,services
USER029,taskrabbit,2024-01-08,75.15,3.0,4.3,services
USER029,taskrabbit,2024-01-09,33.37,1.7,4.6,services
USER029,taskrabbit,2024-01-10,129.58,5.9,4.3,services
USER029,taskrabbit,2024-01-11,90.41,3.9,4.0,services
USER029,taskrabbit,2024-01-12,172.06,4.8,4.1,services
USER029,taskrabbit,2024-01-16,120.4,4.3,4.4,services
USER029,taskrabbit,2024-01-18,45.01,1.5,4.7,services
USER029,taskrabbit,2024-01-19,89.94,5.7,4.9,services
USER029,taskrabbit,2024-01-20,81.1,3.0,4.2,services
USER029,taskrabbit,2024-01-23,53.22,1.9,4.7,services
USER029,taskrabbit,2024-01-24,116.36,3.4,4.1,services
USER029,taskrabbit,2024-01-28,126.37,4.4,4.6,services
USER029,taskrabbit,2024-01-31,72.55,3.1,4.4,services
USER029,taskrabbit,2024-02-02,115.01,5.9,4.6,services
USER029,taskrabbit,2024-02-03,167.99,5.4,4.3,services
USER029,taskrabbit,2024-02-05,86.66,4.0,4.7,services
USER029,taskrabbit,2024-02-06,147.45,3.9,4.2,services
USER029,taskrabbit,2024-02-08,22.74,1.2,4.4,services
USER029,taskrabbit,2024-02-10,17.85,1.0,4.1,services
USER029,taskrabbit,2024-02-12,66.14,3.2,4.6,services
USER029,taskrabbit,2024-02-13,135.92,5.9,4.5,services
USER029,taskrabbit,2024-02-14,132.89,5.3,4.4,services
USER029,taskrabbit,2024-02-15,150.82,5.7,4.5,services
USER029,taskrabbit,2024-02-16,18.84,1.0,4.1,services
USER029,taskrabbit,2024-02-18,60.9,2.4,4.9,services
USER029,taskrabbit,2024-02-19,57.37,3.1,4.8,services
USER029,taskrabbit,2024-02-20,81.04,2.7,4.4,services
USER029,taskrabbit,2024-02-22,66.62,3.0,4.2,services
USER029,taskrabbit,2024-02-24,66.92,3.4,4.9,services
USER029,taskrabbit,2024-02-25,57.12,1.5,4.5,services
USER029,taskrabbit,2024-02-27,160.25,5.0,4.0,services
USER029,taskrabbit,2024-02-28,66.56,2.2,4.8,services
USER029,taskrabbit,2024-03-02,143.71,5.0,4.2,services
USER029,taskrabbit,2024-03-03,38.05,1.7,4.8,services
USER029,taskrabbit,2024-03-05,70.91,3.4,4.7,services
USER029,taskrabbit,2024-03-07,61.93,2.4,4.4,services
USER029,taskrabbit,2024-03-10,57.94,3.4,4.2,services
USER029,taskrabbit,2024-03-11,71.37,3.4,4.3,services
USER029,taskrabbit,2024-03-12,30.81,1.1,4.6,services
USER029,taskrabbit,2024-03-13,30.06,1.2,4.5,services
USER029,taskrabbit,2024-03-15,141.74,3.7,4.2,services
USER029,taskrabbit,2024-03-16,23.14,1.2,4.6,services
USER029,taskrabbit,2024-03-17,87.97,3.9,4.2,services
USER029,taskrabbit,2024-03-18,39.39,1.6,4.8,services
USER029,taskrabbit,2024-03-19,112.73,4.8,4.7,services
USER029,taskrabbit,2024-03-20,104.88,4.5,4.8,services
USER029,taskrabbit,2024-03-22,55.43,2.7,4.6,services
USER029,taskrabbit,2024-03-24,65.37,2.7,4.5,services
USER029,taskrabbit,2024-03-26,65.74,4.1,4.3,services
USER029,taskrabbit,2024-03-27,105.89,4.7,4.2,services
USER029,taskrabbit,2024-03-28,71.25,3.3,4.2,services
USER029,taskrabbit,2024-03-29,98.08,5.6,4.6,services
USER029,instacart,2024-01-01,30.0,2.1,4.9,delivery
USER029,instacart,2024-01-02,44.26,3.6,4.7,delivery
USER029,instacart,2024-01-04,38.74,2.5,4.1,delivery
USER029,instacart,2024-01-05,53.4,2.9,4.6,delivery
USER029,instacart,2024-01-13,97.04,4.7,5.0,delivery
USER029,instacart,2024-01-14,101.04,6.6,4.3,delivery
USER029,instacart,2024-01-15,92.44,6.4,4.4,delivery
USER029,instacart,2024-01-16,140.26,7.5,4.1,delivery
USER029,instacart,2024-01-19,113.78,7.6,4.5,delivery
USER029,instacart,2024-01-21,35.09,1.9,4.5,delivery
USER029,instacart,2024-01-22,96.03,7.4,4.6,delivery
USER029,instacart,2024-01-24,56.22,3.4,4.3,delivery
USER029,instacart,2024-01-25,28.58,2.2,4.9,delivery
USER029,instacart,2024-01-26,49.41,2.5,4.5,delivery
USER029,instacart,2024-01-28,93.92,4.8,4.3,delivery
USER029,instacart,2024-01-29,79.97,6.9,4.8,delivery
USER029,instacart,2024-02-04,87.04,6.2,4.1,delivery
USER029,instacart,2024-02-06,86.96,4.1,4.6,delivery
USER029,instacart,2024-02-07,107.48,7.8,4.1,delivery
USER029,instacart,2024-02-08,31.65,1.8,4.6,delivery
USER029,instacart,2024-02-10,88.23,6.7,4.6,delivery
USER029,instacart,2024-02-11,97.54,7.4,4.2,delivery
USER029,instacart,2024-02-13,57.83,3.2,4.5,delivery
USER029,instacart,2024-02-14,17.65,1.3,4.9,delivery
USER029,instacart,2024-02-15,30.19,1.6,4.3,delivery
USER029,instacart,2024-02-16,26.98,1.9,4.8,delivery
USER029,instacart,2024-02-17,58.58,3.6,4.3,delivery
USER029,instacart,2024-02-18,103.6,6.1,4.0,delivery
USER029,instacart,2024-02-19,42.59,2.7,4.6,delivery
USER029,instacart,2024-02-20,131.51,8.0,4.8,delivery
USER029,instacart,2024-02-23,20.77,1.4,4.9,delivery
USER029,instacart,2024-02-25,136.85,7.2,4.7,delivery
USER029,instacart,2024-02-26,146.14,7.7,4.5,delivery
USER029,instacart,2024-02-27,45.84,2.7,4.7,delivery
USER029,instacart,2024-02-28,58.53,3.8,4.7,delivery
USER029,instacart,2024-02-29,95.23,5.7,4.5,delivery
USER029,instacart,2024-03-03,18.96,1.1,4.8,delivery
USER029,instacart,2024-03-04,119.54,6.9,4.1,delivery
USER029,instacart,2024-03-06,19.29,1.3,4.9,delivery
USER029,instacart,2024-03-08,64.83,3.6,4.9,delivery
USER029,instacart,2024-03-09,104.93,6.0,4.5,delivery
USER029,instacart,2024-03-10,104.28,7.1,4.7,delivery
USER029,instacart,2024-03-11,108.39,6.5,4.5,delivery
USER029,instacart,2024-03-13,19.92,1.2,4.1,delivery
USER029,instacart,2024-03-14,92.17,4.6,4.3,delivery
USER029,instacart,2024-03-16,106.16,5.9,4.3,delivery
USER029,instacart,2024-03-17,124.72,8.0,4.2,delivery
USER029,instacart,2024-03-18,117.36,6.8,4.5,delivery
USER029,instacart,2024-03-19,38.61,1.9,4.8,delivery
USER029,instacart,2024-03-21,73.01,4.2,4.9,delivery
USER029,instacart,2024-03-22,86.93,7.8,4.1,delivery
USER029,instacart,2024-03-24,86.43,5.5,4.0,delivery
USER029,instacart,2024-03-25,15.74,1.5,4.8,delivery
USER029,instacart,2024-03-27,131.05,7.9,5.0,delivery
USER030,uber,2024-01-01,159.6,10.1,4.3,rideshare
USER030,uber,2024-01-02,214.71,10.4,4.0,rideshare
USER030,uber,2024-01-04,162.68,7.0,4.8,rideshare
USER030,uber,2024-01-05,318.03,11.1,4.9,rideshare
USER030,uber,2024-01-07,132.92,5.5,4.1,rideshare
USER030,uber,2024-01-12,70.68,4.9,4.5,rideshare
USER030,uber,2024-01-13,62.08,3.4,4.2,rideshare
USER030,uber,2024-01-15,118.21,8.0,4.2,rideshare
USER030,uber,2024-01-16,45.88,2.8,4.0,rideshare
USER030,uber,2024-01-19,189.78,11.4,4.4,rideshare
USER030,uber,2024-01-20,117.79,4.4,4.4,rideshare
USER030,uber,2024-01-23,146.6,9.5,4.8,rideshare
USER030,uber,2024-01-27,128.4,5.6,4.6,rideshare
USER030,uber,2024-01-30,70.07,2.7,4.2,rideshare
USER030,uber,2024-02-02,45.09,2.5,4.6,rideshare
USER030,uber,2024-02-03,132.16,8.3,4.8,rideshare
USER030,uber,2024-02-05,112.24,7.2,4.7,rideshare
USER030,uber,2024-02-06,153.18,11.0,4.5,rideshare
USER030,uber,2024-02-07,83.66,5.0,4.7,rideshare
USER030,uber,2024-02-08,65.92,3.4,4.2,rideshare
USER030,uber,2024-02-09,60.12,2.5,4.5,rideshare
USER030,uber,2024-02-12,154.68,7.6,4.8,rideshare
USER030,uber,2024-02-13,43.48,2.2,5.0,rideshare
USER030,uber,2024-02-14,172.4,9.6,4.6,rideshare
USER030,uber,2024-02-17,168.95,9.8,4.6,rideshare
USER030,uber,2024-02-23,120.06,5.0,4.4,rideshare
USER030,uber,2024-02-24,102.44,4.5,4.1,rideshare
USER030,uber,2024-02-25,106.78,5.1,5.0,rideshare
USER030,uber,2024-02-26,57.15,3.9,4.8,rideshare
USER030,uber,2024-02-28,184.53,11.7,4.6,rideshare
USER030,uber,2024-03-01,258.94,11.9,4.4,rideshare
USER030,uber,2024-03-02,215.56,11.7,4.4,rideshare
USER030,uber,2024-03-04,227.64,9.2,4.2,rideshare
USER030,uber,2024-03-07,171.57,11.5,4.9,rideshare
USER030,uber,2024-03-15,153.49,9.0,4.3,rideshare
USER030,uber,2024-03-16,84.52,3.5,4.4,rideshare
USER030,uber,2024-03-18,165.54,9.8,4.4,rideshare
USER030,uber,2024-03-19,130.47,10.3,4.5,rideshare
USER030,uber,2024-03-20,165.11,8.9,4.2,rideshare
USER030,uber,2024-03-21,269.03,11.8,4.3,rideshare
USER030,uber,2024-03-22,117.43,7.4,4.8,rideshare
USER030,uber,2024-03-23,135.46,8.3,4.0,rideshare
USER030,uber,2024-03-25,40.61,2.1,4.4,rideshare
USER030,uber,2024-03-26,51.49,2.6,4.8,rideshare
USER030,uber,2024-03-28,153.96,8.7,4.3,rideshare
USER030,taskrabbit,2024-01-01,72.72,3.6,4.3,services
USER030,taskrabbit,2024-01-02,139.04,5.3,4.5,services
USER030,taskrabbit,2024-01-05,199.35,5.7,4.6,services
USER030,taskrabbit,2024-01-06,92.26,4.2,4.9,services
USER030,taskrabbit,2024-01-07,68.53,3.0,4.9,services
USER030,taskrabbit,2024-01-11,27.52,1.7,4.8,services
USER030,taskrabbit,2024-01-13,92.05,3.4,4.0,services
USER030,taskrabbit,2024-01-14,132.72,4.0,4.3,services
USER030,taskrabbit,2024-01-15,81.6,3.7,4.2,services
USER030,taskrabbit,2024-01-16,147.46,5.7,4.3,services
USER030,taskrabbit,2024-01-18,116.83,5.8,4.5,services
USER030,taskrabbit,2024-01-19,110.64,5.2,4.2,services
USER030,taskrabbit,2024-01-20,23.93,1.0,4.8,services
USER030,taskrabbit,2024-01-21,99.12,4.3,4.5,services
USER030,taskrabbit,2024-01-22,34.01,1.6,4.1,services
USER030,taskrabbit,2024-01-24,33.2,1.2,4.9,services
USER030,taskrabbit,2024-01-25,60.98,3.0,5.0,services
USER030,taskrabbit,2024-01-26,121.23,6.0,4.2,services
USER030,taskrabbit,2024-01-27,55.77,3.4,4.1,services
USER030,taskrabbit,2024-01-28,118.38,4.3,4.2,services
USER030,taskrabbit,2024-01-29,30.21,1.5,4.8,services
USER030,taskrabbit,2024-01-30,79.03,4.1,4.9,services
USER030,taskrabbit,2024-01-31,84.78,2.7,4.8,services
USER030,taskrabbit,2024-02-02,147.02,5.3,4.8,services
USER030,taskrabbit,2024-02-03,72.61,3.6,5.0,services
USER030,taskrabbit,2024-02-04,89.89,3.9,4.7,services
USER030,taskrabbit,2024-02-05,117.59,3.7,4.4,services
USER030,taskrabbit,2024-02-07,39.04,1.3,4.5,services
USER030,taskrabbit,2024-02-09,135.59,5.3,4.8,services
USER030,taskrabbit,2024-02-10,76.23,4.3,4.2,services
USER030,taskrabbit,2024-02-11,40.35,1.4,4.9,services
USER030,taskrabbit,2024-02-12,112.91,3.7,4.1,services
USER030,taskrabbit,2024-02-13,130.24,4.7,4.8,services
USER030,taskrabbit,2024-02-14,60.35,1.7,5.0,services
USER030,taskrabbit,2024-02-17,106.77,4.4,4.6,services
USER030,taskrabbit,2024-02-18,197.56,5.3,4.1,services
USER030,taskrabbit,2024-02-24,111.25,3.2,4.7,services
USER030,taskrabbit,2024-02-25,134.43,4.2,4.6,services
USER030,taskrabbit,2024-02-28,25.49,1.4,4.6,services
USER030,taskrabbit,2024-02-29,133.07,4.8,4.7,services
USER030,taskrabbit,2024-03-01,74.64,2.2,4.4,services
USER030,taskrabbit,2024-03-02,139.27,5.9,4.9,services
USER030,taskrabbit,2024-03-03,35.56,1.4,4.7,services
USER030,taskrabbit,2024-03-05,99.9,3.5,4.9,services
USER030,taskrabbit,2024-03-06,100.86,3.5,4.8,services
USER030,taskrabbit,2024-03-07,63.52,2.0,4.0,services
USER030,taskrabbit,2024-03-09,70.44,3.0,4.6,services
USER030,taskrabbit,2024-03-10,35.98,2.3,4.9,services
USER030,taskrabbit,2024-03-11,106.24,2.9,4.7,services
USER030,taskrabbit,2024-03-12,27.43,1.6,4.5,services
USER030,taskrabbit,2024-03-14,64.52,2.3,4.4,services
USER030,taskrabbit,2024-03-15,66.43,2.8,4.3,services
USER030,taskrabbit,2024-03-18,95.29,3.9,4.4,services
USER030,taskrabbit,2024-03-21,226.41,5.6,4.3,services
USER030,taskrabbit,2024-03-22,79.34,4.4,4.5,services
USER030,taskrabbit,2024-03-23,138.66,3.4,4.3,services
USER030,taskrabbit,2024-03-24,86.84,3.0,4.9,services
USER030,taskrabbit,2024-03-25,125.66,4.9,4.2,services
USER030,taskrabbit,2024-03-27,76.98,3.0,5.0,services
USER030,taskrabbit,2024-03-28,75.09,2.9,4.3,services
USER030,lyft,2024-01-02,33.74,2.1,4.6,rideshare
USER030,lyft,2024-01-06,270.09,11.1,4.2,rideshare
USER030,lyft,2024-01-07,111.35,5.3,4.8,rideshare
USER030,lyft,2024-01-08,92.58,5.9,4.3,rideshare
USER030,lyft,2024-01-09,83.02,4.0,4.2,rideshare
USER030,lyft,2024-01-11,210.2,9.3,4.1,rideshare
USER030,lyft,2024-01-13,41.16,2.2,5.0,rideshare
USER030,lyft,2024-01-14,216.46,10.0,4.8,rideshare
USER030,lyft,2024-01-15,81.87,3.8,4.5,rideshare
USER030,lyft,2024-01-18,188.2,8.1,4.8,rideshare
USER030,lyft,2024-01-19,81.42,4.4,4.6,rideshare
USER030,lyft,2024-01-21,277.56,11.4,4.9,rideshare
USER030,lyft,2024-01-23,270.01,10.6,4.4,rideshare
USER030,lyft,2024-01-25,161.73,10.6,4.7,rideshare
USER030,lyft,2024-01-26,247.52,10.9,4.6,rideshare
USER030,lyft,2024-01-28,221.69,10.7,4.8,rideshare
USER030,lyft,2024-01-29,105.63,5.0,4.1,rideshare
USER030,lyft,2024-01-30,210.62,11.9,4.9,rideshare
USER030,lyft,2024-01-31,50.56,3.6,4.6,rideshare
USER030,lyft,2024-02-01,58.03,2.7,4.6,rideshare
USER030,lyft,2024-02-04,83.45,5.2,4.3,rideshare
USER030,lyft,2024-02-05,163.49,8.3,4.7,rideshare
USER030,lyft,2024-02-07,134.45,7.2,4.4,rideshare
USER030,lyft,2024-02-10,257.61,8.9,4.4,rideshare
USER030,lyft,2024-02-14,154.34,9.5,4.8,rideshare
USER030,lyft,2024-02-18,58.6,2.7,4.8,rideshare
USER030,lyft,2024-02-21,144.0,10.4,4.6,rideshare
USER030,lyft,2024-02-26,244.87,10.9,4.4,rideshare
USER030,lyft,2024-02-27,120.31,7.5,4.5,rideshare
USER030,lyft,2024-02-29,166.2,8.7,4.2,rideshare
USER030,lyft,2024-03-01,107.54,4.6,4.6,rideshare
USER030,lyft,2024-03-02,59.68,3.5,4.0,rideshare
USER030,lyft,2024-03-03,184.62,10.2,4.7,rideshare
USER030,lyft,2024-03-04,80.03,4.4,4.1,rideshare
USER030,lyft,2024-03-09,79.38,4.2,4.7,rideshare
USER030,lyft,2024-03-10,141.28,7.8,4.8,rideshare
USER030,lyft,2024-03-11,70.61,3.6,4.9,rideshare
USER030,lyft,2024-03-12,59.64,3.7,4.4,rideshare
USER030,lyft,2024-03-13,59.71,2.8,4.6,rideshare
USER030,lyft,2024-03-14,118.99,5.3,5.0,rideshare
USER030,lyft,2024-03-17,188.1,11.4,4.1,rideshare
USER030,lyft,2024-03-19,134.46,6.9,4.4,rideshare
USER030,lyft,2024-03-20,92.77,5.3,4.6,rideshare
USER030,lyft,2024-03-22,81.15,3.2,4.6,rideshare
USER030,lyft,2024-03-24,113.09,7.7,4.2,rideshare
USER030,lyft,2024-03-25,190.37,8.0,4.9,rideshare
USER030,lyft,2024-03-27,192.15,10.2,5.0,rideshare
USER030,lyft,2024-03-29,39.8,2.3,5.0,rideshare
USER030,lyft,2024-03-30,188.9,9.3,4.1,rideshare
USER031,doordash,2024-01-01,77.83,6.3,4.8,delivery
USER031,doordash,2024-01-03,110.14,7.0,4.7,delivery
USER031,doordash,2024-01-08,77.12,4.7,4.8,delivery
USER031,doordash,2024-01-12,85.19,7.8,4.4,delivery
USER031,doordash,2024-01-13,100.97,6.6,4.5,delivery
USER031,doordash,2024-01-14,167.38,7.7,4.6,delivery
USER031,doordash,2024-01-16,86.94,5.5,4.9,delivery
USER031,doordash,2024-01-20,45.84,2.9,4.5,delivery
USER031,doordash,2024-01-21,141.39,7.4,5.0,delivery
USER031,doordash,2024-01-22,82.13,4.5,4.1,delivery
USER031,doordash,2024-01-23,88.42,6.1,4.2,delivery
USER031,doordash,2024-01-27,30.15,2.0,4.8,delivery
USER031,doordash,2024-01-29,30.39,1.7,4.0,delivery
USER031,doordash,2024-01-31,48.82,3.4,4.5,delivery
USER031,doordash,2024-02-01,114.94,7.5,4.2,delivery
USER031,doordash,2024-02-02,43.8,3.7,4.0,delivery
USER031,doordash,2024-02-03,89.58,5.7,4.5,delivery
USER031,doordash,2024-02-04,34.13,2.2,4.0,delivery
USER031,doordash,2024-02-05,82.8,4.7,4.9,delivery
USER031,doordash,2024-02-06,29.48,1.9,4.4,delivery
USER031,doordash,2024-02-07,49.86,2.4,5.0,delivery
USER031,doordash,2024-02-08,110.55,6.5,4.7,delivery
USER031,doordash,2024-02-09,120.08,6.0,4.3,delivery
USER031,doordash,2024-02-11,106.63,6.4,4.5,delivery
USER031,doordash,2024-02-12,104.1,7.5,4.5,delivery
USER031,doordash,2024-02-13,39.41,1.9,4.3,delivery
USER031,doordash,2024-02-14,32.16,2.1,4.5,delivery
USER031,doordash,2024-02-15,68.25,5.3,4.6,delivery
USER031,doordash,2024-02-16,69.51,5.3,4.7,delivery
USER031,doordash,2024-02-17,76.36,5.1,4.1,delivery
USER031,doordash,2024-02-19,31.75,1.7,5.0,delivery
USER031,doordash,2024-02-20,82.85,5.4,4.7,delivery
USER031,doordash,2024-02-22,13.18,1.1,4.9,delivery
USER031,doordash,2024-02-24,73.18,4.2,4.8,delivery
USER031,doordash,2024-02-26,101.27,6.4,4.3,delivery
USER031,doordash,2024-02-29,41.23,2.0,4.5,delivery
USER031,doordash,2024-03-01,14.82,1.4,4.8,delivery
USER031,doordash,2024-03-02,99.31,6.6,4.4,delivery
USER031,doordash,2024-03-03,53.85,2.9,4.5,delivery
USER031,doordash,2024-03-04,11.31,1.1,4.7,delivery
USER031,doordash,2024-03-05,75.97,5.1,4.1,delivery
USER031,doordash,2024-03-06,19.93,1.6,4.4,delivery
USER031,doordash,2024-03-07,69.44,6.0,5.0,delivery
USER031,doordash,2024-03-09,151.22,7.7,4.2,delivery
USER031,doordash,2024-03-10,24.76,2.4,4.4,delivery
USER031,doordash,2024-03-11,105.94,5.7,4.7,delivery
USER031,doordash,2024-03-12,39.79,2.4,4.3,delivery
USER031,doordash,2024-03-17,163.52,7.6,4.8,delivery
USER031,doordash,2024-03-19,37.82,3.5,4.2,delivery
USER031,doordash,2024-03-20,17.56,1.1,4.3,delivery
USER031,doordash,2024-03-21,104.32,7.8,4.0,delivery
USER031,doordash,2024-03-22,53.08,4.1,4.5,delivery
USER031,doordash,2024-03-24,45.68,2.8,4.8,delivery
USER031,doordash,2024-03-25,99.05,4.9,4.7,delivery
USER031,doordash,2024-03-27,89.23,5.7,4.3,delivery
USER031,doordash,2024-03-28,60.24,5.3,4.6,delivery
USER031,doordash,2024-03-30,131.4,7.4,4.5,delivery
USER032,ubereats,2024-01-01,54.26,4.1,4.4,delivery
USER032,ubereats,2024-01-04,127.28,7.7,4.5,delivery
USER032,ubereats,2024-01-06,51.36,2.7,4.8,delivery
USER032,ubereats,2024-01-07,80.18,5.8,4.6,delivery
USER032,ubereats,2024-01-08,31.06,1.8,4.8,delivery
USER032,ubereats,2024-01-09,61.05,2.8,4.8,delivery
USER032,ubereats,2024-01-11,18.32,1.4,4.9,delivery
USER032,ubereats,2024-01-13,112.05,6.9,4.7,delivery
USER032,ubereats,2024-01-16,139.99,7.3,5.0,delivery
USER032,ubereats,2024-01-17,92.5,5.9,4.5,delivery
USER032,ubereats,2024-01-18,117.86,5.1,4.9,delivery
USER032,ubereats,2024-01-19,20.42,1.2,4.5,delivery
USER032,ubereats,2024-01-20,65.48,5.6,4.8,delivery
USER032,ubereats,2024-01-21,56.14,3.8,4.5,delivery
USER032,ubereats,2024-01-22,114.03,7.6,4.5,delivery
USER032,ubereats,2024-01-24,147.25,7.8,4.9,delivery
USER032,ubereats,2024-01-25,14.98,1.2,4.4,delivery
USER032,ubereats,2024-01-26,102.79,6.8,4.2,delivery
USER032,ubereats,2024-01-27,60.86,3.8,4.7,delivery
USER032,ubereats,2024-01-29,97.63,6.7,4.2,delivery
USER032,ubereats,2024-01-31,74.92,4.2,4.6,delivery
USER032,ubereats,2024-02-03,50.77,2.9,4.2,delivery
USER032,ubereats,2024-02-04,32.16,1.6,4.1,delivery
USER032,ubereats,2024-02-05,69.77,4.9,4.5,delivery
USER032,ubereats,2024-02-08,78.71,6.1,4.8,delivery
USER032,ubereats,2024-02-09,130.24,6.6,4.4,delivery
USER032,ubereats,2024-02-10,62.66,5.2,4.6,delivery
USER032,ubereats,2024-02-12,116.18,6.0,4.4,delivery
USER032,ubereats,2024-02-13,32.44,2.1,4.2,delivery
USER032,ubereats,2024-02-14,37.51,2.1,4.6,delivery
USER032,ubereats,2024-02-15,50.81,2.9,4.0,delivery
USER032,ubereats,2024-02-19,79.61,5.9,4.0,delivery
USER032,ubereats,2024-02-20,64.43,3.8,5.0,delivery
USER032,ubereats,2024-02-21,20.09,1.5,4.8,delivery
USER032,ubereats,2024-02-22,85.04,8.0,4.9,delivery
USER032,ubereats,2024-02-24,144.42,7.9,4.2,delivery
USER032,ubereats,2024-02-26,39.71,2.6,4.4,delivery
USER032,ubereats,2024-02-27,43.16,2.7,4.3,delivery
USER032,ubereats,2024-02-28,106.07,6.5,4.9,delivery
USER032,ubereats,2024-02-29,122.66,6.3,4.3,delivery
USER032,ubereats,2024-03-02,131.97,7.1,4.3,delivery
USER032,ubereats,2024-03-04,88.23,4.3,4.9,delivery
USER032,ubereats,2024-03-06,98.77,5.9,4.6,delivery
USER032,ubereats,2024-03-07,68.68,4.8,4.0,delivery
USER032,ubereats,2024-03-08,34.23,2.0,4.4,delivery
USER032,ubereats,2024-03-09,28.97,1.7,4.3,delivery
USER032,ubereats,2024-03-10,49.92,3.6,4.4,delivery
USER032,ubereats,2024-03-15,78.75,4.8,4.5,delivery
USER032,ubereats,2024-03-16,115.2,7.1,4.6,delivery
USER032,ubereats,2024-03-19,26.25,1.9,4.2,delivery
USER032,ubereats,2024-03-23,114.79,7.2,4.1,delivery
USER032,ubereats,2024-03-24,83.54,6.1,4.6,delivery
USER032,ubereats,2024-03-26,53.84,3.9,5.0,delivery
USER032,ubereats,2024-03-28,56.97,3.3,4.4,delivery
USER032,ubereats,2024-03-29,70.19,5.6,4.8,delivery
USER032,ubereats,2024-03-30,44.54,2.8,4.9,delivery
USER032,upwork,2024-01-03,678.85,8.8,4.4,freelance
USER032,upwork,2024-01-04,168.61,4.9,4.8,freelance
USER032,upwork,2024-01-06,380.2,5.4,4.5,freelance
USER032,upwork,2024-01-07,498.76,9.6,5.0,freelance
USER032,upwork,2024-01-08,316.6,6.5,4.2,freelance
USER032,upwork,2024-01-10,167.19,4.4,4.6,freelance
USER032,upwork,2024-01-12,77.71,2.0,4.6,freelance
USER032,upwork,2024-01-13,95.87,1.1,4.4,freelance
USER032,upwork,2024-01-15,84.62,2.6,4.5,freelance
USER032,upwork,2024-01-17,192.47,3.8,4.3,freelance
USER032,upwork,2024-01-18,33.83,1.7,5.0,freelance
USER032,upwork,2024-01-19,728.44,8.7,4.3,freelance
USER032,upwork,2024-01-23,365.25,5.8,4.6,freelance
USER032,upwork,2024-01-25,263.06,6.0,4.1,freelance
USER032,upwork,2024-01-26,361.33,4.2,4.9,freelance
USER032,upwork,2024-01-28,234.25,7.5,4.9,freelance
USER032,upwork,2024-01-30,49.89,2.0,4.2,freelance
USER032,upwork,2024-01-31,538.31,9.0,4.4,freelance
USER032,upwork,2024-02-04,223.26,4.2,4.2,freelance
USER032,upwork,2024-02-07,210.18,7.0,4.2,freelance
USER032,upwork,2024-02-08,342.82,8.2,4.3,freelance
USER032,upwork,2024-02-09,267.69,3.3,4.3,freelance
USER032,upwork,2024-02-10,647.02,8.8,4.1,freelance
USER032,upwork,2024-02-11,355.23,9.4,4.3,freelance
USER032,upwork,2024-02-12,497.85,7.6,4.9,freelance
USER032,upwork,2024-02-15,299.6,4.6,4.7,freelance
USER032,upwork,2024-02-18,93.18,2.7,4.5,freelance
USER032,upwork,2024-02-22,136.9,5.9,4.1,freelance
USER032,upwork,2024-02-26,165.05,2.7,5.0,freelance
USER032,upwork,2024-02-28,404.76,8.5,4.9,freelance
USER032,upwork,2024-02-29,103.13,3.8,4.9,freelance
USER032,upwork,2024-03-03,208.7,8.9,4.5,freelance
USER032,upwork,2024-03-04,138.54,4.8,4.3,freelance
USER032,upwork,2024-03-05,230.68,4.2,4.1,freelance
USER032,upwork,2024-03-06,662.81,8.9,4.5,freelance
USER032,upwork,2024-03-08,139.2,2.0,4.7,freelance
USER032,upwork,2024-03-11,125.5,2.1,5.0,freelance
USER032,upwork,2024-03-12,197.23,5.8,4.6,freelance
USER032,upwork,2024-03-13,506.26,5.7,4.9,freelance
USER032,upwork,2024-03-15,375.72,9.9,4.7,freelance
USER032,upwork,2024-03-17,452.37,7.1,4.2,freelance
USER032,upwork,2024-03-21,500.56,7.4,4.1,freelance
USER032,upwork,2024-03-22,158.94,3.0,4.5,freelance
USER032,upwork,2024-03-23,134.62,2.4,4.6,freelance
USER032,upwork,2024-03-24,174.59,9.3,4.9,freelance
USER032,upwork,2024-03-25,312.42,8.8,4.7,freelance
USER032,upwork,2024-03-26,61.87,2.3,4.1,freelance
USER032,upwork,2024-03-27,25.68,1.0,4.5,freelance
USER032,upwork,2024-03-28,48.88,1.4,4.8,freelance
USER032,upwork,2024-03-29,715.78,9.3,4.7,freelance
USER032,upwork,2024-03-30,387.05,8.4,4.4,freelance
USER033,instacart,2024-01-01,118.71,7.3,4.3,delivery
USER033,instacart,2024-01-02,110.45,5.1,4.8,delivery
USER033,instacart,2024-01-03,118.59,6.4,4.1,delivery
USER033,instacart,2024-01-04,111.44,7.9,4.7,delivery
USER033,instacart,2024-01-05,88.38,6.1,4.5,delivery
USER033,instacart,2024-01-08,51.0,3.0,4.7,delivery
USER033,instacart,2024-01-09,71.98,3.3,4.0,delivery
USER033,instacart,2024-01-10,64.9,3.7,4.1,delivery
USER033,instacart,2024-01-12,114.71,7.1,4.7,delivery
USER033,instacart,2024-01-16,48.84,3.3,4.8,delivery
USER033,instacart,2024-01-18,22.94,1.3,4.4,delivery
USER033,instacart,2024-01-19,47.03,3.9,4.6,delivery
USER033,instacart,2024-01-20,84.83,5.0,4.4,delivery
USER033,instacart,2024-01-21,31.14,2.6,4.6,delivery
USER033,instacart,2024-01-23,133.75,8.0,4.5,delivery
USER033,instacart,2024-01-25,67.1,5.1,4.5,delivery
USER033,instacart,2024-01-26,61.3,3.6,4.2,delivery
USER033,instacart,2024-01-27,55.17,4.0,5.0,delivery
USER033,instacart,2024-01-28,93.88,4.7,4.9,delivery
USER033,instacart,2024-01-29,25.54,1.6,4.8,delivery
USER033,instacart,2024-01-31,164.51,7.6,4.4,delivery
USER033,instacart,2024-02-01,35.88,1.8,4.3,delivery
USER033,instacart,2024-02-02,75.8,4.4,4.2,delivery
USER033,instacart,2024-02-03,113.73,6.6,4.1,delivery
USER033,instacart,2024-02-04,57.82,3.8,4.3,delivery
USER033,instacart,2024-02-05,73.42,4.3,4.1,delivery
USER033,instacart,2024-02-06,162.33,8.0,4.7,delivery
USER033,instacart,2024-02-07,34.29,1.7,4.7,delivery
USER033,instacart,2024-02-08,23.96,1.3,4.5,delivery
USER033,instacart,2024-02-09,35.96,1.9,4.5,delivery
USER033,instacart,2024-02-10,102.96,7.6,4.6,delivery
USER033,instacart,2024-02-11,54.48,3.4,4.1,delivery
USER033,instacart,2024-02-12,62.91,2.9,5.0,delivery
USER033,instacart,2024-02-13,117.98,5.3,4.9,delivery
USER033,instacart,2024-02-14,58.17,4.4,4.9,delivery
USER033,instacart,2024-02-15,36.93,2.8,4.1,delivery
USER033,instacart,2024-02-17,109.83,4.8,4.8,delivery
USER033,instacart,2024-02-18,95.92,6.5,4.6,delivery
USER033,instacart,2024-02-20,37.28,3.6,4.2,delivery
USER033,instacart,2024-02-21,154.33,7.9,4.3,delivery
USER033,instacart,2024-02-22,22.18,1.3,4.9,delivery
USER033,instacart,2024-02-24,29.65,2.0,4.5,delivery
USER033,instacart,2024-02-26,17.89,1.0,4.9,delivery
USER033,instacart,2024-03-01,93.6,6.0,4.2,delivery
USER033,instacart,2024-03-04,66.23,4.9,4.9,delivery
USER033,instacart,2024-03-05,48.95,3.0,4.1,delivery
USER033,instacart,2024-03-07,120.26,6.0,5.0,delivery
USER033,instacart,2024-03-08,61.16,4.8,4.8,delivery
USER033,instacart,2024-03-10,33.78,2.1,4.7,delivery
USER033,instacart,2024-03-11,29.95,1.5,4.2,delivery
USER033,instacart,2024-03-14,100.72,6.3,4.3,delivery
USER033,instacart,2024-03-16,104.64,7.0,4.4,delivery
USER033,instacart,2024-03-18,46.01,2.5,4.3,delivery
USER033,instacart,2024-03-19,35.62,2.4,4.2,delivery
USER033,instacart,2024-03-21,173.38,7.4,4.3,delivery
USER033,instacart,2024-03-23,22.63,1.4,4.9,delivery
USER033,instacart,2024-03-25,43.45,3.3,5.0,delivery
USER033,instacart,2024-03-26,81.05,6.1,4.0,delivery
USER033,instacart,2024-03-29,61.59,5.4,4.0,delivery
USER034,ubereats,2024-01-01,23.95,1.7,4.9,delivery
USER034,ubereats,2024-01-02,21.0,1.1,4.3,delivery
USER034,ubereats,2024-01-05,31.06,2.2,4.7,delivery
USER034,ubereats,2024-01-06,109.37,6.7,4.7,delivery
USER034,ubereats,2024-01-07,11.23,1.0,4.1,delivery
USER034,ubereats,2024-01-08,97.65,6.6,4.9,delivery
USER034,ubereats,2024-01-09,58.55,3.9,4.9,delivery
USER034,ubereats,2024-01-10,35.08,2.5,4.2,delivery
USER034,ubereats,2024-01-15,73.86,5.3,4.3,delivery
USER034,ubereats,2024-01-17,122.24,5.9,4.5,delivery
USER034,ubereats,2024-01-18,120.03,6.0,4.4,delivery
USER034,ubereats,2024-01-19,71.58,6.3,4.0,delivery
USER034,ubereats,2024-01-20,125.04,5.4,4.8,delivery
USER034,ubereats,2024-01-21,70.93,5.1,4.3,delivery
USER034,ubereats,2024-01-24,104.41,5.9,4.1,delivery
USER034,ubereats,2024-01-25,148.22,7.4,5.0,delivery
USER034,ubereats,2024-01-26,145.13,7.2,4.4,delivery
USER034,ubereats,2024-01-28,63.96,5.0,4.4,delivery
USER034,ubereats,2024-01-29,99.31,7.7,4.6,delivery
USER034,ubereats,2024-01-31,128.94,7.4,4.1,delivery
USER034,ubereats,2024-02-01,62.98,4.3,4.7,delivery
USER034,ubereats,2024-02-02,48.7,2.9,4.7,delivery
USER034,ubereats,2024-02-05,85.96,5.1,4.4,delivery
USER034,ubereats,2024-02-06,50.7,4.4,4.8,delivery
USER034,ubereats,2024-02-07,38.9,2.5,4.8,delivery
USER034,ubereats,2024-02-08,45.19,3.7,4.9,delivery
USER034,ubereats,2024-02-09,53.42,4.8,4.1,delivery
USER034,ubereats,2024-02-10,99.59,5.9,4.8,delivery
USER034,ubereats,2024-02-11,30.71,1.5,4.0,delivery
USER034,ubereats,2024-02-12,81.08,4.0,4.4,delivery
USER034,ubereats,2024-02-13,101.06,4.8,4.5,delivery
USER034,ubereats,2024-02-14,80.79,7.3,4.4,delivery
USER034,ubereats,2024-02-15,89.5,7.5,4.7,delivery
USER034,ubereats,2024-02-18,147.02,8.0,5.0,delivery
USER034,ubereats,2024-02-19,110.63,7.0,4.6,delivery
USER034,ubereats,2024-02-20,27.36,2.2,5.0,delivery
USER034,ubereats,2024-02-21,139.46,7.2,4.9,delivery
USER034,ubereats,2024-02-22,57.75,4.6,4.5,delivery
USER034,ubereats,2024-02-23,50.48,5.2,4.4,delivery
USER034,ubereats,2024-02-24,34.19,2.1,4.6,delivery
USER034,ubereats,2024-02-25,99.92,7.7,4.8,delivery
USER034,ubereats,2024-02-27,121.75,7.4,4.5,delivery
USER034,ubereats,2024-03-02,99.28,6.4,4.2,delivery
USER034,ubereats,2024-03-03,26.68,1.6,4.3,delivery
USER034,ubereats,2024-03-06,29.91,1.7,4.0,delivery
USER034,ubereats,2024-03-07,60.25,3.4,4.5,delivery
USER034,ubereats,2024-03-10,69.95,3.6,4.5,delivery
USER034,ubereats,2024-03-11,115.79,6.6,5.0,delivery
USER034,ubereats,2024-03-12,20.89,1.7,4.2,delivery
USER034,ubereats,2024-03-14,63.18,4.9,4.5,delivery
USER034,ubereats,2024-03-17,32.54,2.1,4.3,delivery
USER034,ubereats,2024-03-18,30.09,2.5,4.7,delivery
USER034,ubereats,2024-03-19,60.1,4.0,4.4,delivery
USER034,ubereats,2024-03-21,23.94,1.9,4.0,delivery
USER034,ubereats,2024-03-22,21.75,1.4,4.7,delivery
USER034,ubereats,2024-03-23,78.48,6.0,4.9,delivery
USER034,ubereats,2024-03-24,55.91,2.7,4.0,delivery
USER034,ubereats,2024-03-26,34.95,3.3,4.3,delivery
USER034,ubereats,2024-03-27,110.9,6.8,4.8,delivery
USER034,ubereats,2024-03-28,73.69,4.2,4.9,delivery
USER034,ubereats,2024-03-29,25.98,1.9,4.0,delivery
USER034,ubereats,2024-03-30,75.7,3.9,4.7,delivery
USER035,lyft,2024-01-01,193.1,10.6,4.7,rideshare
USER035,lyft,2024-01-02,144.45,9.9,4.8,rideshare
USER035,lyft,2024-01-05,70.2,3.6,4.8,rideshare
USER035,lyft,2024-01-06,111.22,6.9,4.4,rideshare
USER035,lyft,2024-01-07,221.14,10.4,4.9,rideshare
USER035,lyft,2024-01-08,234.31,10.9,4.7,rideshare
USER035,lyft,2024-01-10,112.85,5.9,4.3,rideshare
USER035,lyft,2024-01-11,109.33,4.5,4.4,rideshare
USER035,lyft,2024-01-12,228.6,8.8,4.2,rideshare
USER035,lyft,2024-01-13,42.33,2.1,4.4,rideshare
USER035,lyft,2024-01-14,51.33,3.7,4.9,rideshare
USER035,lyft,2024-01-15,55.22,3.5,4.4,rideshare
USER035,lyft,2024-01-16,134.4,5.4,4.7,rideshare
USER035,lyft,2024-01-17,165.51,8.8,4.6,rideshare
USER035,lyft,2024-01-19,279.03,11.9,4.6,rideshare
USER035,lyft,2024-01-22,100.35,5.1,4.1,rideshare
USER035,lyft,2024-01-25,82.1,5.4,4.1,rideshare
USER035,lyft,2024-01-30,48.67,2.6,4.2,rideshare
USER035,lyft,2024-01-31,194.18,10.2,4.2,rideshare
USER035,lyft,2024-02-01,247.57,10.5,4.4,rideshare
USER035,lyft,2024-02-02,124.75,5.7,4.7,rideshare
USER035,lyft,2024-02-04,92.13,5.3,4.6,rideshare
USER035,lyft,2024-02-07,263.86,11.0,4.9,rideshare
USER035,lyft,2024-02-08,98.2,5.7,4.9,rideshare
USER035,lyft,2024-02-09,193.41,7.9,5.0,rideshare
USER035,lyft,2024-02-10,68.26,4.8,4.3,rideshare
USER035,lyft,2024-02-11,232.14,11.1,4.9,rideshare
USER035,lyft,2024-02-14,94.95,5.4,4.6,rideshare
USER035,lyft,2024-02-15,181.48,7.8,4.8,rideshare
USER035,lyft,2024-02-16,101.5,4.4,5.0,rideshare
USER035,lyft,2024-02-17,204.77,9.2,4.3,rideshare
USER035,lyft,2024-02-18,141.77,4.9,5.0,rideshare
USER035,lyft,2024-02-20,225.61,11.0,4.8,rideshare
USER035,lyft,2024-02-21,100.54,5.1,4.1,rideshare
USER035,lyft,2024-02-22,148.6,9.7,5.0,rideshare
USER035,lyft,2024-02-24,153.02,8.9,4.9,rideshare
USER035,lyft,2024-02-27,93.89,5.7,4.1,rideshare
USER035,lyft,2024-02-29,110.72,5.6,4.3,rideshare
USER035,lyft,2024-03-02,216.92,10.0,4.8,rideshare
USER035,lyft,2024-03-05,145.68,8.4,4.6,rideshare
USER035,lyft,2024-03-07,232.58,10.0,4.8,rideshare
USER035,lyft,2024-03-08,130.91,6.5,4.4,rideshare
USER035,lyft,2024-03-09,95.26,6.7,4.9,rideshare
USER035,lyft,2024-03-11,229.44,9.0,4.8,rideshare
USER035,lyft,2024-03-13,145.98,5.7,4.7,rideshare
USER035,lyft,2024-03-14,61.34,3.5,4.2,rideshare
USER035,lyft,2024-03-15,100.15,5.2,4.9,rideshare
USER035,lyft,2024-03-16,90.8,5.0,4.7,rideshare
USER035,lyft,2024-03-17,235.62,9.6,4.6,rideshare
USER035,lyft,2024-03-18,243.05,11.1,4.2,rideshare
USER035,lyft,2024-03-20,140.46,9.8,4.7,rideshare
USER035,lyft,2024-03-22,261.79,10.6,4.3,rideshare
USER035,lyft,2024-03-25,182.05,8.6,4.2,rideshare
USER035,lyft,2024-03-26,203.0,9.7,4.7,rideshare
USER035,lyft,2024-03-27,130.8,8.1,4.4,rideshare
USER035,lyft,2024-03-28,271.9,10.9,4.8,rideshare
USER035,lyft,2024-03-29,108.54,6.3,5.0,rideshare
USER035,lyft,2024-03-30,47.17,2.5,4.0,rideshare
USER035,ubereats,2024-01-01,93.17,6.5,4.5,delivery
USER035,ubereats,2024-01-02,57.97,3.7,4.5,delivery
USER035,ubereats,2024-01-03,83.33,5.5,5.0,delivery
USER035,ubereats,2024-01-04,119.16,5.7,4.2,delivery
USER035,ubereats,2024-01-05,121.5,5.7,4.4,delivery
USER035,ubereats,2024-01-07,120.81,6.5,4.3,delivery
USER035,ubereats,2024-01-09,94.47,7.8,4.7,delivery
USER035,ubereats,2024-01-10,146.4,7.4,4.6,delivery
USER035,ubereats,2024-01-12,81.79,3.4,4.9,delivery
USER035,ubereats,2024-01-13,107.75,5.7,4.9,delivery
USER035,ubereats,2024-01-14,71.72,3.8,4.8,delivery
USER035,ubereats,2024-01-17,112.96,7.3,4.9,delivery
USER035,ubereats,2024-01-19,28.57,1.5,4.5,delivery
USER035,ubereats,2024-01-20,65.33,4.4,4.2,delivery
USER035,ubereats,2024-01-21,119.9,7.0,4.8,delivery
USER035,ubereats,2024-01-23,60.42,5.6,4.4,delivery
USER035,ubereats,2024-01-24,86.18,6.5,4.2,delivery
USER035,ubereats,2024-01-26,23.52,1.4,4.8,delivery
USER035,ubereats,2024-01-27,81.13,5.0,4.9,delivery
USER035,ubereats,2024-01-29,77.25,6.0,4.6,delivery
USER035,ubereats,2024-01-31,20.24,1.1,4.1,delivery
USER035,ubereats,2024-02-02,45.3,3.2,4.4,delivery
USER035,ubereats,2024-02-03,13.57,1.0,4.3,delivery
USER035,ubereats,2024-02-04,15.37,1.1,4.7,delivery
USER035,ubereats,2024-02-05,26.8,1.6,4.9,delivery
USER035,ubereats,2024-02-06,85.15,4.0,4.4,delivery
USER035,ubereats,2024-02-07,67.75,3.8,4.5,delivery
USER035,ubereats,2024-02-08,58.68,4.4,4.1,delivery
USER035,ubereats,2024-02-11,79.96,5.7,5.0,delivery
USER035,ubereats,2024-02-14,71.56,4.8,4.8,delivery
USER035,ubereats,2024-02-20,23.51,1.6,4.3,delivery
USER035,ubereats,2024-02-21,124.78,5.7,4.6,delivery
USER035,ubereats,2024-02-22,14.55,1.3,4.1,delivery
USER035,ubereats,2024-02-25,122.5,8.0,4.5,delivery
USER035,ubereats,2024-02-27,17.27,1.0,4.6,delivery
USER035,ubereats,2024-02-28,79.77,5.7,4.4,delivery
USER035,ubereats,2024-02-29,144.21,7.5,4.1,delivery
USER035,ubereats,2024-03-02,70.15,5.8,4.9,delivery
USER035,ubereats,2024-03-03,57.16,3.5,4.5,delivery
USER035,ubereats,2024-03-04,143.82,7.8,4.6,delivery
USER035,ubereats,2024-03-06,74.34,5.4,4.1,delivery
USER035,ubereats,2024-03-08,83.01,5.9,4.7,delivery
USER035,ubereats,2024-03-09,27.25,2.1,4.4,delivery
USER035,ubereats,2024-03-10,130.02,7.9,4.6,delivery
USER035,ubereats,2024-03-13,53.07,3.3,4.9,delivery
USER035,ubereats,2024-03-14,44.58,3.1,4.3,delivery
USER035,ubereats,2024-03-18,24.61,1.5,4.6,delivery
USER035,ubereats,2024-03-19,109.59,5.1,4.2,delivery
USER035,ubereats,2024-03-22,46.49,2.6,4.9,delivery
USER035,ubereats,2024-03-23,98.75,5.7,4.6,delivery
USER035,ubereats,2024-03-24,39.52,3.3,4.6,delivery
USER035,ubereats,2024-03-25,164.69,7.9,4.5,delivery
USER035,ubereats,2024-03-27,49.0,2.9,4.1,delivery
USER035,ubereats,2024-03-28,81.51,5.0,4.7,delivery
USER035,ubereats,2024-03-29,19.2,1.3,4.9,delivery
USER035,ubereats,2024-03-30,81.63,5.4,4.4,delivery
USER035,doordash,2024-01-01,99.5,7.0,4.2,delivery
USER035,doordash,2024-01-02,52.84,4.0,4.9,delivery
USER035,doordash,2024-01-03,94.7,5.0,4.1,delivery
USER035,doordash,2024-01-05,25.82,1.8,4.5,delivery
USER035,doordash,2024-01-08,40.37,2.3,4.6,delivery
USER035,doordash,2024-01-11,119.93,6.6,4.6,delivery
USER035,doordash,2024-01-13,41.54,3.1,4.3,delivery
USER035,doordash,2024-01-14,33.0,2.6,4.4,delivery
USER035,doordash,2024-01-16,79.06,6.8,4.7,delivery
USER035,doordash,2024-01-17,43.84,2.4,4.2,delivery
USER035,doordash,2024-01-18,17.42,1.1,4.5,delivery
USER035,doordash,2024-01-19,105.14,5.9,4.4,delivery
USER035,doordash,2024-01-22,153.96,7.9,4.7,delivery
USER035,doordash,2024-01-24,105.77,6.3,4.2,delivery
USER035,doordash,2024-01-26,88.2,4.4,4.1,delivery
USER035,doordash,2024-01-27,70.62,3.1,4.1,delivery
USER035,doordash,2024-01-28,148.05,6.8,4.2,delivery
USER035,doordash,2024-01-31,37.76,2.3,4.7,delivery
USER035,doordash,2024-02-03,109.14,8.0,4.2,delivery
USER035,doordash,2024-02-04,59.6,3.8,4.2,delivery
USER035,doordash,2024-02-06,37.7,2.8,4.1,delivery
USER035,doordash,2024-02-09,94.78,7.5,4.9,delivery
USER035,doordash,2024-02-10,91.78,5.3,4.3,delivery
USER035,doordash,2024-02-12,42.01,3.6,4.9,delivery
USER035,doordash,2024-02-13,77.8,5.1,4.8,delivery
USER035,doordash,2024-02-14,41.35,2.9,4.8,delivery
USER035,doordash,2024-02-15,80.97,4.2,4.8,delivery
USER035,doordash,2024-02-19,28.97,2.1,4.8,delivery
USER035,doordash,2024-02-20,30.22,1.4,4.7,delivery
USER035,doordash,2024-02-22,89.72,4.2,4.1,delivery
USER035,doordash,2024-02-26,27.33,1.7,4.6,delivery
USER035,doordash,2024-02-29,72.34,4.8,4.9,delivery
USER035,doordash,2024-03-01,88.07,5.4,4.9,delivery
USER035,doordash,2024-03-02,77.08,5.2,4.6,delivery
USER035,doordash,2024-03-04,48.43,3.0,4.5,delivery
USER035,doordash,2024-03-07,78.41,4.2,4.1,delivery
USER035,doordash,2024-03-08,17.1,1.6,4.5,delivery
USER035,doordash,2024-03-10,141.37,7.9,4.8,delivery
USER035,doordash,2024-03-12,125.6,7.8,4.9,delivery
USER035,doordash,2024-03-14,135.56,6.6,4.6,delivery
USER035,doordash,2024-03-15,80.27,5.3,4.4,delivery
USER035,doordash,2024-03-16,109.87,7.3,4.1,delivery
USER035,doordash,2024-03-17,161.14,7.6,4.2,delivery
USER035,doordash,2024-03-18,17.69,1.2,4.1,delivery
USER035,doordash,2024-03-19,82.87,5.8,4.3,delivery
USER035,doordash,2024-03-21,158.66,7.4,4.0,delivery
USER035,doordash,2024-03-22,97.51,7.8,4.4,delivery
USER035,doordash,2024-03-24,74.42,4.6,4.6,delivery
USER035,doordash,2024-03-25,14.06,1.1,4.9,delivery
USER035,doordash,2024-03-27,57.82,3.4,4.9,delivery
USER035,doordash,2024-03-28,82.03,4.5,4.9,delivery
USER035,doordash,2024-03-29,49.62,2.5,4.6,delivery
USER035,doordash,2024-03-30,37.18,2.3,4.5,delivery
USER036,doordash,2024-01-02,18.22,1.6,4.5,delivery
USER036,doordash,2024-01-03,19.06,1.2,4.7,delivery
USER036,doordash,2024-01-04,28.29,1.8,4.9,delivery
USER036,doordash,2024-01-06,58.74,5.1,4.7,delivery
USER036,doordash,2024-01-07,40.1,2.7,4.8,delivery
USER036,doordash,2024-01-09,57.75,3.1,4.2,delivery
USER036,doordash,2024-01-10,74.66,5.6,4.0,delivery
USER036,doordash,2024-01-12,73.13,6.1,4.5,delivery
USER036,doordash,2024-01-14,102.77,7.0,4.9,delivery
USER036,doordash,2024-01-15,33.01,2.2,4.9,delivery
USER036,doordash,2024-01-16,79.1,6.2,4.9,delivery
USER036,doordash,2024-01-17,30.29,2.1,4.4,delivery
USER036,doordash,2024-01-18,92.88,7.3,4.6,delivery
USER036,doordash,2024-01-19,64.14,4.8,5.0,delivery
USER036,doordash,2024-01-23,75.46,5.0,4.9,delivery
USER036,doordash,2024-01-24,40.65,2.7,4.3,delivery
USER036,doordash,2024-01-26,111.26,7.6,4.3,delivery
USER036,doordash,2024-01-28,47.76,2.5,4.1,delivery
USER036,doordash,2024-01-29,112.87,6.7,4.2,delivery
USER036,doordash,2024-01-30,19.99,1.3,4.3,delivery
USER036,doordash,2024-01-31,58.41,3.0,4.5,delivery
USER036,doordash,2024-02-04,72.05,5.3,4.8,delivery
USER036,doordash,2024-02-05,91.31,5.3,4.5,delivery
USER036,doordash,2024-02-07,67.52,6.1,4.2,delivery
USER036,doordash,2024-02-08,103.39,6.2,4.7,delivery
USER036,doordash,2024-02-09,30.38,2.4,4.3,delivery
USER036,doordash,2024-02-10,21.01,1.7,4.0,delivery
USER036,doordash,2024-02-12,142.02,7.3,4.0,delivery
USER036,doordash,2024-02-13,148.83,7.5,4.6,delivery
USER036,doordash,2024-02-15,22.97,1.4,4.7,delivery
USER036,doordash,2024-02-16,56.97,4.1,4.2,delivery
USER036,doordash,2024-02-19,95.35,5.3,4.8,delivery
USER036,doordash,2024-02-21,96.55,7.3,4.3,delivery
USER036,doordash,2024-02-22,91.95,4.8,4.8,delivery
USER036,doordash,2024-02-23,25.62,1.7,4.3,delivery
USER036,doordash,2024-02-25,26.33,2.1,4.2,delivery
USER036,doordash,2024-02-28,131.88,6.9,4.2,delivery
USER036,doordash,2024-03-01,118.82,7.0,4.3,delivery
USER036,doordash,2024-03-05,71.49,4.5,4.0,delivery
USER036,doordash,2024-03-09,129.94,7.5,4.9,delivery
USER036,doordash,2024-03-11,24.86,1.9,5.0,delivery
USER036,doordash,2024-03-12,106.74,5.9,4.6,delivery
USER036,doordash,2024-03-13,47.81,2.7,4.3,delivery
USER036,doordash,2024-03-14,21.68,1.1,4.7,delivery
USER036,doordash,2024-03-16,120.25,6.8,4.8,delivery
USER036,doordash,2024-03-18,35.93,2.0,4.3,delivery
USER036,doordash,2024-03-19,118.75,7.7,4.2,delivery
USER036,doordash,2024-03-20,93.37,5.5,4.7,delivery
USER036,doordash,2024-03-22,72.93,4.1,4.1,delivery
USER036,doordash,2024-03-24,68.94,3.1,4.6,delivery
USER036,doordash,2024-03-25,13.91,1.0,4.5,delivery
USER036,doordash,2024-03-27,108.93,5.8,4.3,delivery
USER036,doordash,2024-03-28,48.22,2.4,4.5,delivery
USER036,doordash,2024-03-29,46.83,2.7,4.5,delivery
USER037,fiverr,2024-01-02,475.69,10.0,4.6,freelance
USER037,fiverr,2024-01-03,42.43,1.1,4.7,freelance
USER037,fiverr,2024-01-04,56.41,1.1,4.1,freelance
USER037,fiverr,2024-01-06,345.62,9.7,4.4,freelance
USER037,fiverr,2024-01-07,87.69,1.2,4.3,freelance
USER037,fiverr,2024-01-09,80.37,3.0,4.5,freelance
USER037,fiverr,2024-01-10,556.75,8.2,4.3,freelance
USER037,fiverr,2024-01-12,394.5,7.6,4.9,freelance
USER037,fiverr,2024-01-14,318.44,8.8,4.9,freelance
USER037,fiverr,2024-01-15,37.67,1.1,4.0,freelance
USER037,fiverr,2024-01-16,259.54,7.1,4.9,freelance
USER037,fiverr,2024-01-18,349.6,9.2,4.4,freelance
USER037,fiverr,2024-01-19,245.39,6.1,5.0,freelance
USER037,fiverr,2024-01-22,75.99,1.5,4.9,freelance
USER037,fiverr,2024-01-25,296.75,8.9,4.0,freelance
USER037,fiverr,2024-01-27,249.39,7.2,4.3,freelance
USER037,fiverr,2024-01-28,261.83,3.3,4.9,freelance
USER037,fiverr,2024-01-29,144.32,4.1,4.9,freelance
USER037,fiverr,2024-01-30,219.02,2.5,4.4,freelance
USER037,fiverr,2024-02-01,167.81,4.1,4.9,freelance
USER037,fiverr,2024-02-02,525.06,7.9,4.9,freelance
USER037,fiverr,2024-02-03,74.99,3.1,4.6,freelance
USER037,fiverr,2024-02-04,207.57,3.3,4.9,freelance
USER037,fiverr,2024-02-05,285.73,8.1,4.2,freelance
USER037,fiverr,2024-02-06,294.28,8.6,4.5,freelance
USER037,fiverr,2024-02-07,73.25,1.7,4.3,freelance
USER037,fiverr,2024-02-08,218.5,7.3,4.6,freelance
USER037,fiverr,2024-02-09,65.65,2.1,4.1,freelance
USER037,fiverr,2024-02-13,181.42,2.3,4.5,freelance
USER037,fiverr,2024-02-14,268.59,6.8,4.6,freelance
USER037,fiverr,2024-02-15,227.02,3.9,4.2,freelance
USER037,fiverr,2024-02-17,182.19,2.3,4.1,freelance
USER037,fiverr,2024-02-18,283.39,5.4,4.4,freelance
USER037,fiverr,2024-02-19,455.62,5.8,4.4,freelance
USER037,fiverr,2024-02-20,163.92,5.1,4.2,freelance
USER037,fiverr,2024-02-21,240.34,8.0,4.9,freelance
USER037,fiverr,2024-02-24,510.06,8.6,4.6,freelance
USER037,fiverr,2024-02-27,319.74,8.6,4.0,freelance
USER037,fiverr,2024-02-28,56.58,1.3,4.5,freelance
USER037,fiverr,2024-02-29,103.17,1.6,4.8,freelance
USER037,fiverr,2024-03-01,173.8,2.6,4.5,freelance
USER037,fiverr,2024-03-02,623.53,8.3,4.4,freelance
USER037,fiverr,2024-03-03,133.02,2.8,4.6,freelance
USER037,fiverr,2024-03-04,198.05,3.8,4.7,freelance
USER037,fiverr,2024-03-05,189.66,2.9,4.2,freelance
USER037,fiverr,2024-03-08,419.24,8.8,4.7,freelance
USER037,fiverr,2024-03-09,136.07,4.4,4.5,freelance
USER037,fiverr,2024-03-12,491.91,9.4,4.2,freelance
USER037,fiverr,2024-03-14,177.18,3.3,4.8,freelance
USER037,fiverr,2024-03-15,113.44,1.5,4.6,freelance
USER037,fiverr,2024-03-16,33.08,1.4,4.3,freelance
USER037,fiverr,2024-03-17,217.98,9.2,4.7,freelance
USER037,fiverr,2024-03-18,47.09,1.8,4.7,freelance
USER037,fiverr,2024-03-19,244.09,6.9,4.7,freelance
USER037,fiverr,2024-03-20,394.14,6.6,4.8,freelance
USER037,fiverr,2024-03-22,124.75,2.5,4.4,freelance
USER037,fiverr,2024-03-24,393.0,6.1,4.1,freelance
USER037,fiverr,2024-03-25,147.18,6.3,4.1,freelance
USER037,fiverr,2024-03-27,386.95,6.9,4.6,freelance
USER037,fiverr,2024-03-28,142.41,5.8,4.6,freelance
USER038,uber,2024-01-02,104.12,4.6,4.1,rideshare
USER038,uber,2024-01-03,167.55,6.3,4.2,rideshare
USER038,uber,2024-01-06,57.04,4.2,4.5,rideshare
USER038,uber,2024-01-07,158.14,7.4,4.6,rideshare
USER038,uber,2024-01-11,105.56,5.4,4.8,rideshare
USER038,uber,2024-01-18,87.81,6.7,4.3,rideshare
USER038,uber,2024-01-19,105.91,6.2,4.8,rideshare
USER038,uber,2024-01-20,200.21,8.6,4.5,rideshare
USER038,uber,2024-01-21,207.63,11.6,4.8,rideshare
USER038,uber,2024-01-22,106.23,5.9,4.1,rideshare
USER038,uber,2024-01-23,57.57,2.8,4.9,rideshare
USER038,uber,2024-01-24,119.37,6.7,4.9,rideshare
USER038,uber,2024-01-25,112.47,6.3,4.7,rideshare
USER038,uber,2024-01-26,61.32,3.0,4.1,rideshare
USER038,uber,2024-01-27,46.36,3.4,4.5,rideshare
USER038,uber,2024-01-28,304.66,11.3,4.5,rideshare
USER038,uber,2024-01-29,74.88,3.4,4.2,rideshare
USER038,uber,2024-01-30,119.85,6.0,4.4,rideshare
USER038,uber,2024-02-01,74.72,5.3,4.9,rideshare
USER038,uber,2024-02-04,111.87,4.9,4.1,rideshare
USER038,uber,2024-02-05,112.22,5.8,4.6,rideshare
USER038,uber,2024-02-06,68.81,3.2,4.2,rideshare
USER038,uber,2024-02-12,33.13,2.3,4.6,rideshare
USER038,uber,2024-02-15,72.13,4.5,4.1,rideshare
USER038,uber,2024-02-17,169.93,8.8,4.9,rideshare
USER038,uber,2024-02-21,146.94,5.3,4.6,rideshare
USER038,uber,2024-02-22,53.68,2.4,4.1,rideshare
USER038,uber,2024-02-23,41.3,2.0,4.2,rideshare
USER038,uber,2024-02-24,69.29,4.1,4.9,rideshare
USER038,uber,2024-02-26,70.07,4.7,4.8,rideshare
USER038,uber,2024-02-27,60.45,4.1,4.4,rideshare
USER038,uber,2024-02-29,194.83,9.0,4.7,rideshare
USER038,uber,2024-03-04,140.9,7.4,4.9,rideshare
USER038,uber,2024-03-05,267.34,10.7,4.4,rideshare
USER038,uber,2024-03-07,135.51,5.3,4.5,rideshare
USER038,uber,2024-03-09,74.0,4.0,4.4,rideshare
USER038,uber,2024-03-10,55.49,3.2,4.4,rideshare
USER038,uber,2024-03-12,201.38,10.3,4.9,rideshare
USER038,uber,2024-03-13,249.58,11.0,4.2,rideshare
USER038,uber,2024-03-14,120.9,5.6,4.7,rideshare
USER038,uber,2024-03-15,96.99,6.7,4.3,rideshare
USER038,uber,2024-03-16,37.34,2.1,4.9,rideshare
USER038,uber,2024-03-17,162.99,8.4,4.0,rideshare
USER038,uber,2024-03-18,115.99,5.5,5.0,rideshare
USER038,uber,2024-03-20,222.71,10.6,4.1,rideshare
USER038,uber,2024-03-21,119.46,6.5,4.3,rideshare
USER038,uber,2024-03-22,137.59,9.1,4.6,rideshare
USER038,uber,2024-03-24,96.81,4.7,4.2,rideshare
USER038,uber,2024-03-25,140.5,8.2,4.3,rideshare
USER038,uber,2024-03-28,166.1,11.5,4.7,rideshare
USER038,uber,2024-03-29,87.86,5.9,4.9,rideshare
USER038,uber,2024-03-30,115.47,5.7,4.8,rideshare
USER038,doordash,2024-01-02,89.1,6.8,4.7,delivery
USER038,doordash,2024-01-03,63.55,4.7,4.0,delivery
USER038,doordash,2024-01-04,26.16,1.7,4.1,delivery
USER038,doordash,2024-01-05,71.92,4.1,4.1,delivery
USER038,doordash,2024-01-08,91.93,6.5,4.8,delivery
USER038,doordash,2024-01-10,58.53,3.9,4.0,delivery
USER038,doordash,2024-01-11,41.56,3.2,4.5,delivery
USER038,doordash,2024-01-12,78.13,4.9,4.8,delivery
USER038,doordash,2024-01-13,40.58,2.3,4.7,delivery
USER038,doordash,2024-01-14,34.85,2.4,4.6,delivery
USER038,doordash,2024-01-16,40.28,3.7,4.1,delivery
USER038,doordash,2024-01-18,103.2,6.0,4.4,delivery
USER038,doordash,2024-01-19,81.12,5.0,5.0,delivery
USER038,doordash,2024-01-20,72.07,4.2,4.4,delivery
USER038,doordash,2024-01-22,49.07,3.1,4.9,delivery
USER038,doordash,2024-01-23,23.55,1.6,4.1,delivery
USER038,doordash,2024-01-24,46.42,2.9,5.0,delivery
USER038,doordash,2024-01-27,85.88,6.2,4.8,delivery
USER038,doordash,2024-01-29,67.47,5.7,4.6,delivery
USER038,doordash,2024-01-30,25.44,1.9,4.7,delivery
USER038,doordash,2024-02-01,137.35,7.8,4.3,delivery
USER038,doordash,2024-02-02,83.94,5.1,4.4,delivery
USER038,doordash,2024-02-03,67.63,5.7,4.9,delivery
USER038,doordash,2024-02-04,39.97,2.2,4.9,delivery
USER038,doordash,2024-02-10,125.1,6.5,4.5,delivery
USER038,doordash,2024-02-11,41.28,3.7,4.0,delivery
USER038,doordash,2024-02-12,40.94,2.8,4.2,delivery
USER038,doordash,2024-02-14,64.74,5.0,4.5,delivery
USER038,doordash,2024-02-16,32.31,3.1,4.6,delivery
USER038,doordash,2024-02-18,160.5,7.3,4.4,delivery
USER038,doordash,2024-02-24,56.28,4.1,5.0,delivery
USER038,doordash,2024-02-25,65.65,5.0,4.3,delivery
USER038,doordash,2024-02-26,79.92,7.0,5.0,delivery
USER038,doordash,2024-02-27,113.43,5.8,4.9,delivery
USER038,doordash,2024-02-28,115.56,7.2,4.0,delivery
USER038,doordash,2024-02-29,66.62,3.6,4.7,delivery
USER038,doordash,2024-03-02,70.94,5.3,4.5,delivery
USER038,doordash,2024-03-04,33.85,2.8,4.0,delivery
USER038,doordash,2024-03-05,31.87,1.6,4.7,delivery
USER038,doordash,2024-03-06,70.88,5.8,4.5,delivery
USER038,doordash,2024-03-10,77.13,6.0,4.0,delivery
USER038,doordash,2024-03-12,93.92,6.9,4.9,delivery
USER038,doordash,2024-03-14,60.72,3.7,4.0,delivery
USER038,doordash,2024-03-15,87.46,5.1,4.2,delivery
USER038,doordash,2024-03-16,104.05,6.1,4.4,delivery
USER038,doordash,2024-03-18,21.76,1.6,4.6,delivery
USER038,doordash,2024-03-20,73.86,5.0,4.2,delivery
USER038,doordash,2024-03-21,120.84,6.6,4.1,delivery
USER038,doordash,2024-03-22,51.4,2.9,4.4,delivery
USER038,doordash,2024-03-23,78.54,5.2,4.9,delivery
USER038,doordash,2024-03-24,67.72,4.1,4.1,delivery
USER038,doordash,2024-03-25,62.79,5.5,4.1,delivery
USER038,doordash,2024-03-29,32.79,2.6,4.9,delivery
USER038,doordash,2024-03-30,88.75,7.7,4.0,delivery
USER039,lyft,2024-01-01,54.62,3.4,4.9,rideshare
USER039,lyft,2024-01-03,185.35,11.5,5.0,rideshare
USER039,lyft,2024-01-04,54.05,3.6,4.8,rideshare
USER039,lyft,2024-01-06,147.45,7.5,4.9,rideshare
USER039,lyft,2024-01-10,152.0,8.7,4.1,rideshare
USER039,lyft,2024-01-11,60.23,3.7,4.4,rideshare
USER039,lyft,2024-01-12,121.81,7.6,4.5,rideshare
USER039,lyft,2024-01-13,182.99,9.5,5.0,rideshare
USER039,lyft,2024-01-14,244.17,11.3,4.4,rideshare
USER039,lyft,2024-01-15,101.39,4.6,4.4,rideshare
USER039,lyft,2024-01-16,163.33,9.5,4.8,rideshare
USER039,lyft,2024-01-20,240.24,11.7,4.2,rideshare
USER039,lyft,2024-01-21,262.81,11.9,4.3,rideshare
USER039,lyft,2024-01-23,90.78,5.3,4.5,rideshare
USER039,lyft,2024-01-26,132.72,6.9,4.2,rideshare
USER039,lyft,2024-01-27,128.04,6.9,4.2,rideshare
USER039,lyft,2024-01-31,216.25,11.5,5.0,rideshare
USER039,lyft,2024-02-01,202.55,9.0,4.4,rideshare
USER039,lyft,2024-02-03,65.09,3.3,5.0,rideshare
USER039,lyft,2024-02-05,256.74,10.5,4.9,rideshare
USER039,lyft,2024-02-06,161.85,6.7,4.7,rideshare
USER039,lyft,2024-02-07,97.86,5.6,5.0,rideshare
USER039,lyft,2024-02-08,139.9,7.0,4.3,rideshare
USER039,lyft,2024-02-09,207.67,10.6,4.3,rideshare
USER039,lyft,2024-02-10,171.44,9.4,4.2,rideshare
USER039,lyft,2024-02-11,152.98,9.9,4.3,rideshare
USER039,lyft,2024-02-13,125.01,7.7,5.0,rideshare
USER039,lyft,2024-02-15,200.93,10.2,4.1,rideshare
USER039,lyft,2024-02-17,128.83,7.5,4.5,rideshare
USER039,lyft,2024-02-18,83.68,4.3,4.7,rideshare
USER039,lyft,2024-02-20,259.2,10.1,4.5,rideshare
USER039,lyft,2024-02-21,203.02,7.4,4.4,rideshare
USER039,lyft,2024-02-23,285.6,10.2,4.2,rideshare
USER039,lyft,2024-02-24,129.13,5.1,4.3,rideshare
USER039,lyft,2024-02-26,72.29,3.2,4.3,rideshare
USER039,lyft,2024-02-28,172.15,11.5,4.1,rideshare
USER039,lyft,2024-03-02,82.63,4.0,4.7,rideshare
USER039,lyft,2024-03-03,209.98,10.3,4.9,rideshare
USER039,lyft,2024-03-04,88.93,4.8,4.2,rideshare
USER039,lyft,2024-03-06,53.39,3.1,4.7,rideshare
USER039,lyft,2024-03-07,161.9,8.5,4.8,rideshare
USER039,lyft,2024-03-08,146.66,5.9,4.8,rideshare
USER039,lyft,2024-03-13,63.47,3.0,4.8,rideshare
USER039,lyft,2024-03-16,33.12,2.1,4.2,rideshare
USER039,lyft,2024-03-17,136.21,7.3,4.0,rideshare
USER039,lyft,2024-03-19,227.72,10.4,4.0,rideshare
USER039,lyft,2024-03-20,205.28,9.6,4.5,rideshare
USER039,lyft,2024-03-22,114.83,8.9,4.6,rideshare
USER039,lyft,2024-03-24,241.73,8.8,4.6,rideshare
USER039,lyft,2024-03-26,56.11,3.2,4.3,rideshare
USER039,lyft,2024-03-27,138.11,6.2,4.9,rideshare
USER039,lyft,2024-03-28,183.62,7.5,4.7,rideshare
USER039,lyft,2024-03-29,197.66,10.7,4.0,rideshare
USER039,ubereats,2024-01-02,41.14,1.9,5.0,delivery
USER039,ubereats,2024-01-03,56.61,3.7,5.0,delivery
USER039,ubereats,2024-01-06,56.41,2.8,4.0,delivery
USER039,ubereats,2024-01-09,81.17,5.8,4.8,delivery
USER039,ubereats,2024-01-11,110.08,7.1,4.3,delivery
USER039,ubereats,2024-01-16,80.01,7.5,4.4,delivery
USER039,ubereats,2024-01-22,119.89,5.9,4.6,delivery
USER039,ubereats,2024-01-24,100.11,7.0,4.2,delivery
USER039,ubereats,2024-01-25,123.9,6.2,4.8,delivery
USER039,ubereats,2024-01-27,26.61,2.0,4.1,delivery
USER039,ubereats,2024-01-28,101.23,6.7,4.4,delivery
USER039,ubereats,2024-01-29,51.3,2.7,4.9,delivery
USER039,ubereats,2024-01-31,25.24,1.7,4.8,delivery
USER039,ubereats,2024-02-02,53.94,2.8,4.5,delivery
USER039,ubereats,2024-02-04,110.22,7.7,4.2,delivery
USER039,ubereats,2024-02-05,112.22,7.4,4.5,delivery
USER039,ubereats,2024-02-06,77.89,4.4,4.1,delivery
USER039,ubereats,2024-02-07,68.21,4.5,4.4,delivery
USER039,ubereats,2024-02-08,113.96,5.5,4.8,delivery
USER039,ubereats,2024-02-09,43.84,3.7,4.8,delivery
USER039,ubereats,2024-02-10,157.53,7.9,4.4,delivery
USER039,ubereats,2024-02-11,44.97,3.5,4.0,delivery
USER039,ubereats,2024-02-12,74.68,4.2,4.8,delivery
USER039,ubereats,2024-02-14,124.17,6.3,4.7,delivery
USER039,ubereats,2024-02-15,44.6,3.1,4.0,delivery
USER039,ubereats,2024-02-16,119.16,6.7,4.5,delivery
USER039,ubereats,2024-02-17,29.14,2.3,4.6,delivery
USER039,ubereats,2024-02-18,69.08,3.8,5.0,delivery
USER039,ubereats,2024-02-20,40.94,3.1,4.4,delivery
USER039,ubereats,2024-02-21,63.98,5.6,4.2,delivery
USER039,ubereats,2024-02-22,75.75,6.8,4.3,delivery
USER039,ubereats,2024-02-25,31.45,2.0,4.2,delivery
USER039,ubereats,2024-02-26,127.02,6.9,4.4,delivery
USER039,ubereats,2024-02-28,105.78,7.4,4.4,delivery
USER039,ubereats,2024-03-01,125.99,6.5,4.3,delivery
USER039,ubereats,2024-03-02,64.66,4.7,4.8,delivery
USER039,ubereats,2024-03-03,121.8,6.2,4.3,delivery
USER039,ubereats,2024-03-05,13.09,1.1,4.7,delivery
USER039,ubereats,2024-03-06,96.07,6.2,4.9,delivery
USER039,ubereats,2024-03-07,39.9,2.8,4.1,delivery
USER039,ubereats,2024-03-09,75.1,4.7,4.2,delivery
USER039,ubereats,2024-03-10,102.56,6.9,4.2,delivery
USER039,ubereats,2024-03-11,87.59,7.6,4.1,delivery
USER039,ubereats,2024-03-16,110.5,7.8,4.2,delivery
USER039,ubereats,2024-03-18,62.9,3.6,4.8,delivery
USER039,ubereats,2024-03-19,17.54,1.2,4.1,delivery
USER039,ubereats,2024-03-20,46.57,2.5,4.2,delivery
USER039,ubereats,2024-03-21,61.97,3.9,4.6,delivery
USER039,ubereats,2024-03-22,90.89,7.9,4.7,delivery
USER039,ubereats,2024-03-23,27.02,1.4,4.9,delivery
USER039,ubereats,2024-03-24,140.75,6.3,4.8,delivery
USER039,ubereats,2024-03-25,88.78,4.1,4.9,delivery
USER039,ubereats,2024-03-28,35.33,2.3,4.2,delivery
USER039,ubereats,2024-03-30,27.76,1.8,4.2,delivery
USER040,taskrabbit,2024-01-03,91.09,3.8,4.8,services
USER040,taskrabbit,2024-01-04,107.65,5.4,4.6,services
USER040,taskrabbit,2024-01-06,65.22,2.1,4.1,services
USER040,taskrabbit,2024-01-09,45.19,1.4,4.1,services
USER040,taskrabbit,2024-01-10,35.26,1.2,4.6,services
USER040,taskrabbit,2024-01-11,61.43,3.2,4.4,services
USER040,taskrabbit,2024-01-12,113.54,5.3,4.3,services
USER040,taskrabbit,2024-01-14,110.45,4.7,4.0,services
USER040,taskrabbit,2024-01-16,54.79,2.5,4.7,services
USER040,taskrabbit,2024-01-20,21.41,1.1,4.1,services
USER040,taskrabbit,2024-01-23,117.5,4.9,4.8,services
USER040,taskrabbit,2024-01-26,43.82,2.3,4.0,services
USER040,taskrabbit,2024-01-27,80.04,2.7,4.2,services
USER040,taskrabbit,2024-01-28,47.45,2.8,4.8,services
USER040,taskrabbit,2024-01-31,62.49,1.6,4.2,services
USER040,taskrabbit,2024-02-01,125.46,4.6,4.2,services
USER040,taskrabbit,2024-02-02,102.65,3.8,4.7,services
USER040,taskrabbit,2024-02-03,91.11,4.9,4.2,services
USER040,taskrabbit,2024-02-05,52.27,3.1,4.5,services
USER040,taskrabbit,2024-02-06,119.89,3.7,4.1,services
USER040,taskrabbit,2024-02-10,47.19,1.3,4.8,services
USER040,taskrabbit,2024-02-11,141.91,4.1,5.0,services
USER040,taskrabbit,2024-02-12,67.74,3.5,4.5,services
USER040,taskrabbit,2024-02-13,50.9,1.8,4.4,services
USER040,taskrabbit,2024-02-14,141.31,4.2,4.9,services
USER040,taskrabbit,2024-02-15,44.15,1.5,4.4,services
USER040,taskrabbit,2024-02-16,66.62,3.4,4.4,services
USER040,taskrabbit,2024-02-19,101.95,4.3,4.9,services
USER040,taskrabbit,2024-02-20,117.97,5.5,4.9,services
USER040,taskrabbit,2024-02-21,100.37,4.8,4.6,services
USER040,taskrabbit,2024-02-22,101.81,3.7,4.9,services
USER040,taskrabbit,2024-02-23,79.35,4.5,4.7,services
USER040,taskrabbit,2024-02-25,59.95,2.4,4.1,services
USER040,taskrabbit,2024-02-26,49.22,2.2,4.5,services
USER040,taskrabbit,2024-02-27,95.03,3.3,4.5,services
USER040,taskrabbit,2024-02-29,139.69,5.3,4.1,services
USER040,taskrabbit,2024-03-01,76.38,2.3,4.3,services
USER040,taskrabbit,2024-03-04,164.27,5.8,4.5,services
USER040,taskrabbit,2024-03-05,119.57,4.2,4.2,services
USER040,taskrabbit,2024-03-06,42.15,1.9,4.6,services
USER040,taskrabbit,2024-03-07,81.01,4.1,4.3,services
USER040,taskrabbit,2024-03-11,88.2,2.7,4.8,services
USER040,taskrabbit,2024-03-13,141.52,3.7,4.3,services
USER040,taskrabbit,2024-03-14,58.84,1.7,4.0,services
USER040,taskrabbit,2024-03-15,41.64,1.6,4.2,services
USER040,taskrabbit,2024-03-16,122.2,4.9,4.7,services
USER040,taskrabbit,2024-03-17,44.52,1.8,4.2,services
USER040,taskrabbit,2024-03-18,106.39,3.7,4.8,services
USER040,taskrabbit,2024-03-20,179.61,5.9,4.6,services
USER040,taskrabbit,2024-03-21,176.91,5.4,4.1,services
USER040,taskrabbit,2024-03-24,56.83,2.4,4.6,services
USER040,taskrabbit,2024-03-28,88.26,3.2,4.4,services
USER040,taskrabbit,2024-03-29,99.0,2.7,5.0,services
USER040,taskrabbit,2024-03-30,32.23,1.3,4.6,services
USER040,ubereats,2024-01-01,23.12,1.5,4.1,delivery
USER040,ubereats,2024-01-02,37.72,2.4,4.1,delivery
USER040,ubereats,2024-01-03,26.19,1.6,4.4,delivery
USER040,ubereats,2024-01-04,112.54,7.8,4.1,delivery
USER040,ubereats,2024-01-05,44.87,3.8,4.9,delivery
USER040,ubereats,2024-01-08,134.33,7.1,4.2,delivery
USER040,ubereats,2024-01-09,21.53,1.1,4.2,delivery
USER040,ubereats,2024-01-10,26.13,1.6,4.7,delivery
USER040,ubereats,2024-01-13,43.6,2.4,4.0,delivery
USER040,ubereats,2024-01-16,44.09,4.0,4.2,delivery
USER040,ubereats,2024-01-17,98.8,7.3,4.9,delivery
USER040,ubereats,2024-01-18,66.7,4.3,4.5,delivery
USER040,ubereats,2024-01-19,92.76,7.4,4.9,delivery
USER040,ubereats,2024-01-20,44.78,3.0,4.0,delivery
USER040,ubereats,2024-01-21,21.35,1.5,4.3,delivery
USER040,ubereats,2024-01-22,140.7,8.0,4.5,delivery
USER040,ubereats,2024-01-24,37.83,2.3,4.3,delivery
USER040,ubereats,2024-01-25,76.93,6.4,4.5,delivery
USER040,ubereats,2024-01-26,106.77,6.5,4.5,delivery
USER040,ubereats,2024-01-27,84.06,5.0,4.2,delivery
USER040,ubereats,2024-01-30,81.34,6.9,4.6,delivery
USER040,ubereats,2024-01-31,38.94,2.2,4.7,delivery
USER040,ubereats,2024-02-01,108.4,7.9,4.3,delivery
USER040,ubereats,2024-02-02,105.04,7.2,4.9,delivery
USER040,ubereats,2024-02-03,41.43,2.9,4.6,delivery
USER040,ubereats,2024-02-04,82.8,5.1,4.5,delivery
USER040,ubereats,2024-02-05,55.0,3.1,4.6,delivery
USER040,ubereats,2024-02-07,121.45,7.7,4.3,delivery
USER040,ubereats,2024-02-08,55.94,3.6,4.5,delivery
USER040,ubereats,2024-02-12,70.1,4.3,4.4,delivery
USER040,ubereats,2024-02-13,129.82,6.7,4.1,delivery
USER040,ubereats,2024-02-16,72.28,4.6,4.0,delivery
USER040,ubereats,2024-02-17,101.17,7.5,4.8,delivery
USER040,ubereats,2024-02-18,58.18,3.3,4.6,delivery
USER040,ubereats,2024-02-20,36.66,2.7,4.9,delivery
USER040,ubereats,2024-02-21,44.79,2.6,4.3,delivery
USER040,ubereats,2024-02-22,38.19,2.5,4.6,delivery
USER040,ubereats,2024-02-24,103.94,5.9,4.1,delivery
USER040,ubereats,2024-02-26,59.61,3.9,4.9,delivery
USER040,ubereats,2024-03-02,61.21,4.0,4.8,delivery
USER040,ubereats,2024-03-05,37.11,2.4,4.3,delivery
USER040,ubereats,2024-03-10,66.04,3.8,4.3,delivery
USER040,ubereats,2024-03-12,63.87,5.7,4.1,delivery
USER040,ubereats,2024-03-15,93.64,4.9,4.8,delivery
USER040,ubereats,2024-03-16,74.88,6.1,4.4,delivery
USER040,ubereats,2024-03-17,20.54,1.5,4.6,delivery
USER040,ubereats,2024-03-20,93.16,6.7,4.8,delivery
USER040,ubereats,2024-03-21,99.23,5.7,4.5,delivery
USER040,ubereats,2024-03-22,29.1,2.1,5.0,delivery
USER040,ubereats,2024-03-25,91.65,6.2,4.5,delivery
USER040,ubereats,2024-03-27,49.59,3.8,4.0,delivery
USER040,ubereats,2024-03-29,117.62,5.7,4.1,delivery
USER041,instacart,2024-01-03,95.67,6.4,4.4,delivery
USER041,instacart,2024-01-04,35.55,2.3,4.8,delivery
USER041,instacart,2024-01-05,35.2,2.8,4.2,delivery
USER041,instacart,2024-01-07,108.99,6.2,4.8,delivery
USER041,instacart,2024-01-13,31.34,1.8,4.9,delivery
USER041,instacart,2024-01-14,119.06,7.7,4.2,delivery
USER041,instacart,2024-01-15,102.5,4.7,4.8,delivery
USER041,instacart,2024-01-17,52.81,2.8,4.9,delivery
USER041,instacart,2024-01-21,101.01,7.6,4.1,delivery
USER041,instacart,2024-01-22,36.98,2.1,4.0,delivery
USER041,instacart,2024-01-24,77.46,4.8,4.9,delivery
USER041,instacart,2024-01-26,23.59,2.1,4.9,delivery
USER041,instacart,2024-01-27,124.67,6.4,4.8,delivery
USER041,instacart,2024-01-28,88.9,5.6,4.1,delivery
USER041,instacart,2024-01-29,57.56,3.4,4.6,delivery
USER041,instacart,2024-01-30,22.03,1.5,4.4,delivery
USER041,instacart,2024-01-31,77.64,5.2,4.9,delivery
USER041,instacart,2024-02-01,47.62,3.7,4.0,delivery
USER041,instacart,2024-02-02,64.07,5.4,4.6,delivery
USER041,instacart,2024-02-05,113.78,7.2,4.2,delivery
USER041,instacart,2024-02-07,88.25,5.5,4.5,delivery
USER041,instacart,2024-02-09,29.67,2.3,4.3,delivery
USER041,instacart,2024-02-12,60.14,3.6,4.0,delivery
USER041,instacart,2024-02-13,146.92,7.7,4.2,delivery
USER041,instacart,2024-02-14,92.52,5.0,4.8,delivery
USER041,instacart,2024-02-16,76.03,6.3,4.9,delivery
USER041,instacart,2024-02-17,32.04,1.9,4.7,delivery
USER041,instacart,2024-02-18,84.76,5.9,4.5,delivery
USER041,instacart,2024-02-19,62.78,4.1,4.9,delivery
USER041,instacart,2024-02-24,74.64,4.6,4.4,delivery
USER041,instacart,2024-02-26,67.32,4.6,4.7,delivery
USER041,instacart,2024-02-27,137.82,7.7,4.0,delivery
USER041,instacart,2024-02-28,119.97,6.4,4.4,delivery
USER041,instacart,2024-02-29,67.86,5.1,4.5,delivery
USER041,instacart,2024-03-04,36.14,2.8,4.4,delivery
USER041,instacart,2024-03-05,65.65,5.3,4.4,delivery
USER041,instacart,2024-03-06,121.45,7.5,4.2,delivery
USER041,instacart,2024-03-08,172.57,7.4,4.7,delivery
USER041,instacart,2024-03-09,119.1,5.2,4.5,delivery
USER041,instacart,2024-03-10,126.82,6.1,4.4,delivery
USER041,instacart,2024-03-11,64.3,4.2,4.9,delivery
USER041,instacart,2024-03-12,39.72,2.7,4.0,delivery
USER041,instacart,2024-03-17,55.93,4.7,4.8,delivery
USER041,instacart,2024-03-18,61.75,3.8,4.9,delivery
USER041,instacart,2024-03-19,105.07,7.9,4.9,delivery
USER041,instacart,2024-03-20,87.23,6.2,4.8,delivery
USER041,instacart,2024-03-26,22.14,1.8,4.8,delivery
USER041,instacart,2024-03-27,73.28,5.4,4.1,delivery
USER041,instacart,2024-03-28,101.92,5.5,4.4,delivery
USER041,instacart,2024-03-29,118.38,7.6,4.9,delivery
USER041,instacart,2024-03-30,90.04,5.5,4.2,delivery
USER041,upwork,2024-01-01,206.75,6.1,4.4,freelance
USER041,upwork,2024-01-05,399.34,4.6,4.6,freelance
USER041,upwork,2024-01-10,347.89,4.3,4.9,freelance
USER041,upwork,2024-01-11,224.65,3.2,4.4,freelance
USER041,upwork,2024-01-12,153.59,5.7,5.0,freelance
USER041,upwork,2024-01-13,643.06,9.2,4.8,freelance
USER041,upwork,2024-01-15,328.5,9.5,4.1,freelance
USER041,upwork,2024-01-16,48.64,1.7,4.7,freelance
USER041,upwork,2024-01-17,49.28,1.1,4.5,freelance
USER041,upwork,2024-01-19,293.24,4.1,4.1,freelance
USER041,upwork,2024-01-20,497.71,9.7,4.3,freelance
USER041,upwork,2024-01-23,67.12,2.8,4.2,freelance
USER041,upwork,2024-01-24,92.31,2.7,5.0,freelance
USER041,upwork,2024-01-25,223.3,5.9,4.3,freelance
USER041,upwork,2024-01-26,433.96,9.6,4.1,freelance
USER041,upwork,2024-01-27,850.45,9.3,4.7,freelance
USER041,upwork,2024-01-28,327.72,8.0,4.8,freelance
USER041,upwork,2024-02-03,515.96,9.6,4.5,freelance
USER041,upwork,2024-02-04,190.91,4.5,4.0,freelance
USER041,upwork,2024-02-06,39.21,1.0,4.7,freelance
USER041,upwork,2024-02-09,255.01,3.3,4.6,freelance
USER041,upwork,2024-02-11,456.57,9.3,4.5,freelance
USER041,upwork,2024-02-12,22.8,1.1,4.8,freelance
USER041,upwork,2024-02-13,296.04,9.0,4.3,freelance
USER041,upwork,2024-02-14,471.54,6.4,4.5,freelance
USER041,upwork,2024-02-15,73.41,1.2,4.4,freelance
USER041,upwork,2024-02-19,477.78,9.2,4.4,freelance
USER041,upwork,2024-02-23,235.64,5.9,4.3,freelance
USER041,upwork,2024-02-25,374.05,4.4,4.7,freelance
USER041,upwork,2024-02-26,109.79,3.1,4.1,freelance
USER041,upwork,2024-02-27,285.03,9.9,4.9,freelance
USER041,upwork,2024-02-28,82.71,1.5,4.4,freelance
USER041,upwork,2024-02-29,404.55,6.4,5.0,freelance
USER041,upwork,2024-03-01,135.37,7.1,4.7,freelance
USER041,upwork,2024-03-02,621.51,8.4,5.0,freelance
USER041,upwork,2024-03-04,238.91,8.7,4.4,freelance
USER041,upwork,2024-03-05,130.63,3.5,4.0,freelance
USER041,upwork,2024-03-06,99.81,2.7,4.6,freelance
USER041,upwork,2024-03-07,206.22,5.1,5.0,freelance
USER041,upwork,2024-03-08,245.67,6.4,4.0,freelance
USER041,upwork,2024-03-09,247.14,7.4,4.7,freelance
USER041,upwork,2024-03-11,519.58,9.0,4.9,freelance
USER041,upwork,2024-03-13,257.43,3.6,4.8,freelance
USER041,upwork,2024-03-14,382.14,6.2,4.8,freelance
USER041,upwork,2024-03-17,155.41,3.2,4.6,freelance
USER041,upwork,2024-03-19,167.92,2.2,4.7,freelance
USER041,upwork,2024-03-20,152.67,5.4,4.4,freelance
USER041,upwork,2024-03-21,186.14,4.6,4.8,freelance
USER041,upwork,2024-03-22,99.9,4.6,4.0,freelance
USER041,upwork,2024-03-23,479.07,9.0,4.6,freelance
USER041,upwork,2024-03-24,102.59,5.9,4.9,freelance
USER041,upwork,2024-03-25,452.62,9.9,4.7,freelance
USER041,upwork,2024-03-27,170.32,6.5,4.7,freelance
USER041,upwork,2024-03-29,228.65,5.2,4.2,freelance
USER041,upwork,2024-03-30,151.21,2.7,4.0,freelance
USER042,fiverr,2024-01-02,839.13,9.5,4.7,freelance
USER042,fiverr,2024-01-03,286.74,6.7,4.0,freelance
USER042,fiverr,2024-01-04,370.86,6.4,4.9,freelance
USER042,fiverr,2024-01-05,161.03,6.0,4.1,freelance
USER042,fiverr,2024-01-06,292.3,6.7,4.3,freelance
USER042,fiverr,2024-01-08,337.39,9.8,4.2,freelance
USER042,fiverr,2024-01-10,147.31,6.5,4.7,freelance
USER042,fiverr,2024-01-11,238.05,8.3,4.4,freelance
USER042,fiverr,2024-01-12,53.81,1.3,4.4,freelance
USER042,fiverr,2024-01-16,139.5,4.2,4.4,freelance
USER042,fiverr,2024-01-17,249.6,9.6,4.1,freelance
USER042,fiverr,2024-01-18,588.88,9.6,4.8,freelance
USER042,fiverr,2024-01-19,137.21,5.7,4.4,freelance
USER042,fiverr,2024-01-20,113.92,2.9,4.3,freelance
USER042,fiverr,2024-01-21,92.78,4.4,4.7,freelance
USER042,fiverr,2024-01-22,277.25,3.9,4.9,freelance
USER042,fiverr,2024-01-23,207.21,5.1,4.7,freelance
USER042,fiverr,2024-01-27,326.18,7.7,4.7,freelance
USER042,fiverr,2024-01-28,174.76,4.5,4.2,freelance
USER042,fiverr,2024-01-31,333.4,6.0,5.0,freelance
USER042,fiverr,2024-02-01,454.47,7.9,5.0,freelance
USER042,fiverr,2024-02-05,350.73,8.7,4.1,freelance
USER042,fiverr,2024-02-06,90.87,4.2,4.2,freelance
USER042,fiverr,2024-02-08,402.4,7.3,4.7,freelance
USER042,fiverr,2024-02-09,335.28,4.6,4.2,freelance
USER042,fiverr,2024-02-10,76.61,3.2,4.4,freelance
USER042,fiverr,2024-02-13,444.44,6.9,4.4,freelance
USER042,fiverr,2024-02-17,180.36,4.0,4.1,freelance
USER042,fiverr,2024-02-19,147.64,7.2,4.4,freelance
USER042,fiverr,2024-02-20,154.24,2.6,4.1,freelance
USER042,fiverr,2024-02-22,131.67,6.3,4.6,freelance
USER042,fiverr,2024-02-24,564.37,8.8,4.3,freelance
USER042,fiverr,2024-02-25,131.14,1.5,4.3,freelance
USER042,fiverr,2024-02-26,93.79,1.6,4.2,freelance
USER042,fiverr,2024-02-27,261.34,4.5,4.2,freelance
USER042,fiverr,2024-02-29,709.33,9.9,4.2,freelance
USER042,fiverr,2024-03-01,215.35,5.2,4.1,freelance
USER042,fiverr,2024-03-03,715.34,9.6,4.3,freelance
USER042,fiverr,2024-03-04,332.55,5.0,4.4,freelance
USER042,fiverr,2024-03-05,252.11,4.0,4.6,freelance
USER042,fiverr,2024-03-07,229.32,7.6,4.5,freelance
USER042,fiverr,2024-03-10,61.49,1.2,4.4,freelance
USER042,fiverr,2024-03-12,130.43,5.1,4.6,freelance
USER042,fiverr,2024-03-13,515.73,8.5,4.0,freelance
USER042,fiverr,2024-03-15,523.57,9.8,4.8,freelance
USER042,fiverr,2024-03-21,178.74,3.8,4.6,freelance
USER042,fiverr,2024-03-22,801.31,9.8,4.6,freelance
USER042,fiverr,2024-03-23,291.52,5.9,5.0,freelance
USER042,fiverr,2024-03-25,338.26,5.6,4.7,freelance
USER042,fiverr,2024-03-28,287.79,7.3,4.1,freelance
USER042,fiverr,2024-03-29,225.91,3.7,4.7,freelance
USER042,uber,2024-01-01,53.68,3.3,4.5,rideshare
USER042,uber,2024-01-05,75.38,3.0,4.6,rideshare
USER042,uber,2024-01-06,29.64,2.0,4.7,rideshare
USER042,uber,2024-01-07,212.97,11.2,4.9,rideshare
USER042,uber,2024-01-11,86.04,3.7,4.6,rideshare
USER042,uber,2024-01-12,226.11,9.5,4.1,rideshare
USER042,uber,2024-01-13,81.02,3.4,4.2,rideshare
USER042,uber,2024-01-14,130.25,6.8,4.5,rideshare
USER042,uber,2024-01-16,98.18,5.8,4.7,rideshare
USER042,uber,2024-01-18,127.05,6.0,5.0,rideshare
USER042,uber,2024-01-19,276.37,11.7,4.8,rideshare
USER042,uber,2024-01-20,112.7,6.4,4.8,rideshare
USER042,uber,2024-01-21,210.07,7.4,4.9,rideshare
USER042,uber,2024-01-23,140.11,10.0,4.5,rideshare
USER042,uber,2024-01-24,44.7,2.8,4.0,rideshare
USER042,uber,2024-01-25,94.34,5.2,4.5,rideshare
USER042,uber,2024-01-27,150.16,7.2,4.3,rideshare
USER042,uber,2024-01-30,91.61,3.7,4.3,rideshare
USER042,uber,2024-01-31,122.97,6.5,4.8,rideshare
USER042,uber,2024-02-03,40.27,2.7,4.3,rideshare
USER042,uber,2024-02-04,70.46,4.6,4.1,rideshare
USER042,uber,2024-02-05,191.86,11.3,4.8,rideshare
USER042,uber,2024-02-07,135.86,7.3,4.5,rideshare
USER042,uber,2024-02-08,99.49,6.7,4.1,rideshare
USER042,uber,2024-02-09,79.26,3.9,4.3,rideshare
USER042,uber,2024-02-11,118.97,8.4,4.0,rideshare
USER042,uber,2024-02-14,112.95,4.2,4.8,rideshare
USER042,uber,2024-02-15,75.92,4.7,4.6,rideshare
USER042,uber,2024-02-16,131.33,8.1,4.9,rideshare
USER042,uber,2024-02-20,215.62,11.9,4.1,rideshare
USER042,uber,2024-02-21,140.94,7.3,4.9,rideshare
USER042,uber,2024-02-22,197.96,9.7,4.5,rideshare
USER042,uber,2024-02-25,180.84,8.4,4.6,rideshare
USER042,uber,2024-02-28,136.36,7.5,5.0,rideshare
USER042,uber,2024-02-29,85.88,4.5,4.9,rideshare
USER042,uber,2024-03-04,204.21,11.7,4.5,rideshare
USER042,uber,2024-03-07,73.85,3.5,4.6,rideshare
USER042,uber,2024-03-08,92.78,4.9,4.4,rideshare
USER042,uber,2024-03-09,173.34,8.6,4.9,rideshare
USER042,uber,2024-03-14,162.67,9.5,4.6,rideshare
USER042,uber,2024-03-16,159.17,7.1,4.1,rideshare
USER042,uber,2024-03-17,146.25,9.7,4.9,rideshare
USER042,uber,2024-03-18,187.94,9.2,4.6,rideshare
USER042,uber,2024-03-19,186.61,10.4,4.5,rideshare
USER042,uber,2024-03-20,78.03,3.9,4.4,rideshare
USER042,uber,2024-03-22,229.48,11.1,4.1,rideshare
USER042,uber,2024-03-26,79.31,3.5,4.9,rideshare
USER042,uber,2024-03-29,162.6,7.5,4.9,rideshare
USER042,lyft,2024-01-01,71.66,3.4,4.1,rideshare
USER042,lyft,2024-01-04,60.62,3.7,4.8,rideshare
USER042,lyft,2024-01-05,262.21,10.0,4.3,rideshare
USER042,lyft,2024-01-06,180.06,7.4,4.1,rideshare
USER042,lyft,2024-01-08,118.13,6.5,4.3,rideshare
USER042,lyft,2024-01-10,106.42,5.1,4.1,rideshare
USER042,lyft,2024-01-13,250.64,10.4,4.5,rideshare
USER042,lyft,2024-01-14,112.86,5.2,4.6,rideshare
USER042,lyft,2024-01-15,176.3,8.1,4.4,rideshare
USER042,lyft,2024-01-16,147.55,7.1,4.4,rideshare
USER042,lyft,2024-01-17,43.68,3.6,4.5,rideshare
USER042,lyft,2024-01-18,87.83,6.0,4.1,rideshare
USER042,lyft,2024-01-21,224.62,9.4,4.8,rideshare
USER042,lyft,2024-01-22,208.99,8.5,4.6,rideshare
USER042,lyft,2024-01-25,186.61,10.2,4.8,rideshare
USER042,lyft,2024-01-26,198.42,9.2,4.6,rideshare
USER042,lyft,2024-01-28,97.28,4.2,4.6,rideshare
USER042,lyft,2024-01-29,199.72,10.9,4.9,rideshare
USER042,lyft,2024-01-30,142.55,6.4,4.9,rideshare
USER042,lyft,2024-02-01,104.97,6.2,4.5,rideshare
USER042,lyft,2024-02-02,167.03,9.3,5.0,rideshare
USER042,lyft,2024-02-03,46.47,2.1,4.2,rideshare
USER042,lyft,2024-02-04,194.78,10.1,4.2,rideshare
USER042,lyft,2024-02-05,50.81,2.4,4.3,rideshare
USER042,lyft,2024-02-07,47.36,2.9,4.6,rideshare
USER042,lyft,2024-02-09,164.16,10.2,4.3,rideshare
USER042,lyft,2024-02-11,36.61,2.8,4.9,rideshare
USER042,lyft,2024-02-20,121.88,6.4,4.8,rideshare
USER042,lyft,2024-02-25,217.69,10.7,4.5,rideshare
USER042,lyft,2024-02-27,119.44,5.0,4.3,rideshare
USER042,lyft,2024-02-28,108.48,6.1,4.8,rideshare
USER042,lyft,2024-02-29,108.3,4.3,4.7,rideshare
USER042,lyft,2024-03-01,38.77,2.2,4.9,rideshare
USER042,lyft,2024-03-03,140.85,7.1,4.1,rideshare
USER042,lyft,2024-03-04,152.25,6.5,4.6,rideshare
USER042,lyft,2024-03-06,56.53,3.0,4.6,rideshare
USER042,lyft,2024-03-09,117.29,5.3,4.7,rideshare
USER042,lyft,2024-03-10,151.38,10.2,4.3,rideshare
USER042,lyft,2024-03-11,145.65,5.7,4.6,rideshare
USER042,lyft,2024-03-12,105.68,6.3,4.9,rideshare
USER042,lyft,2024-03-14,260.23,10.5,4.4,rideshare
USER042,lyft,2024-03-16,108.42,5.6,4.1,rideshare
USER042,lyft,2024-03-18,232.29,11.3,4.1,rideshare
USER042,lyft,2024-03-19,47.39,3.6,4.5,rideshare
USER042,lyft,2024-03-20,63.62,2.7,4.3,rideshare
USER042,lyft,2024-03-22,250.62,10.4,4.4,rideshare
USER042,lyft,2024-03-25,207.31,8.9,4.3,rideshare
USER042,lyft,2024-03-27,248.29,10.6,4.3,rideshare
USER042,lyft,2024-03-29,217.04,11.3,4.4,rideshare
USER043,uber,2024-01-02,87.43,3.9,4.2,rideshare
USER043,uber,2024-01-03,149.06,8.0,4.4,rideshare
USER043,uber,2024-01-04,49.58,3.4,4.4,rideshare
USER043,uber,2024-01-05,156.49,11.5,4.8,rideshare
USER043,uber,2024-01-07,96.6,4.2,4.5,rideshare
USER043,uber,2024-01-08,273.71,9.3,4.6,rideshare
USER043,uber,2024-01-10,45.29,2.2,4.5,rideshare
USER043,uber,2024-01-11,93.68,5.0,4.1,rideshare
USER043,uber,2024-01-12,96.7,4.1,4.4,rideshare
USER043,uber,2024-01-13,253.69,11.1,4.3,rideshare
USER043,uber,2024-01-15,104.57,7.5,4.8,rideshare
USER043,uber,2024-01-16,135.21,7.8,4.7,rideshare
USER043,uber,2024-01-20,188.46,8.4,4.4,rideshare
USER043,uber,2024-01-22,104.29,8.1,4.9,rideshare
USER043,uber,2024-01-25,63.8,3.8,4.3,rideshare
USER043,uber,2024-01-30,181.69,8.8,4.4,rideshare
USER043,uber,2024-01-31,154.0,7.4,4.3,rideshare
USER043,uber,2024-02-03,126.11,4.8,4.7,rideshare
USER043,uber,2024-02-04,135.98,7.8,4.4,rideshare
USER043,uber,2024-02-05,174.98,7.9,4.5,rideshare
USER043,uber,2024-02-07,132.91,8.9,4.6,rideshare
USER043,uber,2024-02-08,160.13,8.5,4.5,rideshare
USER043,uber,2024-02-09,95.54,5.7,4.1,rideshare
USER043,uber,2024-02-11,92.19,5.1,4.3,rideshare
USER043,uber,2024-02-13,123.35,7.3,4.1,rideshare
USER043,uber,2024-02-15,128.68,7.5,4.6,rideshare
USER043,uber,2024-02-16,107.45,6.2,4.8,rideshare
USER043,uber,2024-02-18,182.17,10.4,4.4,rideshare
USER043,uber,2024-02-19,207.85,11.2,4.4,rideshare
USER043,uber,2024-02-20,84.08,4.0,4.1,rideshare
USER043,uber,2024-02-21,136.04,7.0,5.0,rideshare
USER043,uber,2024-02-23,224.09,8.8,4.1,rideshare
USER043,uber,2024-02-24,67.24,4.9,4.4,rideshare
USER043,uber,2024-02-25,40.96,2.8,4.6,rideshare
USER043,uber,2024-02-26,163.99,10.6,4.2,rideshare
USER043,uber,2024-02-28,156.25,10.5,4.0,rideshare
USER043,uber,2024-02-29,162.91,7.9,4.2,rideshare
USER043,uber,2024-03-01,44.19,2.3,4.7,rideshare
USER043,uber,2024-03-04,110.79,7.3,4.6,rideshare
USER043,uber,2024-03-05,121.53,5.6,5.0,rideshare
USER043,uber,2024-03-06,78.97,4.4,4.3,rideshare
USER043,uber,2024-03-09,63.55,3.9,4.8,rideshare
USER043,uber,2024-03-10,167.71,9.9,4.6,rideshare
USER043,uber,2024-03-11,52.03,3.7,4.8,rideshare
USER043,uber,2024-03-13,186.29,8.4,4.9,rideshare
USER043,uber,2024-03-15,163.81,8.4,4.6,rideshare
USER043,uber,2024-03-17,73.34,2.9,5.0,rideshare
USER043,uber,2024-03-19,145.88,7.6,4.5,rideshare
USER043,uber,2024-03-22,120.84,8.4,4.9,rideshare
USER043,uber,2024-03-23,129.27,6.7,4.2,rideshare
USER043,uber,2024-03-24,108.78,5.7,4.4,rideshare
USER043,uber,2024-03-26,133.18,6.3,4.2,rideshare
USER043,uber,2024-03-27,216.57,8.9,4.1,rideshare
USER043,uber,2024-03-30,75.77,4.5,4.9,rideshare
USER043,instacart,2024-01-03,48.3,3.1,4.1,delivery
USER043,instacart,2024-01-07,85.57,5.4,4.3,delivery
USER043,instacart,2024-01-08,62.36,3.9,4.7,delivery
USER043,instacart,2024-01-09,54.36,3.9,4.7,delivery
USER043,instacart,2024-01-10,75.85,5.1,4.6,delivery
USER043,instacart,2024-01-12,63.5,3.9,4.2,delivery
USER043,instacart,2024-01-14,104.14,6.5,4.7,delivery
USER043,instacart,2024-01-15,55.23,4.5,4.1,delivery
USER043,instacart,2024-01-16,124.94,6.4,4.9,delivery
USER043,instacart,2024-01-17,134.11,6.7,4.9,delivery
USER043,instacart,2024-01-18,64.66,3.7,4.2,delivery
USER043,instacart,2024-01-19,43.34,3.0,4.6,delivery
USER043,instacart,2024-01-20,63.85,3.8,4.3,delivery
USER043,instacart,2024-01-21,98.16,6.8,4.8,delivery
USER043,instacart,2024-01-22,49.4,2.4,4.6,delivery
USER043,instacart,2024-01-23,102.88,5.1,4.6,delivery
USER043,instacart,2024-01-24,83.75,6.7,4.8,delivery
USER043,instacart,2024-01-25,38.02,2.3,4.9,delivery
USER043,instacart,2024-01-27,58.81,3.9,4.0,delivery
USER043,instacart,2024-01-29,29.54,2.5,4.1,delivery
USER043,instacart,2024-01-30,89.26,6.5,4.1,delivery
USER043,instacart,2024-02-01,83.71,6.1,4.8,delivery
USER043,instacart,2024-02-02,95.81,7.8,4.9,delivery
USER043,instacart,2024-02-03,123.8,6.6,4.3,delivery
USER043,instacart,2024-02-05,96.51,4.8,4.1,delivery
USER043,instacart,2024-02-06,52.81,4.0,4.0,delivery
USER043,instacart,2024-02-09,122.73,7.8,4.7,delivery
USER043,instacart,2024-02-11,89.94,6.9,4.9,delivery
USER043,instacart,2024-02-13,107.0,6.8,4.4,delivery
USER043,instacart,2024-02-14,169.85,8.0,4.1,delivery
USER043,instacart,2024-02-16,30.25,1.9,4.2,delivery
USER043,instacart,2024-02-17,60.55,3.3,4.9,delivery
USER043,instacart,2024-02-19,58.25,4.0,4.6,delivery
USER043,instacart,2024-02-21,88.51,5.1,4.5,delivery
USER043,instacart,2024-02-22,72.72,4.4,4.9,delivery
USER043,instacart,2024-02-24,103.37,6.5,4.7,delivery
USER043,instacart,2024-02-28,96.07,7.1,4.9,delivery
USER043,instacart,2024-02-29,44.22,3.0,4.8,delivery
USER043,instacart,2024-03-01,63.89,3.2,4.9,delivery
USER043,instacart,2024-03-02,47.19,2.5,4.8,delivery
USER043,instacart,2024-03-03,92.43,7.0,4.1,delivery
USER043,instacart,2024-03-04,26.25,1.3,4.3,delivery
USER043,instacart,2024-03-07,126.62,8.0,4.6,delivery
USER043,instacart,2024-03-08,20.66,1.3,4.1,delivery
USER043,instacart,2024-03-09,60.52,3.9,5.0,delivery
USER043,instacart,2024-03-10,68.2,4.8,4.3,delivery
USER043,instacart,2024-03-12,123.31,6.2,4.0,delivery
USER043,instacart,2024-03-14,28.0,1.5,4.6,delivery
USER043,instacart,2024-03-15,91.56,4.6,4.4,delivery
USER043,instacart,2024-03-16,83.97,5.0,4.2,delivery
USER043,instacart,2024-03-17,80.76,5.1,4.7,delivery
USER043,instacart,2024-03-18,80.16,5.6,4.4,delivery
USER043,instacart,2024-03-20,102.29,7.9,4.7,delivery
USER043,instacart,2024-03-21,31.01,1.9,4.4,delivery
USER043,instacart,2024-03-22,12.87,1.1,4.0,delivery
USER043,instacart,2024-03-23,125.72,7.4,4.2,delivery
USER043,instacart,2024-03-25,151.98,7.7,4.3,delivery
USER043,instacart,2024-03-27,25.12,1.7,5.0,delivery
USER043,instacart,2024-03-29,20.97,1.4,5.0,delivery
USER044,doordash,2024-01-01,34.4,2.2,4.1,delivery
USER044,doordash,2024-01-02,34.83,2.1,4.6,delivery
USER044,doordash,2024-01-03,49.85,3.0,4.5,delivery
USER044,doordash,2024-01-05,80.89,5.2,4.0,delivery
USER044,doordash,2024-01-06,69.91,6.3,4.6,delivery
USER044,doordash,2024-01-07,104.92,6.5,4.9,delivery
USER044,doordash,2024-01-08,94.67,7.0,4.2,delivery
USER044,doordash,2024-01-12,103.14,5.1,4.0,delivery
USER044,doordash,2024-01-14,121.99,7.6,4.5,delivery
USER044,doordash,2024-01-16,35.87,2.7,4.5,delivery
USER044,doordash,2024-01-18,89.75,5.4,4.7,delivery
USER044,doordash,2024-01-19,87.61,5.3,4.1,delivery
USER044,doordash,2024-01-22,53.16,3.0,4.8,delivery
USER044,doordash,2024-01-23,29.55,1.9,4.1,delivery
USER044,doordash,2024-01-24,70.13,5.3,4.2,delivery
USER044,doordash,2024-01-25,105.77,4.9,4.0,delivery
USER044,doordash,2024-01-27,25.89,1.8,4.2,delivery
USER044,doordash,2024-01-31,56.34,2.7,4.6,delivery
USER044,doordash,2024-02-01,106.63,4.9,4.9,delivery
USER044,doordash,2024-02-03,93.79,6.4,4.3,delivery
USER044,doordash,2024-02-04,127.39,6.8,4.4,delivery
USER044,doordash,2024-02-07,70.69,5.3,4.0,delivery
USER044,doordash,2024-02-08,40.48,3.3,4.2,delivery
USER044,doordash,2024-02-10,28.07,1.6,4.4,delivery
USER044,doordash,2024-02-11,64.41,5.6,4.6,delivery
USER044,doordash,2024-02-12,26.93,2.5,4.3,delivery
USER044,doordash,2024-02-13,84.95,5.3,4.8,delivery
USER044,doordash,2024-02-14,92.43,6.4,4.9,delivery
USER044,doordash,2024-02-15,18.47,1.1,4.2,delivery
USER044,doordash,2024-02-18,12.1,1.0,4.1,delivery
USER044,doordash,2024-02-20,70.95,3.4,4.4,delivery
USER044,doordash,2024-02-21,47.65,3.2,5.0,delivery
USER044,doordash,2024-02-23,87.8,4.9,4.2,delivery
USER044,doordash,2024-02-24,46.15,2.7,4.2,delivery
USER044,doordash,2024-02-25,96.4,5.7,4.2,delivery
USER044,doordash,2024-02-26,81.08,5.5,4.1,delivery
USER044,doordash,2024-02-27,15.98,1.1,4.6,delivery
USER044,doordash,2024-02-28,116.67,5.8,4.4,delivery
USER044,doordash,2024-02-29,25.79,2.1,4.1,delivery
USER044,doordash,2024-03-01,80.97,4.8,4.9,delivery
USER044,doordash,2024-03-02,29.92,2.2,4.6,delivery
USER044,doordash,2024-03-03,18.32,1.0,4.1,delivery
USER044,doordash,2024-03-04,34.93,2.5,4.6,delivery
USER044,doordash,2024-03-05,105.13,6.5,4.0,delivery
USER044,doordash,2024-03-06,71.67,5.7,4.6,delivery
USER044,doordash,2024-03-08,74.64,4.4,4.6,delivery
USER044,doordash,2024-03-09,40.54,2.3,4.3,delivery
USER044,doordash,2024-03-10,86.28,6.9,4.7,delivery
USER044,doordash,2024-03-11,69.44,4.6,5.0,delivery
USER044,doordash,2024-03-12,94.46,5.1,4.9,delivery
USER044,doordash,2024-03-13,100.62,6.5,5.0,delivery
USER044,doordash,2024-03-14,113.82,7.7,4.5,delivery
USER044,doordash,2024-03-16,38.33,3.3,4.7,delivery
USER044,doordash,2024-03-18,30.65,1.8,4.8,delivery
USER044,doordash,2024-03-19,145.94,7.4,4.7,delivery
USER044,doordash,2024-03-21,50.56,4.0,4.2,delivery
USER044,doordash,2024-03-22,63.99,3.9,4.8,delivery
USER044,doordash,2024-03-23,69.55,5.9,4.5,delivery
USER044,doordash,2024-03-24,62.77,6.0,4.1,delivery
USER044,doordash,2024-03-25,57.21,4.3,4.9,delivery
USER044,doordash,2024-03-26,71.86,4.3,4.3,delivery
USER044,doordash,2024-03-27,60.78,4.4,4.6,delivery
USER044,doordash,2024-03-28,88.8,6.7,4.3,delivery
USER044,doordash,2024-03-29,94.21,7.4,4.3,delivery
USER044,doordash,2024-03-30,13.54,1.2,4.7,delivery
USER044,instacart,2024-01-01,111.14,7.4,4.5,delivery
USER044,instacart,2024-01-03,72.41,5.9,4.3,delivery
USER044,instacart,2024-01-04,74.24,4.5,4.6,delivery
USER044,instacart,2024-01-05,133.18,7.8,4.1,delivery
USER044,instacart,2024-01-07,69.83,3.9,4.9,delivery
USER044,instacart,2024-01-08,52.13,4.7,4.1,delivery
USER044,instacart,2024-01-09,142.55,6.7,4.2,delivery
USER044,instacart,2024-01-10,66.05,4.0,4.9,delivery
USER044,instacart,2024-01-12,97.5,4.4,4.3,delivery
USER044,instacart,2024-01-13,144.48,7.4,4.8,delivery
USER044,instacart,2024-01-15,113.58,5.3,4.3,delivery
USER044,instacart,2024-01-16,49.46,4.0,4.8,delivery
USER044,instacart,2024-01-17,97.33,6.8,4.4,delivery
USER044,instacart,2024-01-18,39.95,3.9,4.6,delivery
USER044,instacart,2024-01-19,45.82,3.3,4.8,delivery
USER044,instacart,2024-01-20,28.36,1.9,4.4,delivery
USER044,instacart,2024-01-21,40.78,2.6,4.0,delivery
USER044,instacart,2024-01-22,58.76,2.8,4.9,delivery
USER044,instacart,2024-01-23,59.22,3.1,4.7,delivery
USER044,instacart,2024-01-25,55.65,3.0,4.6,delivery
USER044,instacart,2024-01-30,164.0,7.8,4.5,delivery
USER044,instacart,2024-02-01,61.05,3.0,4.5,delivery
USER044,instacart,2024-02-02,67.8,4.7,4.5,delivery
USER044,instacart,2024-02-06,62.65,4.1,4.2,delivery
USER044,instacart,2024-02-07,90.76,5.9,4.7,delivery
USER044,instacart,2024-02-08,74.73,6.1,4.2,delivery
USER044,instacart,2024-02-14,15.15,1.5,4.8,delivery
USER044,instacart,2024-02-15,147.94,6.9,4.7,delivery
USER044,instacart,2024-02-16,44.07,2.9,4.3,delivery
USER044,instacart,2024-02-18,82.85,6.3,4.5,delivery
USER044,instacart,2024-02-19,68.94,6.5,5.0,delivery
USER044,instacart,2024-02-20,97.59,6.1,4.7,delivery
USER044,instacart,2024-02-21,92.94,5.5,4.9,delivery
USER044,instacart,2024-02-24,112.36,7.9,4.3,delivery
USER044,instacart,2024-02-26,40.09,2.0,4.8,delivery
USER044,instacart,2024-02-27,33.93,2.5,4.7,delivery
USER044,instacart,2024-02-29,40.89,3.3,4.5,delivery
USER044,instacart,2024-03-02,86.07,6.0,4.9,delivery
USER044,instacart,2024-03-03,78.06,4.6,4.7,delivery
USER044,instacart,2024-03-04,18.93,1.5,4.3,delivery
USER044,instacart,2024-03-05,103.53,7.3,4.7,delivery
USER044,instacart,2024-03-07,29.57,1.7,4.2,delivery
USER044,instacart,2024-03-08,58.08,4.5,4.6,delivery
USER044,instacart,2024-03-09,82.89,4.6,4.3,delivery
USER044,instacart,2024-03-10,70.42,4.2,4.1,delivery
USER044,instacart,2024-03-12,132.66,6.5,4.4,delivery
USER044,instacart,2024-03-16,60.14,4.1,4.5,delivery
USER044,instacart,2024-03-17,88.88,4.6,4.1,delivery
USER044,instacart,2024-03-18,64.87,3.7,4.7,delivery
USER044,instacart,2024-03-19,30.31,2.1,4.9,delivery
USER044,instacart,2024-03-22,42.58,2.5,4.4,delivery
USER044,instacart,2024-03-23,64.46,4.0,4.1,delivery
USER044,instacart,2024-03-24,35.89,2.7,4.7,delivery
USER044,instacart,2024-03-26,56.35,3.7,4.1,delivery
USER044,instacart,2024-03-29,72.35,5.8,4.3,delivery
USER044,instacart,2024-03-30,75.73,5.2,4.8,delivery
USER045,uber,2024-01-01,94.6,4.0,4.5,rideshare
USER045,uber,2024-01-02,167.92,7.9,4.2,rideshare
USER045,uber,2024-01-03,234.32,10.1,4.2,rideshare
USER045,uber,2024-01-04,223.93,11.4,5.0,rideshare
USER045,uber,2024-01-05,244.9,10.2,4.0,rideshare
USER045,uber,2024-01-08,45.41,2.1,4.8,rideshare
USER045,uber,2024-01-09,80.75,3.7,4.5,rideshare
USER045,uber,2024-01-10,182.16,9.6,4.8,rideshare
USER045,uber,2024-01-11,161.24,8.9,4.5,rideshare
USER045,uber,2024-01-12,96.79,8.0,4.9,rideshare
USER045,uber,2024-01-13,60.44,3.4,4.1,rideshare
USER045,uber,2024-01-14,79.89,4.2,4.1,rideshare
USER045,uber,2024-01-16,239.05,8.6,4.1,rideshare
USER045,uber,2024-01-20,132.94,7.8,4.1,rideshare
USER045,uber,2024-01-21,111.32,5.5,4.8,rideshare
USER045,uber,2024-01-22,133.75,8.1,4.5,rideshare
USER045,uber,2024-01-23,67.22,4.7,4.7,rideshare
USER045,uber,2024-01-24,298.35,10.4,5.0,rideshare
USER045,uber,2024-01-25,86.24,4.0,4.2,rideshare
USER045,uber,2024-01-27,39.59,2.8,5.0,rideshare
USER045,uber,2024-01-29,96.41,4.8,4.4,rideshare
USER045,uber,2024-01-31,149.99,7.9,4.9,rideshare
USER045,uber,2024-02-01,51.49,2.4,4.8,rideshare
USER045,uber,2024-02-02,90.69,7.0,4.3,rideshare
USER045,uber,2024-02-03,77.91,4.6,4.3,rideshare
USER045,uber,2024-02-04,192.5,10.5,4.3,rideshare
USER045,uber,2024-02-05,98.72,6.9,4.2,rideshare
USER045,uber,2024-02-06,165.2,7.7,4.4,rideshare
USER045,uber,2024-02-11,207.02,10.3,4.0,rideshare
USER045,uber,2024-02-12,302.45,11.5,4.8,rideshare
USER045,uber,2024-02-13,156.37,9.8,4.4,rideshare
USER045,uber,2024-02-14,161.91,7.9,4.7,rideshare
USER045,uber,2024-02-16,41.57,2.3,4.7,rideshare
USER045,uber,2024-02-17,147.55,8.6,4.7,rideshare
USER045,uber,2024-02-18,35.14,2.9,4.8,rideshare
USER045,uber,2024-02-19,136.71,7.0,5.0,rideshare
USER045,uber,2024-02-20,143.43,8.4,5.0,rideshare
USER045,uber,2024-02-21,145.72,8.6,4.6,rideshare
USER045,uber,2024-02-25,148.86,9.2,4.5,rideshare
USER045,uber,2024-02-26,131.74,7.5,4.7,rideshare
USER045,uber,2024-02-28,235.82,11.7,4.6,rideshare
USER045,uber,2024-03-01,65.98,2.6,4.9,rideshare
USER045,uber,2024-03-04,50.54,2.5,4.2,rideshare
USER045,uber,2024-03-05,82.35,4.4,4.2,rideshare
USER045,uber,2024-03-07,77.16,2.8,4.7,rideshare
USER045,uber,2024-03-08,189.09,10.5,4.6,rideshare
USER045,uber,2024-03-16,221.44,10.6,5.0,rideshare
USER045,uber,2024-03-21,129.8,7.0,4.4,rideshare
USER045,uber,2024-03-22,75.51,2.9,4.1,rideshare
USER045,uber,2024-03-23,172.98,8.1,4.4,rideshare
USER045,uber,2024-03-27,156.04,6.3,4.1,rideshare
USER045,uber,2024-03-28,221.59,11.0,4.5,rideshare
USER045,uber,2024-03-30,150.3,7.4,4.7,rideshare
USER046,lyft,2024-01-02,188.08,8.4,4.4,rideshare
USER046,lyft,2024-01-03,104.09,6.3,4.8,rideshare
USER046,lyft,2024-01-04,179.91,8.9,4.4,rideshare
USER046,lyft,2024-01-07,196.13,11.2,4.9,rideshare
USER046,lyft,2024-01-08,144.53,6.6,4.2,rideshare
USER046,lyft,2024-01-09,63.97,3.4,4.5,rideshare
USER046,lyft,2024-01-10,257.66,11.7,4.4,rideshare
USER046,lyft,2024-01-11,246.49,11.1,4.7,rideshare
USER046,lyft,2024-01-12,45.17,2.7,4.9,rideshare
USER046,lyft,2024-01-13,235.72,10.9,4.3,rideshare
USER046,lyft,2024-01-14,51.47,2.7,4.6,rideshare
USER046,lyft,2024-01-16,192.53,10.0,4.4,rideshare
USER046,lyft,2024-01-19,52.38,2.6,4.8,rideshare
USER046,lyft,2024-01-20,100.82,4.6,4.6,rideshare
USER046,lyft,2024-01-21,200.88,10.4,4.6,rideshare
USER046,lyft,2024-01-26,52.7,3.0,4.3,rideshare
USER046,lyft,2024-01-27,133.15,5.9,4.5,rideshare
USER046,lyft,2024-01-28,53.51,2.2,4.6,rideshare
USER046,lyft,2024-01-29,62.87,4.3,4.6,rideshare
USER046,lyft,2024-02-01,44.9,2.4,4.5,rideshare
USER046,lyft,2024-02-02,275.28,10.1,4.9,rideshare
USER046,lyft,2024-02-04,173.37,10.0,4.2,rideshare
USER046,lyft,2024-02-07,153.54,10.1,4.8,rideshare
USER046,lyft,2024-02-08,97.74,4.8,4.7,rideshare
USER046,lyft,2024-02-09,245.35,8.8,4.3,rideshare
USER046,lyft,2024-02-11,86.12,4.1,4.3,rideshare
USER046,lyft,2024-02-12,147.97,9.2,4.7,rideshare
USER046,lyft,2024-02-16,184.88,7.1,4.9,rideshare
USER046,lyft,2024-02-17,198.94,7.6,4.7,rideshare
USER046,lyft,2024-02-24,257.06,10.3,4.2,rideshare
USER046,lyft,2024-02-25,135.19,6.6,4.5,rideshare
USER046,lyft,2024-02-28,173.23,10.8,4.8,rideshare
USER046,lyft,2024-02-29,168.49,8.5,4.9,rideshare
USER046,lyft,2024-03-05,129.86,9.2,4.8,rideshare
USER046,lyft,2024-03-06,179.01,8.0,4.4,rideshare
USER046,lyft,2024-03-07,51.26,2.5,4.2,rideshare
USER046,lyft,2024-03-10,91.91,6.7,4.7,rideshare
USER046,lyft,2024-03-13,164.1,9.9,4.6,rideshare
USER046,lyft,2024-03-15,54.63,2.6,4.6,rideshare
USER046,lyft,2024-03-16,174.85,8.8,4.6,rideshare
USER046,lyft,2024-03-17,187.22,8.6,4.1,rideshare
USER046,lyft,2024-03-18,53.2,2.6,4.6,rideshare
USER046,lyft,2024-03-26,169.09,9.2,4.1,rideshare
USER046,lyft,2024-03-27,50.85,2.3,4.2,rideshare
USER046,lyft,2024-03-28,208.52,10.2,4.4,rideshare
USER047,upwork,2024-01-01,110.4,3.0,4.7,freelance
USER047,upwork,2024-01-02,325.53,9.6,4.8,freelance
USER047,upwork,2024-01-07,71.74,1.7,4.9,freelance
USER047,upwork,2024-01-08,287.16,7.8,4.5,freelance
USER047,upwork,2024-01-09,128.02,2.2,4.8,freelance
USER047,upwork,2024-01-10,152.0,5.0,5.0,freelance
USER047,upwork,2024-01-11,96.3,3.9,5.0,freelance
USER047,upwork,2024-01-16,164.71,7.8,4.3,freelance
USER047,upwork,2024-01-17,518.21,6.9,4.0,freelance
USER047,upwork,2024-01-19,107.86,1.8,4.2,freelance
USER047,upwork,2024-01-21,190.63,4.0,4.7,freelance
USER047,upwork,2024-01-23,91.15,4.0,4.6,freelance
USER047,upwork,2024-01-24,691.3,9.2,4.4,freelance
USER047,upwork,2024-01-25,767.76,9.5,4.2,freelance
USER047,upwork,2024-01-28,473.82,9.6,4.3,freelance
USER047,upwork,2024-02-01,337.77,8.3,4.4,freelance
USER047,upwork,2024-02-03,193.09,7.5,4.3,freelance
USER047,upwork,2024-02-04,324.03,5.0,4.6,freelance
USER047,upwork,2024-02-05,185.74,3.6,4.3,freelance
USER047,upwork,2024-02-06,454.39,5.7,4.6,freelance
USER047,upwork,2024-02-07,370.41,4.4,4.1,freelance
USER047,upwork,2024-02-08,170.19,2.4,4.5,freelance
USER047,upwork,2024-02-09,219.17,3.9,4.7,freelance
USER047,upwork,2024-02-10,267.59,5.2,4.9,freelance
USER047,upwork,2024-02-14,57.79,2.0,4.7,freelance
USER047,upwork,2024-02-15,114.46,5.5,4.6,freelance
USER047,upwork,2024-02-16,183.67,3.2,4.1,freelance
USER047,upwork,2024-02-17,189.05,5.1,4.1,freelance
USER047,upwork,2024-02-18,155.6,5.6,4.0,freelance
USER047,upwork,2024-02-20,399.33,6.6,4.4,freelance
USER047,upwork,2024-02-21,109.44,3.9,5.0,freelance
USER047,upwork,2024-02-22,328.52,4.4,4.2,freelance
USER047,upwork,2024-02-23,559.98,9.0,4.3,freelance
USER047,upwork,2024-02-24,148.24,6.4,4.5,freelance
USER047,upwork,2024-02-25,249.51,8.0,4.6,freelance
USER047,upwork,2024-02-27,343.66,7.2,4.3,freelance
USER047,upwork,2024-02-28,161.87,2.3,4.5,freelance
USER047,upwork,2024-02-29,79.86,3.2,4.1,freelance
USER047,upwork,2024-03-01,149.2,7.8,4.2,freelance
USER047,upwork,2024-03-02,84.91,3.8,4.1,freelance
USER047,upwork,2024-03-03,201.0,4.3,4.0,freelance
USER047,upwork,2024-03-04,278.02,7.6,4.7,freelance
USER047,upwork,2024-03-05,379.66,6.7,4.8,freelance
USER047,upwork,2024-03-06,315.29,7.0,4.9,freelance
USER047,upwork,2024-03-07,123.68,4.4,4.7,freelance
USER047,upwork,2024-03-08,204.79,5.4,4.0,freelance
USER047,upwork,2024-03-09,99.97,3.3,4.8,freelance
USER047,upwork,2024-03-12,148.95,3.4,4.8,freelance
USER047,upwork,2024-03-16,159.91,5.1,4.1,freelance
USER047,upwork,2024-03-17,545.73,7.8,4.8,freelance
USER047,upwork,2024-03-18,158.32,4.3,4.1,freelance
USER047,upwork,2024-03-19,352.3,8.4,4.5,freelance
USER047,upwork,2024-03-20,184.06,5.0,4.1,freelance
USER047,upwork,2024-03-22,99.03,2.3,4.6,freelance
USER047,upwork,2024-03-23,146.61,4.6,4.9,freelance
USER047,upwork,2024-03-24,38.44,1.2,4.2,freelance
USER047,upwork,2024-03-25,452.51,8.7,4.3,freelance
USER047,upwork,2024-03-27,238.9,7.2,4.8,freelance
USER047,upwork,2024-03-28,63.76,1.6,4.4,freelance
USER047,upwork,2024-03-29,125.27,2.8,4.3,freelance
USER047,uber,2024-01-01,205.74,9.8,4.2,rideshare
USER047,uber,2024-01-03,79.72,4.3,5.0,rideshare
USER047,uber,2024-01-05,90.76,4.6,4.3,rideshare
USER047,uber,2024-01-06,161.85,7.7,4.9,rideshare
USER047,uber,2024-01-08,179.31,9.8,4.0,rideshare
USER047,uber,2024-01-09,168.56,8.0,4.4,rideshare
USER047,uber,2024-01-10,233.15,9.7,4.2,rideshare
USER047,uber,2024-01-15,120.44,6.8,4.3,rideshare
USER047,uber,2024-01-16,142.11,11.1,4.7,rideshare
USER047,uber,2024-01-18,87.76,6.5,4.2,rideshare
USER047,uber,2024-01-19,45.14,2.2,4.4,rideshare
USER047,uber,2024-01-20,122.76,6.0,4.8,rideshare
USER047,uber,2024-01-21,176.73,8.1,4.7,rideshare
USER047,uber,2024-01-24,152.57,8.1,4.1,rideshare
USER047,uber,2024-01-25,61.67,3.1,4.3,rideshare
USER047,uber,2024-01-29,170.81,7.5,4.1,rideshare
USER047,uber,2024-02-01,177.99,8.3,5.0,rideshare
USER047,uber,2024-02-03,183.05,11.9,4.1,rideshare
USER047,uber,2024-02-04,132.26,5.7,4.8,rideshare
USER047,uber,2024-02-07,150.45,8.1,4.9,rideshare
USER047,uber,2024-02-08,146.02,10.4,4.9,rideshare
USER047,uber,2024-02-12,251.47,11.5,4.1,rideshare
USER047,uber,2024-02-13,157.73,7.0,4.5,rideshare
USER047,uber,2024-02-14,77.56,3.7,4.8,rideshare
USER047,uber,2024-02-16,139.69,10.4,4.6,rideshare
USER047,uber,2024-02-17,47.65,2.4,4.3,rideshare
USER047,uber,2024-02-19,67.7,3.6,4.3,rideshare
USER047,uber,2024-02-20,83.95,4.2,4.9,rideshare
USER047,uber,2024-02-22,181.93,7.9,4.1,rideshare
USER047,uber,2024-02-23,172.73,9.3,4.2,rideshare
USER047,uber,2024-02-27,64.77,2.7,4.7,rideshare
USER047,uber,2024-02-28,69.58,2.7,5.0,rideshare
USER047,uber,2024-03-01,107.92,6.2,4.9,rideshare
USER047,uber,2024-03-05,132.0,9.0,4.6,rideshare
USER047,uber,2024-03-06,196.28,10.2,4.6,rideshare
USER047,uber,2024-03-07,104.35,5.9,4.6,rideshare
USER047,uber,2024-03-08,146.18,6.7,4.7,rideshare
USER047,uber,2024-03-09,62.61,2.5,4.7,rideshare
USER047,uber,2024-03-10,183.01,7.8,4.6,rideshare
USER047,uber,2024-03-12,231.16,8.1,4.7,rideshare
USER047,uber,2024-03-13,217.27,10.9,4.9,rideshare
USER047,uber,2024-03-15,47.24,2.7,5.0,rideshare
USER047,uber,2024-03-16,157.53,6.5,4.1,rideshare
USER047,uber,2024-03-17,68.57,4.9,4.9,rideshare
USER047,uber,2024-03-18,199.11,8.5,4.9,rideshare
USER047,uber,2024-03-19,259.54,10.8,4.2,rideshare
USER047,uber,2024-03-21,82.98,3.8,4.3,rideshare
USER047,uber,2024-03-23,160.33,8.5,4.3,rideshare
USER047,uber,2024-03-24,240.84,10.7,4.7,rideshare
USER047,uber,2024-03-26,197.69,10.1,4.0,rideshare
USER047,uber,2024-03-28,169.43,10.9,4.7,rideshare
USER047,uber,2024-03-29,246.04,11.8,4.3,rideshare
USER047,taskrabbit,2024-01-01,60.19,3.5,4.5,services
USER047,taskrabbit,2024-01-04,103.13,5.2,4.8,services
USER047,taskrabbit,2024-01-08,77.85,2.9,4.9,services
USER047,taskrabbit,2024-01-10,65.31,2.9,4.2,services
USER047,taskrabbit,2024-01-11,48.45,1.2,4.2,services
USER047,taskrabbit,2024-01-12,112.62,3.9,4.4,services
USER047,taskrabbit,2024-01-13,50.91,2.7,4.4,services
USER047,taskrabbit,2024-01-14,29.34,1.3,4.8,services
USER047,taskrabbit,2024-01-15,170.72,5.2,4.8,services
USER047,taskrabbit,2024-01-16,81.3,4.2,4.0,services
USER047,taskrabbit,2024-01-17,90.16,4.7,4.2,services
USER047,taskrabbit,2024-01-20,42.41,2.2,4.4,services
USER047,taskrabbit,2024-01-23,61.73,2.3,4.4,services
USER047,taskrabbit,2024-01-26,80.78,3.8,4.6,services
USER047,taskrabbit,2024-01-27,23.66,1.1,4.3,services
USER047,taskrabbit,2024-01-29,160.13,5.9,4.6,services
USER047,taskrabbit,2024-02-07,160.3,5.5,4.4,services
USER047,taskrabbit,2024-02-08,39.81,1.5,4.4,services
USER047,taskrabbit,2024-02-09,130.44,5.0,4.0,services
USER047,taskrabbit,2024-02-12,70.71,3.5,4.9,services
USER047,taskrabbit,2024-02-16,137.96,5.8,4.6,services
USER047,taskrabbit,2024-02-18,80.93,4.5,4.9,services
USER047,taskrabbit,2024-02-22,103.53,5.2,4.9,services
USER047,taskrabbit,2024-02-23,71.99,2.1,4.8,services
USER047,taskrabbit,2024-02-26,76.15,3.4,4.4,services
USER047,taskrabbit,2024-02-27,43.9,1.4,4.4,services
USER047,taskrabbit,2024-02-28,62.23,3.5,4.6,services
USER047,taskrabbit,2024-03-01,55.18,2.0,4.6,services
USER047,taskrabbit,2024-03-03,34.87,1.1,4.9,services
USER047,taskrabbit,2024-03-04,157.42,4.2,4.4,services
USER047,taskrabbit,2024-03-07,33.07,1.2,4.7,services
USER047,taskrabbit,2024-03-08,66.31,3.8,4.8,services
USER047,taskrabbit,2024-03-09,54.18,2.7,4.3,services
USER047,taskrabbit,2024-03-10,29.58,1.3,4.9,services
USER047,taskrabbit,2024-03-11,191.03,6.0,4.2,services
USER047,taskrabbit,2024-03-12,128.0,3.6,4.6,services
USER047,taskrabbit,2024-03-14,123.66,3.9,4.4,services
USER047,taskrabbit,2024-03-15,51.35,2.9,4.4,services
USER047,taskrabbit,2024-03-16,29.77,1.1,4.8,services
USER047,taskrabbit,2024-03-17,92.92,4.0,4.8,services
USER047,taskrabbit,2024-03-19,147.4,5.6,4.1,services
USER047,taskrabbit,2024-03-22,105.75,4.8,4.2,services
USER047,taskrabbit,2024-03-23,128.97,5.7,4.2,services
USER047,taskrabbit,2024-03-24,85.28,4.1,4.5,services
USER047,taskrabbit,2024-03-25,125.95,4.6,4.5,services
USER047,taskrabbit,2024-03-27,67.49,3.2,4.5,services
USER047,taskrabbit,2024-03-30,34.46,1.6,4.3,services
USER048,taskrabbit,2024-01-02,37.75,1.7,4.4,services
USER048,taskrabbit,2024-01-03,122.87,3.5,4.6,services
USER048,taskrabbit,2024-01-05,154.22,4.9,4.9,services
USER048,taskrabbit,2024-01-12,51.56,2.0,4.8,services
USER048,taskrabbit,2024-01-17,89.59,3.8,4.3,services
USER048,taskrabbit,2024-01-18,115.07,3.4,4.1,services
USER048,taskrabbit,2024-01-19,49.55,2.5,4.8,services
USER048,taskrabbit,2024-01-22,29.99,1.3,4.7,services
USER048,taskrabbit,2024-01-23,25.56,1.2,4.4,services
USER048,taskrabbit,2024-01-25,132.55,4.6,4.5,services
USER048,taskrabbit,2024-01-27,77.27,2.8,4.2,services
USER048,taskrabbit,2024-01-28,163.68,5.7,4.0,services
USER048,taskrabbit,2024-02-02,140.7,5.3,4.1,services
USER048,taskrabbit,2024-02-03,67.31,2.5,4.7,services
USER048,taskrabbit,2024-02-05,136.22,4.8,4.6,services
USER048,taskrabbit,2024-02-06,33.35,1.4,4.7,services
USER048,taskrabbit,2024-02-07,140.25,5.8,4.3,services
USER048,taskrabbit,2024-02-08,57.79,2.5,4.9,services
USER048,taskrabbit,2024-02-09,93.77,3.0,4.0,services
USER048,taskrabbit,2024-02-12,176.44,5.3,4.5,services
USER048,taskrabbit,2024-02-13,145.06,4.7,4.4,services
USER048,taskrabbit,2024-02-14,81.95,2.9,4.6,services
USER048,taskrabbit,2024-02-15,40.15,2.2,4.7,services
USER048,taskrabbit,2024-02-16,60.25,3.1,4.0,services
USER048,taskrabbit,2024-02-17,58.66,2.2,4.2,services
USER048,taskrabbit,2024-02-18,54.83,2.8,4.1,services
USER048,taskrabbit,2024-02-19,62.24,3.4,4.2,services
USER048,taskrabbit,2024-02-20,79.91,2.3,4.5,services
USER048,taskrabbit,2024-02-21,154.98,5.3,4.0,services
USER048,taskrabbit,2024-02-22,39.9,1.5,4.7,services
USER048,taskrabbit,2024-02-25,127.51,4.2,5.0,services
USER048,taskrabbit,2024-02-26,158.01,4.5,4.4,services
USER048,taskrabbit,2024-02-29,25.1,1.5,4.4,services
USER048,taskrabbit,2024-03-01,36.38,1.7,4.2,services
USER048,taskrabbit,2024-03-05,41.58,2.1,4.5,services
USER048,taskrabbit,2024-03-06,128.32,4.5,4.6,services
USER048,taskrabbit,2024-03-07,131.65,4.1,4.5,services
USER048,taskrabbit,2024-03-13,68.89,2.8,4.9,services
USER048,taskrabbit,2024-03-15,86.8,4.1,4.2,services
USER048,taskrabbit,2024-03-17,115.26,4.8,4.5,services
USER048,taskrabbit,2024-03-19,38.01,2.0,4.8,services
USER048,taskrabbit,2024-03-21,91.61,4.0,4.3,services
USER048,taskrabbit,2024-03-22,164.66,5.4,4.7,services
USER048,taskrabbit,2024-03-23,40.4,1.3,4.9,services
USER048,taskrabbit,2024-03-24,55.14,1.8,4.3,services
USER048,taskrabbit,2024-03-26,41.04,2.0,4.9,services
USER048,taskrabbit,2024-03-27,22.35,1.3,4.2,services
USER048,taskrabbit,2024-03-28,77.27,2.5,4.5,services
USER048,taskrabbit,2024-03-30,123.67,6.0,4.4,services
USER048,ubereats,2024-01-01,54.26,3.2,4.7,delivery
USER048,ubereats,2024-01-03,69.66,3.3,4.1,delivery
USER048,ubereats,2024-01-04,86.1,5.2,4.4,delivery
USER048,ubereats,2024-01-07,55.64,3.9,4.9,delivery
USER048,ubereats,2024-01-10,161.37,7.4,5.0,delivery
USER048,ubereats,2024-01-11,21.97,1.1,4.9,delivery
USER048,ubereats,2024-01-15,78.49,6.6,4.5,delivery
USER048,ubereats,2024-01-16,32.41,1.9,4.6,delivery
USER048,ubereats,2024-01-17,78.55,3.8,4.4,delivery
USER048,ubereats,2024-01-21,40.39,2.9,4.9,delivery
USER048,ubereats,2024-01-22,36.67,3.4,4.7,delivery
USER048,ubereats,2024-01-26,26.42,1.9,4.0,delivery
USER048,ubereats,2024-01-27,18.48,1.3,4.5,delivery
USER048,ubereats,2024-01-29,93.78,6.1,4.2,delivery
USER048,ubereats,2024-01-30,57.13,5.3,4.3,delivery
USER048,ubereats,2024-02-02,161.0,7.2,4.0,delivery
USER048,ubereats,2024-02-06,24.63,1.3,4.2,delivery
USER048,ubereats,2024-02-08,89.35,6.5,4.9,delivery
USER048,ubereats,2024-02-09,88.8,3.8,5.0,delivery
USER048,ubereats,2024-02-10,38.82,2.8,4.5,delivery
USER048,ubereats,2024-02-12,108.34,7.7,4.0,delivery
USER048,ubereats,2024-02-14,64.28,4.0,4.5,delivery
USER048,ubereats,2024-02-15,80.19,4.6,4.4,delivery
USER048,ubereats,2024-02-16,163.32,7.8,4.2,delivery
USER048,ubereats,2024-02-17,25.01,1.4,4.9,delivery
USER048,ubereats,2024-02-18,144.06,7.2,4.8,delivery
USER048,ubereats,2024-02-20,40.41,3.0,4.3,delivery
USER048,ubereats,2024-02-23,18.48,1.1,4.2,delivery
USER048,ubereats,2024-02-24,59.48,2.8,4.6,delivery
USER048,ubereats,2024-02-26,33.1,2.2,4.3,delivery
USER048,ubereats,2024-02-27,32.27,1.9,4.6,delivery
USER048,ubereats,2024-02-28,39.98,3.2,4.2,delivery
USER048,ubereats,2024-02-29,77.54,6.1,4.6,delivery
USER048,ubereats,2024-03-02,73.86,5.6,4.0,delivery
USER048,ubereats,2024-03-03,114.85,6.3,4.6,delivery
USER048,ubereats,2024-03-05,71.67,3.7,4.6,delivery
USER048,ubereats,2024-03-06,139.74,7.6,4.2,delivery
USER048,ubereats,2024-03-08,50.71,4.8,4.8,delivery
USER048,ubereats,2024-03-09,39.07,3.6,4.9,delivery
USER048,ubereats,2024-03-10,100.75,6.1,4.8,delivery
USER048,ubereats,2024-03-11,55.09,4.5,4.9,delivery
USER048,ubereats,2024-03-12,55.45,2.5,4.7,delivery
USER048,ubereats,2024-03-13,69.24,4.3,4.2,delivery
USER048,ubereats,2024-03-15,123.65,7.3,4.7,delivery
USER048,ubereats,2024-03-16,62.93,4.5,4.3,delivery
USER048,ubereats,2024-03-19,95.2,5.9,4.5,delivery
USER048,ubereats,2024-03-22,111.68,6.3,4.7,delivery
USER048,ubereats,2024-03-25,40.65,2.9,4.8,delivery
USER048,ubereats,2024-03-26,75.42,5.5,4.1,delivery
USER048,ubereats,2024-03-27,76.01,4.0,4.0,delivery
USER048,ubereats,2024-03-29,94.72,6.2,4.1,delivery
USER048,ubereats,2024-03-30,104.59,6.9,4.7,delivery
USER049,taskrabbit,2024-01-01,58.58,1.7,4.8,services
USER049,taskrabbit,2024-01-03,123.53,4.0,4.4,services
USER049,taskrabbit,2024-01-04,135.03,4.8,4.7,services
USER049,taskrabbit,2024-01-09,57.44,2.0,4.0,services
USER049,taskrabbit,2024-01-11,97.8,4.7,4.9,services
USER049,taskrabbit,2024-01-12,139.72,3.4,4.3,services
USER049,taskrabbit,2024-01-13,92.94,2.7,4.9,services
USER049,taskrabbit,2024-01-14,102.87,3.4,4.7,services
USER049,taskrabbit,2024-01-17,92.61,4.1,4.4,services
USER049,taskrabbit,2024-01-21,50.39,1.8,5.0,services
USER049,taskrabbit,2024-01-22,148.15,5.6,4.5,services
USER049,taskrabbit,2024-01-24,99.17,5.4,4.3,services
USER049,taskrabbit,2024-01-28,24.33,1.1,4.3,services
USER049,taskrabbit,2024-01-29,108.26,5.6,4.4,services
USER049,taskrabbit,2024-01-30,89.43,3.0,4.3,services
USER049,taskrabbit,2024-02-01,108.8,4.9,4.5,services
USER049,taskrabbit,2024-02-02,173.01,5.5,4.9,services
USER049,taskrabbit,2024-02-04,64.39,2.9,4.7,services
USER049,taskrabbit,2024-02-05,55.34,2.5,4.3,services
USER049,taskrabbit,2024-02-07,84.78,3.7,4.7,services
USER049,taskrabbit,2024-02-08,86.22,2.7,4.3,services
USER049,taskrabbit,2024-02-09,121.28,4.9,4.0,services
USER049,taskrabbit,2024-02-10,98.61,4.6,4.8,services
USER049,taskrabbit,2024-02-11,75.29,2.1,4.5,services
USER049,taskrabbit,2024-02-13,141.97,5.0,4.1,services
USER049,taskrabbit,2024-02-14,154.35,4.8,4.1,services
USER049,taskrabbit,2024-02-15,86.27,2.2,4.3,services
USER049,taskrabbit,2024-02-16,34.51,1.6,4.0,services
USER049,taskrabbit,2024-02-17,52.54,2.3,4.2,services
USER049,taskrabbit,2024-02-18,62.66,2.2,4.9,services
USER049,taskrabbit,2024-02-19,42.55,1.7,4.4,services
USER049,taskrabbit,2024-02-21,42.91,2.1,5.0,services
USER049,taskrabbit,2024-02-23,69.16,2.6,4.5,services
USER049,taskrabbit,2024-02-25,35.95,1.7,4.4,services
USER049,taskrabbit,2024-02-26,145.26,4.4,5.0,services
USER049,taskrabbit,2024-02-27,76.58,2.5,4.9,services
USER049,taskrabbit,2024-02-28,33.98,1.2,4.9,services
USER049,taskrabbit,2024-03-01,136.01,4.9,4.2,services
USER049,taskrabbit,2024-03-05,16.54,1.1,4.4,services
USER049,taskrabbit,2024-03-06,120.87,4.2,4.7,services
USER049,taskrabbit,2024-03-07,144.8,4.6,4.7,services
USER049,taskrabbit,2024-03-09,58.18,2.6,4.0,services
USER049,taskrabbit,2024-03-11,100.19,4.6,4.1,services
USER049,taskrabbit,2024-03-12,67.34,2.9,4.5,services
USER049,taskrabbit,2024-03-14,151.31,4.8,4.0,services
USER049,taskrabbit,2024-03-15,120.86,4.2,4.5,services
USER049,taskrabbit,2024-03-16,149.0,5.7,4.7,services
USER049,taskrabbit,2024-03-17,51.95,1.5,4.6,services
USER049,taskrabbit,2024-03-22,67.0,2.2,4.8,services
USER049,taskrabbit,2024-03-23,133.25,5.4,4.7,services
USER049,taskrabbit,2024-03-24,20.6,1.3,4.5,services
USER049,taskrabbit,2024-03-25,162.66,5.8,4.3,services
USER049,taskrabbit,2024-03-26,20.06,1.0,4.0,services
USER049,taskrabbit,2024-03-27,62.66,1.8,5.0,services
USER049,taskrabbit,2024-03-28,96.62,4.4,4.5,services
USER049,taskrabbit,2024-03-30,107.35,5.1,4.7,services
USER049,upwork,2024-01-01,178.65,7.3,4.9,freelance
USER049,upwork,2024-01-02,128.34,5.1,4.8,freelance
USER049,upwork,2024-01-04,333.28,8.3,4.0,freelance
USER049,upwork,2024-01-05,223.69,2.6,4.4,freelance
USER049,upwork,2024-01-07,208.38,3.4,4.1,freelance
USER049,upwork,2024-01-10,238.85,6.2,4.1,freelance
USER049,upwork,2024-01-11,216.81,8.2,4.6,freelance
USER049,upwork,2024-01-12,494.61,8.2,4.1,freelance
USER049,upwork,2024-01-13,425.84,6.1,4.8,freelance
USER049,upwork,2024-01-16,300.19,3.9,4.6,freelance
USER049,upwork,2024-01-17,476.9,7.3,4.7,freelance
USER049,upwork,2024-01-18,63.28,1.7,4.8,freelance
USER049,upwork,2024-01-23,217.79,5.1,4.0,freelance
USER049,upwork,2024-01-24,148.54,6.0,4.5,freelance
USER049,upwork,2024-01-26,529.65,7.5,4.8,freelance
USER049,upwork,2024-01-27,760.53,8.8,4.3,freelance
USER049,upwork,2024-01-29,259.4,3.3,4.2,freelance
USER049,upwork,2024-01-30,602.82,9.1,4.4,freelance
USER049,upwork,2024-01-31,65.94,1.1,4.5,freelance
USER049,upwork,2024-02-03,298.98,7.6,4.4,freelance
USER049,upwork,2024-02-05,241.98,3.1,4.1,freelance
USER049,upwork,2024-02-07,274.68,5.3,4.6,freelance
USER049,upwork,2024-02-08,54.4,2.3,4.5,freelance
USER049,upwork,2024-02-09,311.92,6.9,4.4,freelance
USER049,upwork,2024-02-10,217.51,9.0,4.4,freelance
USER049,upwork,2024-02-11,191.28,4.6,4.5,freelance
USER049,upwork,2024-02-12,243.26,4.6,4.9,freelance
USER049,upwork,2024-02-15,244.07,3.3,4.0,freelance
USER049,upwork,2024-02-16,271.37,5.4,4.3,freelance
USER049,upwork,2024-02-17,143.63,2.0,4.5,freelance
USER049,upwork,2024-02-18,385.31,7.6,4.6,freelance
USER049,upwork,2024-02-19,173.6,2.3,5.0,freelance
USER049,upwork,2024-02-20,344.02,9.6,4.1,freelance
USER049,upwork,2024-02-21,622.79,7.6,4.3,freelance
USER049,upwork,2024-02-22,129.73,2.3,4.6,freelance
USER049,upwork,2024-02-24,355.86,5.1,4.5,freelance
USER049,upwork,2024-02-25,399.28,6.4,5.0,freelance
USER049,upwork,2024-02-26,484.17,8.4,4.8,freelance
USER049,upwork,2024-02-28,147.57,3.2,4.9,freelance
USER049,upwork,2024-02-29,136.18,3.3,4.8,freelance
USER049,upwork,2024-03-02,508.96,7.6,4.9,freelance
USER049,upwork,2024-03-04,146.28,2.7,4.4,freelance
USER049,upwork,2024-03-06,355.98,6.2,4.3,freelance
USER049,upwork,2024-03-09,130.51,1.7,4.0,freelance
USER049,upwork,2024-03-10,186.15,5.1,4.6,freelance
USER049,upwork,2024-03-11,315.29,9.4,4.3,freelance
USER049,upwork,2024-03-13,566.13,7.8,4.6,freelance
USER049,upwork,2024-03-14,239.16,6.0,4.6,freelance
USER049,upwork,2024-03-16,383.45,7.0,4.0,freelance
USER049,upwork,2024-03-17,388.69,9.5,4.7,freelance
USER049,upwork,2024-03-18,476.22,7.1,4.2,freelance
USER049,upwork,2024-03-19,421.75,7.8,4.2,freelance
USER049,upwork,2024-03-20,568.44,7.7,4.5,freelance
USER049,upwork,2024-03-24,118.07,2.0,4.5,freelance
USER049,upwork,2024-03-27,666.27,9.8,4.2,freelance
USER049,upwork,2024-03-28,84.67,4.1,4.3,freelance
USER049,upwork,2024-03-29,277.68,5.1,4.6,freelance
USER049,fiverr,2024-01-03,347.63,8.5,4.1,freelance
USER049,fiverr,2024-01-05,367.29,8.9,4.7,freelance
USER049,fiverr,2024-01-06,97.57,2.3,4.5,freelance
USER049,fiverr,2024-01-07,176.79,2.9,4.3,freelance
USER049,fiverr,2024-01-09,35.32,1.1,5.0,freelance
USER049,fiverr,2024-01-10,441.48,7.7,4.4,freelance
USER049,fiverr,2024-01-13,564.21,6.8,4.1,freelance
USER049,fiverr,2024-01-14,604.09,8.0,4.6,freelance
USER049,fiverr,2024-01-18,61.69,1.4,4.6,freelance
USER049,fiverr,2024-01-20,241.33,5.5,4.9,freelance
USER049,fiverr,2024-01-23,97.95,1.5,4.2,freelance
USER049,fiverr,2024-01-24,153.97,6.4,4.7,freelance
USER049,fiverr,2024-01-25,556.56,9.1,4.3,freelance
USER049,fiverr,2024-01-26,268.11,9.5,4.8,freelance
USER049,fiverr,2024-01-27,154.91,3.1,4.0,freelance
USER049,fiverr,2024-01-28,88.85,1.2,4.9,freelance
USER049,fiverr,2024-01-29,619.84,7.4,4.0,freelance
USER049,fiverr,2024-02-01,383.42,8.9,4.1,freelance
USER049,fiverr,2024-02-02,114.57,4.1,4.8,freelance
USER049,fiverr,2024-02-03,366.39,9.5,4.9,freelance
USER049,fiverr,2024-02-04,233.08,5.3,4.2,freelance
USER049,fiverr,2024-02-05,476.79,7.8,4.8,freelance
USER049,fiverr,2024-02-06,468.68,9.7,4.5,freelance
USER049,fiverr,2024-02-07,192.28,5.0,4.3,freelance
USER049,fiverr,2024-02-08,51.89,1.3,5.0,freelance
USER049,fiverr,2024-02-09,508.51,9.6,4.0,freelance
USER049,fiverr,2024-02-10,181.32,6.3,4.1,freelance
USER049,fiverr,2024-02-13,529.95,6.6,4.3,freelance
USER049,fiverr,2024-02-14,133.99,2.9,4.6,freelance
USER049,fiverr,2024-02-15,464.68,6.1,4.2,freelance
USER049,fiverr,2024-02-17,457.29,7.3,4.2,freelance
USER049,fiverr,2024-02-18,201.22,4.7,4.1,freelance
USER049,fiverr,2024-02-20,63.03,2.0,4.2,freelance
USER049,fiverr,2024-02-21,45.37,1.1,4.3,freelance
USER049,fiverr,2024-02-23,165.78,4.0,4.9,freelance
USER049,fiverr,2024-02-24,238.46,7.3,4.1,freelance
USER049,fiverr,2024-02-26,138.76,3.4,4.5,freelance
USER049,fiverr,2024-03-01,290.68,4.7,4.5,freelance
USER049,fiverr,2024-03-03,70.44,2.5,4.6,freelance
USER049,fiverr,2024-03-04,50.56,1.5,4.4,freelance
USER049,fiverr,2024-03-05,332.17,4.1,4.9,freelance
USER049,fiverr,2024-03-07,279.45,4.4,4.1,freelance
USER049,fiverr,2024-03-08,264.53,4.6,4.0,freelance
USER049,fiverr,2024-03-09,82.49,3.3,4.6,freelance
USER049,fiverr,2024-03-10,81.18,1.7,4.5,freelance
USER049,fiverr,2024-03-11,139.93,6.7,4.4,freelance
USER049,fiverr,2024-03-13,582.46,9.8,4.7,freelance
USER049,fiverr,2024-03-14,39.32,1.7,4.1,freelance
USER049,fiverr,2024-03-15,337.43,7.5,4.2,freelance
USER049,fiverr,2024-03-16,523.57,8.6,4.6,freelance
USER049,fiverr,2024-03-19,268.47,6.3,4.5,freelance
USER049,fiverr,2024-03-24,613.58,8.2,4.1,freelance
USER049,fiverr,2024-03-28,386.72,5.1,4.1,freelance
USER049,fiverr,2024-03-30,185.25,6.1,4.2,freelance
USER050,doordash,2024-01-01,79.07,4.6,4.7,delivery
USER050,doordash,2024-01-02,156.78,7.7,4.9,delivery
USER050,doordash,2024-01-04,87.41,4.0,4.5,delivery
USER050,doordash,2024-01-06,44.69,3.1,4.3,delivery
USER050,doordash,2024-01-07,76.91,4.6,5.0,delivery
USER050,doordash,2024-01-08,51.18,3.4,4.7,delivery
USER050,doordash,2024-01-09,143.33,7.1,4.8,delivery
USER050,doordash,2024-01-11,54.81,2.6,4.6,delivery
USER050,doordash,2024-01-13,131.64,7.0,4.6,delivery
USER050,doordash,2024-01-15,19.04,1.5,4.5,delivery
USER050,doordash,2024-01-16,89.61,7.2,4.7,delivery
USER050,doordash,2024-01-19,23.8,2.1,4.4,delivery
USER050,doordash,2024-01-20,85.41,6.3,4.3,delivery
USER050,doordash,2024-01-25,89.64,7.6,4.5,delivery
USER050,doordash,2024-01-27,64.19,2.8,4.3,delivery
USER050,doordash,2024-01-28,137.92,7.2,4.5,delivery
USER050,doordash,2024-01-29,51.49,2.6,4.6,delivery
USER050,doordash,2024-01-31,40.68,2.1,4.6,delivery
USER050,doordash,2024-02-04,64.58,3.9,4.8,delivery
USER050,doordash,2024-02-06,84.33,7.0,4.2,delivery
USER050,doordash,2024-02-07,117.85,6.2,4.8,delivery
USER050,doordash,2024-02-08,62.55,6.0,4.6,delivery
USER050,doordash,2024-02-09,93.51,5.5,4.8,delivery
USER050,doordash,2024-02-10,96.02,5.5,4.5,delivery
USER050,doordash,2024-02-11,103.19,5.9,4.7,delivery
USER050,doordash,2024-02-12,38.89,2.2,4.4,delivery
USER050,doordash,2024-02-13,64.37,5.9,4.4,delivery
USER050,doordash,2024-02-16,81.81,5.4,4.2,delivery
USER050,doordash,2024-02-17,56.05,2.9,4.7,delivery
USER050,doordash,2024-02-22,86.14,5.9,4.2,delivery
USER050,doordash,2024-02-25,15.55,1.1,4.3,delivery
USER050,doordash,2024-02-26,90.55,5.8,5.0,delivery
USER050,doordash,2024-02-27,26.45,2.3,4.5,delivery
USER050,doordash,2024-02-28,71.37,4.8,4.8,delivery
USER050,doordash,2024-02-29,44.4,3.4,4.1,delivery
USER050,doordash,2024-03-01,22.57,1.9,4.0,delivery
USER050,doordash,2024-03-03,70.36,4.7,4.8,delivery
USER050,doordash,2024-03-05,23.5,1.4,4.9,delivery
USER050,doordash,2024-03-09,55.9,5.2,4.8,delivery
USER050,doordash,2024-03-11,74.55,6.6,4.5,delivery
USER050,doordash,2024-03-12,130.23,6.9,4.7,delivery
USER050,doordash,2024-03-15,101.21,6.1,5.0,delivery
USER050,doordash,2024-03-20,113.76,7.0,4.5,delivery
USER050,doordash,2024-03-21,69.88,4.0,5.0,delivery
USER050,doordash,2024-03-23,43.98,2.7,4.4,delivery
USER050,doordash,2024-03-25,123.23,5.7,4.7,delivery
USER050,doordash,2024-03-28,74.35,7.1,4.4,delivery
USER050,doordash,2024-03-29,23.71,2.1,4.6,delivery
USER050,doordash,2024-03-30,101.43,5.7,4.4,delivery
USER050,ubereats,2024-01-02,99.11,5.8,4.9,delivery
USER050,ubereats,2024-01-03,78.05,5.2,4.1,delivery
USER050,ubereats,2024-01-04,125.99,6.1,4.7,delivery
USER050,ubereats,2024-01-05,73.0,4.6,4.1,delivery
USER050,ubereats,2024-01-06,94.01,6.6,4.7,delivery
USER050,ubereats,2024-01-07,62.59,4.7,4.5,delivery
USER050,ubereats,2024-01-10,62.33,3.5,4.6,delivery
USER050,ubereats,2024-01-14,127.71,6.3,4.2,delivery
USER050,ubereats,2024-01-15,20.71,1.1,4.7,delivery
USER050,ubereats,2024-01-16,67.11,5.5,4.7,delivery
USER050,ubereats,2024-01-18,27.53,2.4,4.4,delivery
USER050,ubereats,2024-01-19,106.53,6.1,4.0,delivery
USER050,ubereats,2024-01-20,46.07,3.8,4.9,delivery
USER050,ubereats,2024-01-22,75.7,3.6,4.3,delivery
USER050,ubereats,2024-01-23,73.58,3.9,4.3,delivery
USER050,ubereats,2024-01-24,119.54,7.6,4.5,delivery
USER050,ubereats,2024-01-25,99.16,7.1,4.5,delivery
USER050,ubereats,2024-01-26,43.85,3.5,4.7,delivery
USER050,ubereats,2024-01-29,90.24,7.5,4.0,delivery
USER050,ubereats,2024-01-31,36.82,2.0,4.1,delivery
USER050,ubereats,2024-02-01,86.9,4.0,4.2,delivery
USER050,ubereats,2024-02-04,67.16,5.7,4.5,delivery
USER050,ubereats,2024-02-05,94.69,6.5,4.1,delivery
USER050,ubereats,2024-02-06,37.52,2.1,4.1,delivery
USER050,ubereats,2024-02-08,94.32,6.7,4.0,delivery
USER050,ubereats,2024-02-09,61.42,5.1,5.0,delivery
USER050,ubereats,2024-02-12,45.98,2.5,4.4,delivery
USER050,ubereats,2024-02-13,64.94,4.3,4.1,delivery
USER050,ubereats,2024-02-14,81.48,6.6,4.5,delivery
USER050,ubereats,2024-02-16,16.94,1.6,4.2,delivery
USER050,ubereats,2024-02-17,153.53,7.9,5.0,delivery
USER050,ubereats,2024-02-18,91.4,5.0,4.4,delivery
USER050,ubereats,2024-02-20,69.12,4.6,4.2,delivery
USER050,ubereats,2024-02-21,52.66,3.6,4.2,delivery
USER050,ubereats,2024-02-24,31.21,2.7,4.9,delivery
USER050,ubereats,2024-02-25,91.14,6.2,4.8,delivery
USER050,ubereats,2024-02-27,46.41,3.6,4.0,delivery
USER050,ubereats,2024-02-28,116.82,7.0,4.9,delivery
USER050,ubereats,2024-03-01,39.18,3.8,4.5,delivery
USER050,ubereats,2024-03-02,67.58,5.1,4.6,delivery
USER050,ubereats,2024-03-04,81.95,5.1,4.2,delivery
USER050,ubereats,2024-03-05,45.56,3.7,4.6,delivery
USER050,ubereats,2024-03-08,29.85,2.0,4.3,delivery
USER050,ubereats,2024-03-09,64.49,4.8,4.7,delivery
USER050,ubereats,2024-03-10,61.13,4.2,4.0,delivery
USER050,ubereats,2024-03-15,80.05,5.8,4.8,delivery
USER050,ubereats,2024-03-19,14.46,1.0,4.3,delivery
USER050,ubereats,2024-03-23,137.77,6.8,4.8,delivery
USER050,ubereats,2024-03-27,103.6,5.2,4.7,delivery
USER050,ubereats,2024-03-28,96.82,6.4,5.0,delivery
USER050,ubereats,2024-03-29,23.0,1.7,4.5,delivery
USER050,ubereats,2024-03-30,138.78,7.0,4.3,delivery
USER051,lyft,2024-01-02,142.58,6.4,4.0,rideshare
USER051,lyft,2024-01-03,69.12,5.6,4.7,rideshare
USER051,lyft,2024-01-07,179.73,10.2,4.2,rideshare
USER051,lyft,2024-01-08,152.47,10.1,4.9,rideshare
USER051,lyft,2024-01-09,194.82,11.5,4.3,rideshare
USER051,lyft,2024-01-11,136.09,6.5,4.2,rideshare
USER051,lyft,2024-01-14,193.21,7.8,4.5,rideshare
USER051,lyft,2024-01-15,91.99,4.5,4.2,rideshare
USER051,lyft,2024-01-18,165.88,8.3,4.1,rideshare
USER051,lyft,2024-01-20,156.82,9.6,4.2,rideshare
USER051,lyft,2024-01-21,52.44,2.5,4.9,rideshare
USER051,lyft,2024-01-22,41.85,2.4,4.5,rideshare
USER051,lyft,2024-01-23,93.19,6.1,4.3,rideshare
USER051,lyft,2024-01-24,76.09,4.9,4.4,rideshare
USER051,lyft,2024-01-26,215.09,10.8,4.6,rideshare
USER051,lyft,2024-01-27,85.78,4.7,4.1,rideshare
USER051,lyft,2024-01-28,109.64,6.1,5.0,rideshare
USER051,lyft,2024-01-30,183.53,9.5,4.9,rideshare
USER051,lyft,2024-02-01,141.66,7.7,4.2,rideshare
USER051,lyft,2024-02-02,59.67,2.4,4.1,rideshare
USER051,lyft,2024-02-04,225.27,9.6,5.0,rideshare
USER051,lyft,2024-02-05,155.08,11.2,4.3,rideshare
USER051,lyft,2024-02-08,120.73,6.5,4.2,rideshare
USER051,lyft,2024-02-10,135.45,6.1,4.3,rideshare
USER051,lyft,2024-02-12,181.19,6.8,4.8,rideshare
USER051,lyft,2024-02-14,285.73,10.8,4.3,rideshare
USER051,lyft,2024-02-16,165.52,8.3,4.2,rideshare
USER051,lyft,2024-02-17,150.09,9.4,4.8,rideshare
USER051,lyft,2024-02-18,106.71,4.2,4.3,rideshare
USER051,lyft,2024-02-19,113.93,4.7,4.7,rideshare
USER051,lyft,2024-02-21,160.44,7.6,4.5,rideshare
USER051,lyft,2024-02-24,240.49,10.7,4.4,rideshare
USER051,lyft,2024-02-25,171.72,9.0,5.0,rideshare
USER051,lyft,2024-02-26,61.02,3.2,4.9,rideshare
USER051,lyft,2024-02-27,145.37,6.3,4.6,rideshare
USER051,lyft,2024-02-28,239.5,10.2,4.1,rideshare
USER051,lyft,2024-03-01,39.64,2.2,4.6,rideshare
USER051,lyft,2024-03-04,78.23,5.0,4.6,rideshare
USER051,lyft,2024-03-06,94.6,5.0,4.6,rideshare
USER051,lyft,2024-03-07,168.04,10.7,4.2,rideshare
USER051,lyft,2024-03-09,71.12,3.0,4.4,rideshare
USER051,lyft,2024-03-11,89.8,5.2,4.9,rideshare
USER051,lyft,2024-03-12,163.69,11.2,4.1,rideshare
USER051,lyft,2024-03-13,206.41,11.6,4.7,rideshare
USER051,lyft,2024-03-15,41.42,2.7,4.6,rideshare
USER051,lyft,2024-03-16,88.16,4.5,4.6,rideshare
USER051,lyft,2024-03-17,42.09,2.9,4.0,rideshare
USER051,lyft,2024-03-19,96.73,3.9,4.7,rideshare
USER051,lyft,2024-03-20,55.84,2.5,5.0,rideshare
USER051,lyft,2024-03-24,159.32,11.3,4.3,rideshare
USER051,lyft,2024-03-25,167.67,8.8,4.5,rideshare
USER051,lyft,2024-03-28,125.24,5.6,4.4,rideshare
USER051,lyft,2024-03-30,190.77,11.9,4.9,rideshare
USER051,upwork,2024-01-01,62.06,1.7,4.4,freelance
USER051,upwork,2024-01-02,80.57,1.6,5.0,freelance
USER051,upwork,2024-01-03,53.24,2.7,4.1,freelance
USER051,upwork,2024-01-06,301.69,9.2,4.1,freelance
USER051,upwork,2024-01-08,59.42,3.2,4.6,freelance
USER051,upwork,2024-01-09,144.52,3.1,4.3,freelance
USER051,upwork,2024-01-11,471.93,6.7,4.5,freelance
USER051,upwork,2024-01-12,270.81,6.4,4.3,freelance
USER051,upwork,2024-01-14,153.98,2.5,4.2,freelance
USER051,upwork,2024-01-17,253.44,3.5,4.8,freelance
USER051,upwork,2024-01-19,366.8,5.9,4.9,freelance
USER051,upwork,2024-01-21,164.67,3.0,4.3,freelance
USER051,upwork,2024-01-23,179.86,5.5,4.3,freelance
USER051,upwork,2024-01-25,478.78,7.2,4.9,freelance
USER051,upwork,2024-01-27,271.01,5.3,4.2,freelance
USER051,upwork,2024-01-28,66.49,2.4,4.3,freelance
USER051,upwork,2024-01-29,82.8,2.5,4.9,freelance
USER051,upwork,2024-01-31,45.88,2.3,4.3,freelance
USER051,upwork,2024-02-01,126.34,6.6,4.6,freelance
USER051,upwork,2024-02-02,426.08,7.9,5.0,freelance
USER051,upwork,2024-02-04,780.2,9.8,4.3,freelance
USER051,upwork,2024-02-05,314.0,6.8,4.7,freelance
USER051,upwork,2024-02-06,42.46,1.6,5.0,freelance
USER051,upwork,2024-02-08,163.57,5.7,4.4,freelance
USER051,upwork,2024-02-10,83.76,1.9,4.6,freelance
USER051,upwork,2024-02-12,269.87,8.2,4.4,freelance
USER051,upwork,2024-02-14,578.21,7.3,4.2,freelance
USER051,upwork,2024-02-15,129.52,2.3,5.0,freelance
USER051,upwork,2024-02-17,257.05,9.0,4.5,freelance
USER051,upwork,2024-02-18,163.73,5.0,5.0,freelance
USER051,upwork,2024-02-20,107.47,2.7,4.0,freelance
USER051,upwork,2024-02-23,167.3,5.2,4.1,freelance
USER051,upwork,2024-02-25,319.39,4.9,4.6,freelance
USER051,upwork,2024-02-26,207.66,7.6,4.3,freelance
USER051,upwork,2024-02-28,564.24,9.0,4.1,freelance
USER051,upwork,2024-02-29,147.03,3.3,4.4,freelance
USER051,upwork,2024-03-01,66.28,1.1,5.0,freelance
USER051,upwork,2024-03-02,50.86,1.3,4.5,freelance
USER051,upwork,2024-03-03,560.02,7.0,4.9,freelance
USER051,upwork,2024-03-05,403.37,8.3,5.0,freelance
USER051,upwork,2024-03-07,102.57,1.3,4.9,freelance
USER051,upwork,2024-03-09,400.21,9.1,4.4,freelance
USER051,upwork,2024-03-10,214.57,3.7,4.9,freelance
USER051,upwork,2024-03-11,141.49,3.3,4.4,freelance
USER051,upwork,2024-03-12,150.74,5.2,4.5,freelance
USER051,upwork,2024-03-13,321.29,6.0,4.7,freelance
USER051,upwork,2024-03-14,119.58,2.3,4.8,freelance
USER051,upwork,2024-03-15,36.71,2.2,4.4,freelance
USER051,upwork,2024-03-16,153.59,6.5,4.6,freelance
USER051,upwork,2024-03-18,431.18,8.0,4.8,freelance
USER051,upwork,2024-03-20,383.74,7.3,4.8,freelance
USER051,upwork,2024-03-21,128.94,5.5,5.0,freelance
USER051,upwork,2024-03-24,681.59,7.7,4.9,freelance
USER051,upwork,2024-03-25,191.66,2.6,4.9,freelance
USER051,upwork,2024-03-26,277.52,7.9,4.9,freelance
USER051,upwork,2024-03-29,512.89,8.5,4.7,freelance
USER051,upwork,2024-03-30,34.79,1.4,4.4,freelance
USER052,uber,2024-01-01,250.28,10.0,4.8,rideshare
USER052,uber,2024-01-02,171.99,6.7,4.4,rideshare
USER052,uber,2024-01-05,108.64,3.8,4.2,rideshare
USER052,uber,2024-01-07,118.53,5.0,4.6,rideshare
USER052,uber,2024-01-08,186.01,9.9,4.4,rideshare
USER052,uber,2024-01-09,207.4,11.8,4.7,rideshare
USER052,uber,2024-01-13,208.99,9.6,5.0,rideshare
USER052,uber,2024-01-14,181.62,9.7,4.1,rideshare
USER052,uber,2024-01-15,275.33,11.8,5.0,rideshare
USER052,uber,2024-01-16,63.54,2.4,4.9,rideshare
USER052,uber,2024-01-19,99.04,4.0,4.6,rideshare
USER052,uber,2024-01-20,97.85,7.1,4.4,rideshare
USER052,uber,2024-01-22,157.16,7.8,4.6,rideshare
USER052,uber,2024-01-23,223.59,11.2,4.9,rideshare
USER052,uber,2024-01-27,176.67,6.8,4.8,rideshare
USER052,uber,2024-01-28,165.39,11.1,4.4,rideshare
USER052,uber,2024-01-29,211.83,10.5,4.7,rideshare
USER052,uber,2024-02-03,185.09,8.4,4.9,rideshare
USER052,uber,2024-02-04,68.06,3.0,4.3,rideshare
USER052,uber,2024-02-05,110.95,6.0,4.7,rideshare
USER052,uber,2024-02-07,68.06,4.4,4.6,rideshare
USER052,uber,2024-02-12,136.58,6.6,4.7,rideshare
USER052,uber,2024-02-14,183.68,11.6,4.6,rideshare
USER052,uber,2024-02-17,220.3,11.3,4.2,rideshare
USER052,uber,2024-02-21,235.03,11.4,4.2,rideshare
USER052,uber,2024-02-22,103.44,4.1,4.3,rideshare
USER052,uber,2024-02-25,170.18,10.1,4.6,rideshare
USER052,uber,2024-02-26,103.47,5.1,4.2,rideshare
USER052,uber,2024-02-28,179.05,10.0,4.5,rideshare
USER052,uber,2024-02-29,296.38,11.9,4.5,rideshare
USER052,uber,2024-03-02,178.49,8.5,4.7,rideshare
USER052,uber,2024-03-03,84.39,2.9,4.6,rideshare
USER052,uber,2024-03-04,145.51,8.4,4.5,rideshare
USER052,uber,2024-03-05,63.85,3.5,4.7,rideshare
USER052,uber,2024-03-06,161.04,11.0,4.6,rideshare
USER052,uber,2024-03-07,144.71,5.3,4.7,rideshare
USER052,uber,2024-03-08,308.43,11.6,4.7,rideshare
USER052,uber,2024-03-09,103.34,6.6,4.7,rideshare
USER052,uber,2024-03-10,114.9,8.2,4.6,rideshare
USER052,uber,2024-03-11,48.78,3.3,4.5,rideshare
USER052,uber,2024-03-12,98.76,5.3,4.2,rideshare
USER052,uber,2024-03-13,199.72,8.9,4.0,rideshare
USER052,uber,2024-03-15,106.25,6.7,4.4,rideshare
USER052,uber,2024-03-16,248.14,9.9,4.8,rideshare
USER052,uber,2024-03-18,112.17,7.5,4.7,rideshare
USER052,uber,2024-03-19,158.11,6.8,4.8,rideshare
USER052,uber,2024-03-21,136.32,6.1,4.2,rideshare
USER052,uber,2024-03-22,223.59,8.5,4.6,rideshare
USER052,uber,2024-03-23,119.89,6.2,4.2,rideshare
USER052,uber,2024-03-24,112.54,5.7,4.3,rideshare
USER052,uber,2024-03-25,106.98,6.1,4.4,rideshare
USER052,uber,2024-03-26,164.59,7.4,4.3,rideshare
USER052,uber,2024-03-28,119.26,6.1,4.6,rideshare
USER052,uber,2024-03-30,55.11,2.4,4.7,rideshare
USER052,lyft,2024-01-02,182.21,8.6,4.1,rideshare
USER052,lyft,2024-01-05,128.22,8.9,4.6,rideshare
USER052,lyft,2024-01-06,34.54,2.2,4.8,rideshare
USER052,lyft,2024-01-07,193.63,11.2,4.7,rideshare
USER052,lyft,2024-01-10,107.77,7.8,4.3,rideshare
USER052,lyft,2024-01-11,113.22,6.8,4.1,rideshare
USER052,lyft,2024-01-12,143.57,8.5,4.8,rideshare
USER052,lyft,2024-01-14,243.22,10.4,4.2,rideshare
USER052,lyft,2024-01-18,98.94,4.2,4.2,rideshare
USER052,lyft,2024-01-20,136.27,7.6,4.5,rideshare
USER052,lyft,2024-01-22,95.64,6.5,4.3,rideshare
USER052,lyft,2024-01-23,170.61,7.4,4.8,rideshare
USER052,lyft,2024-01-26,64.65,3.6,4.8,rideshare
USER052,lyft,2024-01-28,183.05,12.0,4.6,rideshare
USER052,lyft,2024-01-29,106.76,6.2,4.5,rideshare
USER052,lyft,2024-01-30,101.61,4.7,4.8,rideshare
USER052,lyft,2024-01-31,46.7,2.2,4.8,rideshare
USER052,lyft,2024-02-01,159.87,8.3,5.0,rideshare
USER052,lyft,2024-02-02,126.31,6.5,4.3,rideshare
USER052,lyft,2024-02-03,108.3,4.6,4.8,rideshare
USER052,lyft,2024-02-05,134.85,6.7,4.1,rideshare
USER052,lyft,2024-02-06,133.82,8.1,4.5,rideshare
USER052,lyft,2024-02-08,133.71,7.2,4.1,rideshare
USER052,lyft,2024-02-10,189.32,9.2,4.8,rideshare
USER052,lyft,2024-02-11,34.26,2.0,4.5,rideshare
USER052,lyft,2024-02-14,176.06,9.2,4.0,rideshare
USER052,lyft,2024-02-15,244.8,11.6,4.3,rideshare
USER052,lyft,2024-02-16,259.41,10.4,4.1,rideshare
USER052,lyft,2024-02-17,47.53,3.2,4.8,rideshare
USER052,lyft,2024-02-18,137.66,5.6,4.7,rideshare
USER052,lyft,2024-02-19,193.4,9.9,4.6,rideshare
USER052,lyft,2024-02-21,37.78,2.2,4.9,rideshare
USER052,lyft,2024-02-22,116.86,7.1,4.4,rideshare
USER052,lyft,2024-02-24,120.28,6.8,4.7,rideshare
USER052,lyft,2024-02-25,53.5,2.6,4.4,rideshare
USER052,lyft,2024-02-26,114.55,6.4,4.7,rideshare
USER052,lyft,2024-02-28,47.79,2.5,4.1,rideshare
USER052,lyft,2024-03-01,107.87,8.8,4.1,rideshare
USER052,lyft,2024-03-02,138.84,9.3,4.0,rideshare
USER052,lyft,2024-03-03,129.47,6.7,4.9,rideshare
USER052,lyft,2024-03-04,68.28,3.8,5.0,rideshare
USER052,lyft,2024-03-05,187.1,6.7,4.8,rideshare
USER052,lyft,2024-03-06,199.44,8.7,4.9,rideshare
USER052,lyft,2024-03-07,128.37,8.0,4.9,rideshare
USER052,lyft,2024-03-10,117.77,5.5,4.7,rideshare
USER052,lyft,2024-03-14,91.0,6.0,4.8,rideshare
USER052,lyft,2024-03-15,227.93,11.4,4.9,rideshare
USER052,lyft,2024-03-16,91.42,3.9,4.8,rideshare
USER052,lyft,2024-03-18,133.47,6.2,4.7,rideshare
USER052,lyft,2024-03-21,222.62,9.4,4.8,rideshare
USER052,lyft,2024-03-22,122.12,5.4,4.8,rideshare
USER052,lyft,2024-03-23,48.89,2.5,4.3,rideshare
USER052,lyft,2024-03-25,78.01,4.7,4.5,rideshare
USER052,lyft,2024-03-26,119.7,5.4,4.3,rideshare
USER052,lyft,2024-03-27,78.79,4.6,4.6,rideshare
USER052,lyft,2024-03-28,70.37,3.8,4.2,rideshare
USER052,lyft,2024-03-29,128.85,7.9,4.1,rideshare
USER052,taskrabbit,2024-01-01,92.17,2.9,4.1,services
USER052,taskrabbit,2024-01-02,78.33,3.1,4.6,services
USER052,taskrabbit,2024-01-04,35.75,1.8,4.8,services
USER052,taskrabbit,2024-01-05,61.2,2.0,4.5,services
USER052,taskrabbit,2024-01-10,144.03,5.4,4.9,services
USER052,taskrabbit,2024-01-11,139.2,5.8,4.9,services
USER052,taskrabbit,2024-01-12,91.15,2.5,4.8,services
USER052,taskrabbit,2024-01-13,126.21,3.4,4.9,services
USER052,taskrabbit,2024-01-15,83.53,4.8,5.0,services
USER052,taskrabbit,2024-01-16,67.25,2.4,4.0,services
USER052,taskrabbit,2024-01-17,61.28,3.3,4.7,services
USER052,taskrabbit,2024-01-22,83.23,3.3,4.5,services
USER052,taskrabbit,2024-01-24,92.07,5.2,4.4,services
USER052,taskrabbit,2024-01-26,126.55,3.6,4.6,services
USER052,taskrabbit,2024-01-27,79.47,3.4,4.3,services
USER052,taskrabbit,2024-01-28,52.6,2.5,4.3,services
USER052,taskrabbit,2024-01-29,184.63,6.0,4.6,services
USER052,taskrabbit,2024-01-31,209.88,5.6,5.0,services
USER052,taskrabbit,2024-02-01,95.06,2.7,5.0,services
USER052,taskrabbit,2024-02-02,122.8,5.5,4.0,services
USER052,taskrabbit,2024-02-03,122.43,5.9,4.3,services
USER052,taskrabbit,2024-02-05,73.12,2.7,4.9,services
USER052,taskrabbit,2024-02-07,45.37,1.7,4.9,services
USER052,taskrabbit,2024-02-09,120.26,3.3,4.3,services
USER052,taskrabbit,2024-02-10,42.65,2.6,4.4,services
USER052,taskrabbit,2024-02-11,77.71,4.2,4.2,services
USER052,taskrabbit,2024-02-12,125.25,4.4,4.9,services
USER052,taskrabbit,2024-02-15,97.07,4.2,4.5,services
USER052,taskrabbit,2024-02-17,137.42,5.0,4.6,services
USER052,taskrabbit,2024-02-18,117.66,3.5,4.6,services
USER052,taskrabbit,2024-02-19,36.62,1.2,4.1,services
USER052,taskrabbit,2024-02-21,102.12,3.6,4.4,services
USER052,taskrabbit,2024-02-22,101.21,5.2,4.9,services
USER052,taskrabbit,2024-02-23,124.66,4.4,4.1,services
USER052,taskrabbit,2024-02-26,70.24,3.2,4.9,services
USER052,taskrabbit,2024-02-29,149.86,4.0,4.2,services
USER052,taskrabbit,2024-03-01,93.41,4.5,4.3,services
USER052,taskrabbit,2024-03-03,23.26,1.4,4.7,services
USER052,taskrabbit,2024-03-05,120.74,3.3,4.8,services
USER052,taskrabbit,2024-03-06,151.46,5.6,4.4,services
USER052,taskrabbit,2024-03-07,69.87,2.5,4.9,services
USER052,taskrabbit,2024-03-09,125.69,5.7,4.8,services
USER052,taskrabbit,2024-03-10,64.48,3.3,4.0,services
USER052,taskrabbit,2024-03-11,107.36,6.0,4.6,services
USER052,taskrabbit,2024-03-13,87.91,4.7,4.7,services
USER052,taskrabbit,2024-03-14,85.61,4.2,4.9,services
USER052,taskrabbit,2024-03-18,65.31,3.1,4.7,services
USER052,taskrabbit,2024-03-21,115.14,4.8,4.3,services
USER052,taskrabbit,2024-03-22,83.69,3.9,4.9,services
USER052,taskrabbit,2024-03-24,128.17,5.1,4.3,services
USER052,taskrabbit,2024-03-26,74.23,2.6,4.3,services
USER052,taskrabbit,2024-03-29,132.67,5.5,4.7,services
USER053,taskrabbit,2024-01-04,68.43,3.4,4.9,services
USER053,taskrabbit,2024-01-05,108.67,3.1,4.3,services
USER053,taskrabbit,2024-01-07,167.76,5.2,4.3,services
USER053,taskrabbit,2024-01-09,144.03,3.6,4.3,services
USER053,taskrabbit,2024-01-11,36.93,1.9,4.8,services
USER053,taskrabbit,2024-01-13,73.27,2.7,4.9,services
USER053,taskrabbit,2024-01-14,110.27,5.2,4.2,services
USER053,taskrabbit,2024-01-17,173.12,5.2,4.4,services
USER053,taskrabbit,2024-01-18,108.54,4.2,4.2,services
USER053,taskrabbit,2024-01-19,48.14,1.2,4.2,services
USER053,taskrabbit,2024-01-20,77.46,2.2,4.5,services
USER053,taskrabbit,2024-01-22,59.17,2.2,4.6,services
USER053,taskrabbit,2024-01-23,133.94,4.9,4.5,services
USER053,taskrabbit,2024-01-24,89.86,5.1,4.3,services
USER053,taskrabbit,2024-01-26,45.12,1.6,4.5,services
USER053,taskrabbit,2024-01-27,181.11,6.0,4.4,services
USER053,taskrabbit,2024-01-28,110.38,3.3,4.7,services
USER053,taskrabbit,2024-01-29,86.99,2.7,4.6,services
USER053,taskrabbit,2024-01-31,117.04,5.5,4.6,services
USER053,taskrabbit,2024-02-01,35.99,1.4,4.5,services
USER053,taskrabbit,2024-02-04,38.33,2.1,4.2,services
USER053,taskrabbit,2024-02-05,124.84,4.3,4.8,services
USER053,taskrabbit,2024-02-06,112.97,4.3,5.0,services
USER053,taskrabbit,2024-02-07,84.99,3.0,4.9,services
USER053,taskrabbit,2024-02-10,84.75,2.9,4.3,services
USER053,taskrabbit,2024-02-11,42.73,1.2,4.1,services
USER053,taskrabbit,2024-02-15,87.4,4.7,4.3,services
USER053,taskrabbit,2024-02-16,102.82,2.8,4.2,services
USER053,taskrabbit,2024-02-20,39.48,1.0,4.6,services
USER053,taskrabbit,2024-02-22,132.26,5.2,4.6,services
USER053,taskrabbit,2024-02-23,46.46,1.4,4.0,services
USER053,taskrabbit,2024-02-26,89.47,3.9,4.0,services
USER053,taskrabbit,2024-02-28,54.18,1.4,4.7,services
USER053,taskrabbit,2024-03-01,41.38,1.4,4.1,services
USER053,taskrabbit,2024-03-03,162.34,4.7,4.2,services
USER053,taskrabbit,2024-03-06,92.21,4.0,4.4,services
USER053,taskrabbit,2024-03-07,80.59,3.7,4.5,services
USER053,taskrabbit,2024-03-08,84.04,4.8,4.8,services
USER053,taskrabbit,2024-03-12,38.27,1.2,4.9,services
USER053,taskrabbit,2024-03-13,78.43,3.6,4.6,services
USER053,taskrabbit,2024-03-16,69.95,2.5,4.2,services
USER053,taskrabbit,2024-03-18,110.35,4.0,4.1,services
USER053,taskrabbit,2024-03-19,148.94,5.8,4.7,services
USER053,taskrabbit,2024-03-20,72.31,2.2,4.9,services
USER053,taskrabbit,2024-03-21,55.38,2.5,4.9,services
USER053,taskrabbit,2024-03-24,69.36,2.1,4.6,services
USER053,taskrabbit,2024-03-28,76.55,5.1,4.2,services
USER053,taskrabbit,2024-03-29,119.11,4.8,4.3,services
USER054,upwork,2024-01-02,371.44,5.3,4.1,freelance
USER054,upwork,2024-01-04,167.82,2.4,4.7,freelance
USER054,upwork,2024-01-05,118.38,4.4,4.1,freelance
USER054,upwork,2024-01-06,183.82,5.5,4.7,freelance
USER054,upwork,2024-01-07,657.31,7.0,4.1,freelance
USER054,upwork,2024-01-10,79.25,1.3,4.9,freelance
USER054,upwork,2024-01-13,324.74,8.8,4.3,freelance
USER054,upwork,2024-01-15,456.91,8.5,4.7,freelance
USER054,upwork,2024-01-16,559.22,9.9,4.7,freelance
USER054,upwork,2024-01-17,353.15,7.7,4.8,freelance
USER054,upwork,2024-01-19,121.72,1.6,4.6,freelance
USER054,upwork,2024-01-20,129.76,3.7,4.8,freelance
USER054,upwork,2024-01-21,538.74,8.0,4.9,freelance
USER054,upwork,2024-01-22,162.17,2.7,4.2,freelance
USER054,upwork,2024-01-23,60.43,1.0,4.2,freelance
USER054,upwork,2024-01-24,767.96,9.2,4.1,freelance
USER054,upwork,2024-01-25,555.69,7.7,5.0,freelance
USER054,upwork,2024-01-26,119.62,2.0,4.4,freelance
USER054,upwork,2024-01-27,142.96,3.8,4.8,freelance
USER054,upwork,2024-01-28,265.42,6.0,4.7,freelance
USER054,upwork,2024-01-29,546.32,8.6,5.0,freelance
USER054,upwork,2024-01-30,153.58,7.3,4.4,freelance
USER054,upwork,2024-01-31,370.2,9.1,4.4,freelance
USER054,upwork,2024-02-01,105.44,1.9,4.8,freelance
USER054,upwork,2024-02-02,80.14,2.0,4.9,freelance
USER054,upwork,2024-02-03,58.99,1.3,4.5,freelance
USER054,upwork,2024-02-04,184.21,7.7,4.8,freelance
USER054,upwork,2024-02-05,57.18,2.0,4.2,freelance
USER054,upwork,2024-02-06,108.53,4.7,4.1,freelance
USER054,upwork,2024-02-07,57.83,2.8,4.1,freelance
USER054,upwork,2024-02-09,489.02,8.0,4.7,freelance
USER054,upwork,2024-02-10,625.87,9.2,4.4,freelance
USER054,upwork,2024-02-12,715.5,9.3,5.0,freelance
USER054,upwork,2024-02-14,70.0,3.4,4.3,freelance
USER054,upwork,2024-02-16,201.74,3.5,4.6,freelance
USER054,upwork,2024-02-19,30.02,1.1,4.6,freelance
USER054,upwork,2024-02-20,207.21,2.4,5.0,freelance
USER054,upwork,2024-02-22,543.9,9.2,4.7,freelance
USER054,upwork,2024-02-28,320.45,5.8,4.9,freelance
USER054,upwork,2024-03-01,366.32,5.1,4.6,freelance
USER054,upwork,2024-03-02,359.13,6.4,4.7,freelance
USER054,upwork,2024-03-04,81.2,2.7,4.8,freelance
USER054,upwork,2024-03-08,470.43,6.7,4.2,freelance
USER054,upwork,2024-03-10,52.77,1.1,4.8,freelance
USER054,upwork,2024-03-12,259.8,4.0,4.3,freelance
USER054,upwork,2024-03-13,266.21,3.3,4.4,freelance
USER054,upwork,2024-03-14,382.1,8.5,4.8,freelance
USER054,upwork,2024-03-15,682.82,9.7,4.1,freelance
USER054,upwork,2024-03-16,410.23,9.7,5.0,freelance
USER054,upwork,2024-03-22,198.77,5.1,4.3,freelance
USER054,upwork,2024-03-24,271.11,7.1,4.7,freelance
USER054,upwork,2024-03-25,387.92,4.8,4.5,freelance
USER054,upwork,2024-03-26,278.92,9.6,4.1,freelance
USER054,upwork,2024-03-27,390.73,9.7,4.7,freelance
USER054,upwork,2024-03-30,81.24,1.7,4.0,freelance
USER054,ubereats,2024-01-01,156.49,7.6,4.6,delivery
USER054,ubereats,2024-01-02,61.41,3.0,4.9,delivery
USER054,ubereats,2024-01-05,36.35,2.0,4.8,delivery
USER054,ubereats,2024-01-06,80.28,4.4,4.8,delivery
USER054,ubereats,2024-01-10,75.65,5.6,4.1,delivery
USER054,ubereats,2024-01-12,129.42,7.7,4.8,delivery
USER054,ubereats,2024-01-13,129.27,7.2,4.1,delivery
USER054,ubereats,2024-01-14,69.45,4.3,4.9,delivery
USER054,ubereats,2024-01-16,146.23,7.6,4.6,delivery
USER054,ubereats,2024-01-17,27.57,1.5,4.3,delivery
USER054,ubereats,2024-01-18,160.41,7.8,4.9,delivery
USER054,ubereats,2024-01-19,85.04,4.2,4.2,delivery
USER054,ubereats,2024-01-22,140.69,6.7,4.9,delivery
USER054,ubereats,2024-01-26,96.01,6.1,4.3,delivery
USER054,ubereats,2024-01-29,52.78,4.3,4.1,delivery
USER054,ubereats,2024-01-30,39.01,3.3,4.1,delivery
USER054,ubereats,2024-02-03,28.58,2.2,5.0,delivery
USER054,ubereats,2024-02-04,64.01,3.8,4.1,delivery
USER054,ubereats,2024-02-05,135.79,6.9,4.2,delivery
USER054,ubereats,2024-02-06,81.19,4.2,4.4,delivery
USER054,ubereats,2024-02-08,101.12,6.4,4.0,delivery
USER054,ubereats,2024-02-11,111.12,5.2,4.4,delivery
USER054,ubereats,2024-02-13,85.91,4.7,4.7,delivery
USER054,ubereats,2024-02-16,80.87,5.1,4.5,delivery
USER054,ubereats,2024-02-19,127.4,7.2,4.5,delivery
USER054,ubereats,2024-02-20,101.17,5.8,4.3,delivery
USER054,ubereats,2024-02-21,92.52,5.8,4.3,delivery
USER054,ubereats,2024-02-25,40.41,3.2,4.5,delivery
USER054,ubereats,2024-02-26,91.5,6.4,4.5,delivery
USER054,ubereats,2024-02-27,77.23,4.5,4.0,delivery
USER054,ubereats,2024-02-29,101.22,6.4,4.1,delivery
USER054,ubereats,2024-03-01,84.47,5.3,4.1,delivery
USER054,ubereats,2024-03-02,117.63,5.6,4.3,delivery
USER054,ubereats,2024-03-04,43.7,2.7,4.7,delivery
USER054,ubereats,2024-03-05,141.16,6.3,4.8,delivery
USER054,ubereats,2024-03-06,48.98,3.3,4.3,delivery
USER054,ubereats,2024-03-08,56.12,4.4,4.3,delivery
USER054,ubereats,2024-03-09,89.33,5.4,4.0,delivery
USER054,ubereats,2024-03-11,50.32,2.5,4.8,delivery
USER054,ubereats,2024-03-13,46.91,4.0,4.3,delivery
USER054,ubereats,2024-03-14,99.29,5.9,4.9,delivery
USER054,ubereats,2024-03-15,129.46,7.3,4.8,delivery
USER054,ubereats,2024-03-16,46.5,3.4,4.1,delivery
USER054,ubereats,2024-03-17,65.85,4.3,4.7,delivery
USER054,ubereats,2024-03-19,59.35,3.2,4.3,delivery
USER054,ubereats,2024-03-21,39.15,2.9,4.9,delivery
USER054,ubereats,2024-03-22,80.82,5.4,4.5,delivery
USER054,ubereats,2024-03-23,96.52,5.4,4.1,delivery
USER054,ubereats,2024-03-27,66.49,4.1,4.8,delivery
USER054,ubereats,2024-03-29,110.87,5.7,4.4,delivery
USER054,uber,2024-01-01,194.78,8.5,4.4,rideshare
USER054,uber,2024-01-03,166.45,8.9,4.5,rideshare
USER054,uber,2024-01-06,111.84,6.4,4.2,rideshare
USER054,uber,2024-01-07,109.93,4.0,5.0,rideshare
USER054,uber,2024-01-08,150.04,8.2,5.0,rideshare
USER054,uber,2024-01-09,176.78,8.4,4.2,rideshare
USER054,uber,2024-01-10,188.02,6.7,4.7,rideshare
USER054,uber,2024-01-13,68.71,4.4,4.5,rideshare
USER054,uber,2024-01-16,86.44,5.6,4.7,rideshare
USER054,uber,2024-01-17,106.32,6.0,4.9,rideshare
USER054,uber,2024-01-19,54.42,2.4,4.2,rideshare
USER054,uber,2024-01-20,51.75,2.9,4.6,rideshare
USER054,uber,2024-01-22,140.23,7.8,4.1,rideshare
USER054,uber,2024-01-24,107.02,5.1,4.4,rideshare
USER054,uber,2024-01-25,134.24,7.7,4.9,rideshare
USER054,uber,2024-01-26,144.44,8.8,4.6,rideshare
USER054,uber,2024-01-27,117.46,8.0,4.6,rideshare
USER054,uber,2024-01-28,105.07,4.9,4.8,rideshare
USER054,uber,2024-01-30,124.66,7.1,4.1,rideshare
USER054,uber,2024-02-01,238.47,9.4,4.9,rideshare
USER054,uber,2024-02-02,196.97,8.8,4.4,rideshare
USER054,uber,2024-02-03,100.51,4.0,4.2,rideshare
USER054,uber,2024-02-05,161.72,6.5,4.6,rideshare
USER054,uber,2024-02-06,37.27,2.1,4.1,rideshare
USER054,uber,2024-02-08,143.07,6.0,4.0,rideshare
USER054,uber,2024-02-09,226.1,9.5,4.3,rideshare
USER054,uber,2024-02-12,196.63,8.9,4.5,rideshare
USER054,uber,2024-02-15,103.05,6.3,4.8,rideshare
USER054,uber,2024-02-17,204.69,11.2,4.9,rideshare
USER054,uber,2024-02-21,83.0,5.5,4.2,rideshare
USER054,uber,2024-02-22,137.94,7.7,4.9,rideshare
USER054,uber,2024-02-26,269.43,10.8,4.8,rideshare
USER054,uber,2024-02-28,164.46,7.7,4.4,rideshare
USER054,uber,2024-02-29,183.02,7.5,4.8,rideshare
USER054,uber,2024-03-01,57.29,2.9,4.8,rideshare
USER054,uber,2024-03-02,132.04,4.7,4.4,rideshare
USER054,uber,2024-03-04,61.51,4.1,4.2,rideshare
USER054,uber,2024-03-05,46.26,2.5,4.6,rideshare
USER054,uber,2024-03-07,161.58,8.1,4.3,rideshare
USER054,uber,2024-03-08,88.52,4.3,4.4,rideshare
USER054,uber,2024-03-09,81.18,3.9,4.4,rideshare
USER054,uber,2024-03-10,90.72,6.5,4.5,rideshare
USER054,uber,2024-03-11,134.43,6.2,4.4,rideshare
USER054,uber,2024-03-13,95.36,6.8,4.3,rideshare
USER054,uber,2024-03-14,85.38,3.2,4.1,rideshare
USER054,uber,2024-03-15,138.88,10.1,4.8,rideshare
USER054,uber,2024-03-18,111.46,5.5,4.7,rideshare
USER054,uber,2024-03-23,106.45,5.0,4.6,rideshare
USER054,uber,2024-03-24,189.15,10.5,4.7,rideshare
USER054,uber,2024-03-25,62.72,4.2,4.7,rideshare
USER054,uber,2024-03-27,204.08,9.9,4.8,rideshare
USER054,uber,2024-03-28,223.53,10.8,4.9,rideshare
USER055,lyft,2024-01-02,235.94,11.1,4.6,rideshare
USER055,lyft,2024-01-05,217.07,8.3,4.0,rideshare
USER055,lyft,2024-01-06,53.78,2.9,4.8,rideshare
USER055,lyft,2024-01-07,144.9,6.1,4.5,rideshare
USER055,lyft,2024-01-09,154.3,7.4,4.6,rideshare
USER055,lyft,2024-01-10,234.67,9.1,4.9,rideshare
USER055,lyft,2024-01-16,226.88,9.0,4.1,rideshare
USER055,lyft,2024-01-18,55.68,2.7,4.6,rideshare
USER055,lyft,2024-01-19,146.7,7.6,4.8,rideshare
USER055,lyft,2024-01-20,280.07,11.4,4.5,rideshare
USER055,lyft,2024-01-23,134.34,7.6,4.7,rideshare
USER055,lyft,2024-01-24,74.73,6.0,4.9,rideshare
USER055,lyft,2024-01-26,192.0,11.8,4.0,rideshare
USER055,lyft,2024-01-27,109.98,5.9,4.4,rideshare
USER055,lyft,2024-01-28,137.76,8.7,4.1,rideshare
USER055,lyft,2024-01-29,51.15,2.6,4.1,rideshare
USER055,lyft,2024-02-06,84.53,5.2,4.7,rideshare
USER055,lyft,2024-02-08,69.92,2.6,4.2,rideshare
USER055,lyft,2024-02-11,165.98,8.6,4.6,rideshare
USER055,lyft,2024-02-13,113.6,7.8,4.1,rideshare
USER055,lyft,2024-02-16,35.72,2.3,4.1,rideshare
USER055,lyft,2024-02-20,177.64,9.9,4.9,rideshare
USER055,lyft,2024-02-23,257.12,10.1,4.9,rideshare
USER055,lyft,2024-02-26,42.34,2.4,4.8,rideshare
USER055,lyft,2024-02-27,98.21,4.6,4.4,rideshare
USER055,lyft,2024-02-29,213.49,10.5,4.9,rideshare
USER055,lyft,2024-03-01,74.78,3.3,4.3,rideshare
USER055,lyft,2024-03-02,92.21,4.2,4.5,rideshare
USER055,lyft,2024-03-04,73.6,4.6,4.3,rideshare
USER055,lyft,2024-03-05,170.18,8.6,4.4,rideshare
USER055,lyft,2024-03-08,87.34,5.2,4.8,rideshare
USER055,lyft,2024-03-09,193.99,9.5,4.9,rideshare
USER055,lyft,2024-03-11,215.56,11.4,4.5,rideshare
USER055,lyft,2024-03-12,82.38,3.2,4.7,rideshare
USER055,lyft,2024-03-13,127.27,7.8,5.0,rideshare
USER055,lyft,2024-03-15,130.13,6.5,4.1,rideshare
USER055,lyft,2024-03-16,144.4,9.2,4.0,rideshare
USER055,lyft,2024-03-17,77.12,3.3,4.4,rideshare
USER055,lyft,2024-03-18,309.88,12.0,4.5,rideshare
USER055,lyft,2024-03-19,124.55,5.8,4.7,rideshare
USER055,lyft,2024-03-21,205.29,11.0,4.5,rideshare
USER055,lyft,2024-03-22,167.71,11.4,4.3,rideshare
USER055,lyft,2024-03-24,196.62,9.4,4.0,rideshare
USER055,lyft,2024-03-25,223.96,10.4,4.4,rideshare
USER055,lyft,2024-03-26,107.58,5.6,4.3,rideshare
USER055,lyft,2024-03-27,273.02,11.1,4.3,rideshare
USER055,lyft,2024-03-29,89.25,4.7,4.0,rideshare
USER056,ubereats,2024-01-01,86.99,6.1,4.0,delivery
USER056,ubereats,2024-01-02,85.54,7.1,4.3,delivery
USER056,ubereats,2024-01-06,105.77,6.6,4.0,delivery
USER056,ubereats,2024-01-09,90.49,5.9,4.2,delivery
USER056,ubereats,2024-01-11,97.72,5.1,4.7,delivery
USER056,ubereats,2024-01-12,25.6,1.7,4.9,delivery
USER056,ubereats,2024-01-13,66.61,4.4,4.9,delivery
USER056,ubereats,2024-01-15,105.68,5.6,4.8,delivery
USER056,ubereats,2024-01-16,49.87,3.2,4.3,delivery
USER056,ubereats,2024-01-17,111.27,6.3,4.2,delivery
USER056,ubereats,2024-01-18,60.91,4.2,4.9,delivery
USER056,ubereats,2024-01-19,35.08,2.5,4.5,delivery
USER056,ubereats,2024-01-21,161.47,7.9,4.1,delivery
USER056,ubereats,2024-01-22,31.7,1.9,4.3,delivery
USER056,ubereats,2024-01-23,75.36,4.7,4.2,delivery
USER056,ubereats,2024-01-24,31.75,2.7,4.2,delivery
USER056,ubereats,2024-01-26,49.7,2.1,4.4,delivery
USER056,ubereats,2024-01-27,44.91,3.7,4.1,delivery
USER056,ubereats,2024-01-28,55.89,3.2,4.5,delivery
USER056,ubereats,2024-01-29,23.8,1.4,4.2,delivery
USER056,ubereats,2024-02-02,32.84,2.3,4.8,delivery
USER056,ubereats,2024-02-03,59.33,5.6,4.8,delivery
USER056,ubereats,2024-02-06,52.57,2.5,4.1,delivery
USER056,ubereats,2024-02-08,70.05,3.5,4.9,delivery
USER056,ubereats,2024-02-09,79.56,6.0,4.9,delivery
USER056,ubereats,2024-02-10,87.85,5.3,4.8,delivery
USER056,ubereats,2024-02-12,33.99,2.7,4.6,delivery
USER056,ubereats,2024-02-13,115.52,6.9,4.1,delivery
USER056,ubereats,2024-02-17,74.52,5.2,4.7,delivery
USER056,ubereats,2024-02-18,69.67,4.9,4.1,delivery
USER056,ubereats,2024-02-19,109.15,6.9,4.4,delivery
USER056,ubereats,2024-02-23,76.65,5.1,4.3,delivery
USER056,ubereats,2024-02-24,42.8,2.5,4.9,delivery
USER056,ubereats,2024-02-25,81.44,7.4,4.2,delivery
USER056,ubereats,2024-02-26,63.05,3.3,4.9,delivery
USER056,ubereats,2024-02-27,29.68,2.4,4.3,delivery
USER056,ubereats,2024-03-02,63.34,4.2,4.7,delivery
USER056,ubereats,2024-03-03,13.04,1.1,4.4,delivery
USER056,ubereats,2024-03-06,88.88,7.8,4.7,delivery
USER056,ubereats,2024-03-07,117.82,7.0,5.0,delivery
USER056,ubereats,2024-03-10,142.69,7.5,4.5,delivery
USER056,ubereats,2024-03-12,114.36,6.5,4.1,delivery
USER056,ubereats,2024-03-13,83.61,5.2,4.0,delivery
USER056,ubereats,2024-03-14,120.43,5.5,4.4,delivery
USER056,ubereats,2024-03-15,126.8,7.3,5.0,delivery
USER056,ubereats,2024-03-16,43.89,3.5,4.2,delivery
USER056,ubereats,2024-03-17,44.09,2.4,4.8,delivery
USER056,ubereats,2024-03-18,79.37,4.9,4.5,delivery
USER056,ubereats,2024-03-19,63.88,4.0,5.0,delivery
USER056,ubereats,2024-03-20,40.7,3.7,4.6,delivery
USER056,ubereats,2024-03-21,20.94,1.1,4.7,delivery
USER056,ubereats,2024-03-22,81.71,5.4,4.1,delivery
USER056,ubereats,2024-03-23,47.88,3.4,5.0,delivery
USER056,ubereats,2024-03-24,71.91,3.6,4.2,delivery
USER056,ubereats,2024-03-26,118.71,7.4,4.9,delivery
USER056,ubereats,2024-03-27,58.68,3.4,4.5,delivery
USER056,ubereats,2024-03-28,66.27,4.3,4.2,delivery
USER056,ubereats,2024-03-30,73.44,6.4,4.3,delivery
USER056,doordash,2024-01-01,47.69,2.5,4.6,delivery
USER056,doordash,2024-01-05,112.03,7.0,4.6,delivery
USER056,doordash,2024-01-06,108.67,6.9,4.9,delivery
USER056,doordash,2024-01-07,27.26,2.6,4.3,delivery
USER056,doordash,2024-01-09,38.29,2.4,4.5,delivery
USER056,doordash,2024-01-10,104.29,7.9,4.1,delivery
USER056,doordash,2024-01-12,95.39,6.6,4.8,delivery
USER056,doordash,2024-01-16,156.53,7.9,4.6,delivery
USER056,doordash,2024-01-17,87.76,4.4,4.9,delivery
USER056,doordash,2024-01-18,83.33,5.0,4.2,delivery
USER056,doordash,2024-01-19,96.6,5.1,4.0,delivery
USER056,doordash,2024-01-20,28.35,2.3,4.7,delivery
USER056,doordash,2024-01-21,61.17,3.7,5.0,delivery
USER056,doordash,2024-01-25,102.68,6.3,4.9,delivery
USER056,doordash,2024-01-26,86.12,6.4,4.0,delivery
USER056,doordash,2024-01-27,70.73,5.7,5.0,delivery
USER056,doordash,2024-01-29,128.66,6.1,4.0,delivery
USER056,doordash,2024-01-31,72.16,4.6,4.9,delivery
USER056,doordash,2024-02-02,94.6,7.5,4.7,delivery
USER056,doordash,2024-02-03,105.16,4.5,4.5,delivery
USER056,doordash,2024-02-06,166.09,7.6,5.0,delivery
USER056,doordash,2024-02-07,54.98,4.5,4.2,delivery
USER056,doordash,2024-02-08,121.07,5.6,4.8,delivery
USER056,doordash,2024-02-09,97.44,7.1,4.3,delivery
USER056,doordash,2024-02-10,59.88,3.7,4.6,delivery
USER056,doordash,2024-02-11,22.65,1.5,4.6,delivery
USER056,doordash,2024-02-13,39.95,2.8,4.0,delivery
USER056,doordash,2024-02-15,48.84,2.7,4.6,delivery
USER056,doordash,2024-02-16,112.59,5.8,4.6,delivery
USER056,doordash,2024-02-17,69.18,5.4,4.0,delivery
USER056,doordash,2024-02-18,62.81,3.0,4.0,delivery
USER056,doordash,2024-02-20,62.32,4.7,4.5,delivery
USER056,doordash,2024-02-22,63.69,5.3,4.6,delivery
USER056,doordash,2024-02-23,27.21,1.3,4.8,delivery
USER056,doordash,2024-02-24,40.27,2.5,4.9,delivery
USER056,doordash,2024-02-25,76.3,7.2,4.8,delivery
USER056,doordash,2024-02-28,65.32,6.2,4.4,delivery
USER056,doordash,2024-02-29,85.77,5.4,4.2,delivery
USER056,doordash,2024-03-01,43.67,3.0,4.7,delivery
USER056,doordash,2024-03-04,17.3,1.3,4.9,delivery
USER056,doordash,2024-03-05,110.34,6.8,4.5,delivery
USER056,doordash,2024-03-06,117.61,6.5,4.8,delivery
USER056,doordash,2024-03-07,21.26,1.4,4.2,delivery
USER056,doordash,2024-03-08,69.16,6.6,4.9,delivery
USER056,doordash,2024-03-09,107.33,7.8,4.9,delivery
USER056,doordash,2024-03-10,36.22,2.4,4.2,delivery
USER056,doordash,2024-03-12,32.81,2.5,4.9,delivery
USER056,doordash,2024-03-13,78.82,4.3,4.9,delivery
USER056,doordash,2024-03-14,69.41,3.4,4.6,delivery
USER056,doordash,2024-03-15,62.89,6.3,4.4,delivery
USER056,doordash,2024-03-16,76.11,6.3,4.1,delivery
USER056,doordash,2024-03-20,34.86,2.3,4.4,delivery
USER056,doordash,2024-03-21,21.27,1.8,4.5,delivery
USER056,doordash,2024-03-22,73.26,4.6,4.7,delivery
USER056,doordash,2024-03-26,55.34,4.5,4.9,delivery
USER056,doordash,2024-03-27,72.53,4.4,4.0,delivery
USER056,doordash,2024-03-29,25.51,1.8,4.4,delivery
USER056,doordash,2024-03-30,45.36,4.2,4.5,delivery
USER056,upwork,2024-01-02,314.69,5.6,4.0,freelance
USER056,upwork,2024-01-03,259.65,4.2,4.9,freelance
USER056,upwork,2024-01-04,302.29,7.1,4.9,freelance
USER056,upwork,2024-01-06,290.69,6.5,4.9,freelance
USER056,upwork,2024-01-07,236.0,3.2,4.4,freelance
USER056,upwork,2024-01-09,409.55,4.9,4.3,freelance
USER056,upwork,2024-01-15,650.06,9.1,4.6,freelance
USER056,upwork,2024-01-16,632.24,9.7,4.6,freelance
USER056,upwork,2024-01-17,141.14,7.4,4.4,freelance
USER056,upwork,2024-01-19,177.94,2.4,4.6,freelance
USER056,upwork,2024-01-22,225.48,4.4,5.0,freelance
USER056,upwork,2024-01-24,288.44,8.6,4.3,freelance
USER056,upwork,2024-01-25,181.93,5.0,4.1,freelance
USER056,upwork,2024-01-26,656.96,8.6,4.7,freelance
USER056,upwork,2024-01-27,70.29,2.1,4.6,freelance
USER056,upwork,2024-01-28,233.2,9.8,4.0,freelance
USER056,upwork,2024-01-29,201.45,9.5,4.0,freelance
USER056,upwork,2024-02-02,317.74,3.7,4.8,freelance
USER056,upwork,2024-02-03,387.03,9.7,4.3,freelance
USER056,upwork,2024-02-04,186.14,3.0,4.4,freelance
USER056,upwork,2024-02-08,362.09,7.7,4.7,freelance
USER056,upwork,2024-02-10,114.67,1.9,4.5,freelance
USER056,upwork,2024-02-11,193.72,2.7,4.1,freelance
USER056,upwork,2024-02-14,127.44,1.9,4.9,freelance
USER056,upwork,2024-02-15,231.58,4.8,4.5,freelance
USER056,upwork,2024-02-17,45.33,1.4,4.5,freelance
USER056,upwork,2024-02-18,578.8,8.7,4.8,freelance
USER056,upwork,2024-02-19,240.71,4.5,4.3,freelance
USER056,upwork,2024-02-22,325.98,7.7,4.8,freelance
USER056,upwork,2024-02-24,89.46,3.3,4.3,freelance
USER056,upwork,2024-02-25,227.41,5.0,4.6,freelance
USER056,upwork,2024-02-26,481.37,6.4,4.9,freelance
USER056,upwork,2024-02-27,255.75,5.6,4.5,freelance
USER056,upwork,2024-03-01,272.64,3.7,4.5,freelance
USER056,upwork,2024-03-02,247.91,4.3,4.4,freelance
USER056,upwork,2024-03-04,189.25,5.0,4.7,freelance
USER056,upwork,2024-03-06,294.32,6.5,4.1,freelance
USER056,upwork,2024-03-07,203.45,4.3,4.5,freelance
USER056,upwork,2024-03-08,336.84,4.7,4.9,freelance
USER056,upwork,2024-03-10,129.82,2.8,4.8,freelance
USER056,upwork,2024-03-12,111.09,4.3,4.9,freelance
USER056,upwork,2024-03-15,220.23,7.6,4.3,freelance
USER056,upwork,2024-03-19,244.41,4.6,4.1,freelance
USER056,upwork,2024-03-20,89.25,2.0,4.3,freelance
USER056,upwork,2024-03-21,521.41,8.4,4.3,freelance
USER056,upwork,2024-03-22,407.33,8.1,4.6,freelance
USER056,upwork,2024-03-23,728.89,9.3,5.0,freelance
USER056,upwork,2024-03-24,461.04,9.7,4.4,freelance
USER056,upwork,2024-03-29,339.97,6.0,4.4,freelance
USER056,upwork,2024-03-30,510.57,7.7,4.5,freelance
USER057,uber,2024-01-01,189.21,11.1,4.6,rideshare
USER057,uber,2024-01-03,130.04,6.6,4.4,rideshare
USER057,uber,2024-01-04,188.77,11.4,4.2,rideshare
USER057,uber,2024-01-05,53.02,2.4,5.0,rideshare
USER057,uber,2024-01-06,118.31,5.5,5.0,rideshare
USER057,uber,2024-01-07,158.31,9.6,4.1,rideshare
USER057,uber,2024-01-08,75.56,3.7,4.3,rideshare
USER057,uber,2024-01-09,213.91,8.9,4.7,rideshare
USER057,uber,2024-01-11,56.46,2.4,4.7,rideshare
USER057,uber,2024-01-13,180.8,7.2,5.0,rideshare
USER057,uber,2024-01-14,76.8,4.1,5.0,rideshare
USER057,uber,2024-01-15,169.57,9.6,4.4,rideshare
USER057,uber,2024-01-16,288.76,10.8,4.7,rideshare
USER057,uber,2024-01-17,141.45,9.0,4.2,rideshare
USER057,uber,2024-01-19,77.85,3.5,4.3,rideshare
USER057,uber,2024-01-21,90.91,3.9,4.2,rideshare
USER057,uber,2024-01-22,137.48,6.1,4.8,rideshare
USER057,uber,2024-01-23,140.8,8.9,4.8,rideshare
USER057,uber,2024-01-24,74.31,3.7,4.4,rideshare
USER057,uber,2024-01-25,125.25,4.6,4.2,rideshare
USER057,uber,2024-01-28,94.24,5.3,4.4,rideshare
USER057,uber,2024-01-30,213.38,11.4,4.8,rideshare
USER057,uber,2024-01-31,117.15,7.6,4.4,rideshare
USER057,uber,2024-02-02,184.23,8.7,4.1,rideshare
USER057,uber,2024-02-05,202.82,7.8,4.2,rideshare
USER057,uber,2024-02-09,113.74,6.9,4.1,rideshare
USER057,uber,2024-02-10,174.12,9.1,4.1,rideshare
USER057,uber,2024-02-11,86.24,4.0,4.9,rideshare
USER057,uber,2024-02-15,219.45,11.3,4.3,rideshare
USER057,uber,2024-02-16,268.21,10.9,4.4,rideshare
USER057,uber,2024-02-17,308.66,11.2,4.8,rideshare
USER057,uber,2024-02-18,135.86,8.8,4.4,rideshare
USER057,uber,2024-02-19,263.22,11.2,4.5,rideshare
USER057,uber,2024-02-20,220.96,11.4,5.0,rideshare
USER057,uber,2024-02-22,84.7,6.1,4.4,rideshare
USER057,uber,2024-02-23,64.84,4.5,4.3,rideshare
USER057,uber,2024-02-24,124.15,6.3,4.7,rideshare
USER057,uber,2024-02-26,50.95,2.8,4.6,rideshare
USER057,uber,2024-02-27,208.78,8.6,4.4,rideshare
USER057,uber,2024-02-29,177.35,10.5,4.5,rideshare
USER057,uber,2024-03-06,257.44,11.0,5.0,rideshare
USER057,uber,2024-03-07,171.06,7.9,4.8,rideshare
USER057,uber,2024-03-08,48.44,3.0,4.9,rideshare
USER057,uber,2024-03-10,230.58,9.4,4.0,rideshare
USER057,uber,2024-03-11,144.04,7.3,4.9,rideshare
USER057,uber,2024-03-14,148.09,6.1,4.0,rideshare
USER057,uber,2024-03-16,127.33,5.5,4.1,rideshare
USER057,uber,2024-03-17,110.21,5.2,4.8,rideshare
USER057,uber,2024-03-18,50.04,2.1,4.7,rideshare
USER057,uber,2024-03-20,86.94,6.3,4.8,rideshare
USER057,uber,2024-03-23,125.77,6.6,4.9,rideshare
USER057,uber,2024-03-25,124.41,4.4,4.0,rideshare
USER057,uber,2024-03-26,122.11,6.4,4.1,rideshare
USER057,uber,2024-03-27,93.43,6.0,4.2,rideshare
USER057,uber,2024-03-28,262.83,11.7,4.0,rideshare
USER057,uber,2024-03-30,95.19,5.4,4.9,rideshare
USER057,doordash,2024-01-03,102.25,6.2,4.7,delivery
USER057,doordash,2024-01-04,108.16,7.7,4.8,delivery
USER057,doordash,2024-01-07,57.82,5.1,5.0,delivery
USER057,doordash,2024-01-10,110.3,6.9,4.7,delivery
USER057,doordash,2024-01-11,40.44,2.7,4.2,delivery
USER057,doordash,2024-01-15,50.23,2.9,4.6,delivery
USER057,doordash,2024-01-16,83.71,7.1,4.8,delivery
USER057,doordash,2024-01-18,102.71,7.0,4.2,delivery
USER057,doordash,2024-01-19,74.86,5.8,4.5,delivery
USER057,doordash,2024-01-20,54.4,3.3,4.0,delivery
USER057,doordash,2024-01-22,86.67,5.6,4.7,delivery
USER057,doordash,2024-01-23,32.3,3.2,4.2,delivery
USER057,doordash,2024-01-24,98.18,6.1,4.4,delivery
USER057,doordash,2024-01-26,109.69,6.4,4.2,delivery
USER057,doordash,2024-01-28,72.54,4.8,4.4,delivery
USER057,doordash,2024-01-30,25.33,1.2,4.1,delivery
USER057,doordash,2024-01-31,113.25,6.2,4.1,delivery
USER057,doordash,2024-02-01,108.89,7.1,4.9,delivery
USER057,doordash,2024-02-03,113.99,7.4,4.7,delivery
USER057,doordash,2024-02-04,112.74,6.9,4.5,delivery
USER057,doordash,2024-02-05,57.5,3.6,4.1,delivery
USER057,doordash,2024-02-07,70.27,4.9,4.7,delivery
USER057,doordash,2024-02-12,97.29,5.2,4.2,delivery
USER057,doordash,2024-02-14,90.54,7.2,4.5,delivery
USER057,doordash,2024-02-15,45.68,2.8,4.4,delivery
USER057,doordash,2024-02-18,59.74,3.5,4.7,delivery
USER057,doordash,2024-02-19,56.31,3.6,4.5,delivery
USER057,doordash,2024-02-21,72.03,5.0,4.9,delivery
USER057,doordash,2024-02-22,53.04,3.2,4.9,delivery
USER057,doordash,2024-02-23,62.7,5.6,4.0,delivery
USER057,doordash,2024-02-24,100.55,5.4,4.7,delivery
USER057,doordash,2024-02-26,87.92,7.0,4.1,delivery
USER057,doordash,2024-03-01,69.08,5.5,4.8,delivery
USER057,doordash,2024-03-02,75.15,5.6,4.9,delivery
USER057,doordash,2024-03-04,26.87,2.2,4.9,delivery
USER057,doordash,2024-03-07,69.62,4.4,4.0,delivery
USER057,doordash,2024-03-08,30.92,1.9,4.1,delivery
USER057,doordash,2024-03-10,90.12,5.5,4.6,delivery
USER057,doordash,2024-03-11,117.48,7.7,4.6,delivery
USER057,doordash,2024-03-13,73.31,4.9,4.6,delivery
USER057,doordash,2024-03-14,100.71,7.1,4.1,delivery
USER057,doordash,2024-03-15,116.04,7.0,4.6,delivery
USER057,doordash,2024-03-17,71.8,4.7,4.2,delivery
USER057,doordash,2024-03-18,27.43,1.7,4.3,delivery
USER057,doordash,2024-03-20,40.42,2.3,4.6,delivery
USER057,doordash,2024-03-22,85.9,4.6,4.3,delivery
USER057,doordash,2024-03-23,102.45,7.0,4.6,delivery
USER057,doordash,2024-03-25,36.85,2.5,4.4,delivery
USER057,doordash,2024-03-26,27.7,1.9,4.8,delivery
USER057,doordash,2024-03-29,44.15,2.8,4.1,delivery
USER057,doordash,2024-03-30,82.5,5.0,5.0,delivery
USER057,lyft,2024-01-01,61.21,4.4,4.6,rideshare
USER057,lyft,2024-01-02,126.89,7.6,4.6,rideshare
USER057,lyft,2024-01-03,210.47,9.4,4.4,rideshare
USER057,lyft,2024-01-04,95.27,3.8,4.1,rideshare
USER057,lyft,2024-01-05,132.57,7.5,4.5,rideshare
USER057,lyft,2024-01-06,62.5,3.6,4.7,rideshare
USER057,lyft,2024-01-07,64.58,3.2,5.0,rideshare
USER057,lyft,2024-01-09,108.47,6.4,4.4,rideshare
USER057,lyft,2024-01-11,159.47,8.5,4.8,rideshare
USER057,lyft,2024-01-12,162.17,8.4,4.3,rideshare
USER057,lyft,2024-01-13,222.22,9.2,4.6,rideshare
USER057,lyft,2024-01-14,202.78,11.1,4.2,rideshare
USER057,lyft,2024-01-16,163.3,11.2,4.7,rideshare
USER057,lyft,2024-01-17,139.93,7.9,4.5,rideshare
USER057,lyft,2024-01-18,46.35,2.3,4.4,rideshare
USER057,lyft,2024-01-20,223.44,11.9,4.6,rideshare
USER057,lyft,2024-01-21,119.87,6.1,4.8,rideshare
USER057,lyft,2024-01-22,100.46,7.2,4.0,rideshare
USER057,lyft,2024-01-23,178.09,9.7,4.9,rideshare
USER057,lyft,2024-01-24,130.95,9.9,4.3,rideshare
USER057,lyft,2024-01-27,63.05,3.9,4.6,rideshare
USER057,lyft,2024-01-28,76.15,3.1,4.1,rideshare
USER057,lyft,2024-01-29,152.52,6.2,4.6,rideshare
USER057,lyft,2024-01-30,271.1,9.6,4.6,rideshare
USER057,lyft,2024-01-31,130.21,5.2,4.8,rideshare
USER057,lyft,2024-02-02,118.72,9.2,4.2,rideshare
USER057,lyft,2024-02-03,183.5,8.4,4.8,rideshare
USER057,lyft,2024-02-04,205.85,8.9,4.3,rideshare
USER057,lyft,2024-02-07,44.07,2.0,4.1,rideshare
USER057,lyft,2024-02-08,230.16,9.9,4.7,rideshare
USER057,lyft,2024-02-09,84.45,4.8,4.9,rideshare
USER057,lyft,2024-02-11,81.48,4.8,4.1,rideshare
USER057,lyft,2024-02-14,133.72,6.7,4.7,rideshare
USER057,lyft,2024-02-15,106.21,4.5,4.9,rideshare
USER057,lyft,2024-02-16,218.82,12.0,4.4,rideshare
USER057,lyft,2024-02-17,143.55,8.3,4.7,rideshare
USER057,lyft,2024-02-18,69.13,4.9,4.3,rideshare
USER057,lyft,2024-02-19,208.22,11.1,4.3,rideshare
USER057,lyft,2024-02-21,111.6,5.4,4.2,rideshare
USER057,lyft,2024-02-22,141.76,9.3,4.5,rideshare
USER057,lyft,2024-02-24,124.48,5.3,4.8,rideshare
USER057,lyft,2024-02-25,114.93,8.5,4.4,rideshare
USER057,lyft,2024-02-26,40.39,2.6,4.7,rideshare
USER057,lyft,2024-02-27,49.57,2.9,4.1,rideshare
USER057,lyft,2024-03-01,168.47,8.1,4.3,rideshare
USER057,lyft,2024-03-02,94.23,4.2,4.4,rideshare
USER057,lyft,2024-03-05,87.43,4.8,4.3,rideshare
USER057,lyft,2024-03-06,63.66,3.6,4.1,rideshare
USER057,lyft,2024-03-07,45.07,2.5,4.6,rideshare
USER057,lyft,2024-03-09,178.38,7.1,4.4,rideshare
USER057,lyft,2024-03-11,66.47,3.5,4.8,rideshare
USER057,lyft,2024-03-12,151.61,6.6,4.9,rideshare
USER057,lyft,2024-03-15,126.42,8.4,4.9,rideshare
USER057,lyft,2024-03-16,216.11,9.2,4.0,rideshare
USER057,lyft,2024-03-17,139.85,7.2,4.2,rideshare
USER057,lyft,2024-03-18,148.35,7.3,5.0,rideshare
USER057,lyft,2024-03-19,275.54,11.3,4.7,rideshare
USER057,lyft,2024-03-20,187.47,9.3,4.2,rideshare
USER057,lyft,2024-03-21,232.28,8.3,4.2,rideshare
USER057,lyft,2024-03-23,327.94,11.7,4.2,rideshare
USER057,lyft,2024-03-24,45.5,2.4,4.4,rideshare
USER057,lyft,2024-03-25,160.77,11.2,5.0,rideshare
USER057,lyft,2024-03-29,262.84,11.0,4.9,rideshare
USER057,lyft,2024-03-30,257.85,9.0,4.5,rideshare
USER058,lyft,2024-01-01,74.62,3.8,4.7,rideshare
USER058,lyft,2024-01-02,241.77,9.0,4.4,rideshare
USER058,lyft,2024-01-03,244.52,10.1,4.7,rideshare
USER058,lyft,2024-01-04,115.13,4.8,5.0,rideshare
USER058,lyft,2024-01-05,106.12,5.5,4.4,rideshare
USER058,lyft,2024-01-08,77.37,3.8,4.4,rideshare
USER058,lyft,2024-01-12,71.64,3.9,4.1,rideshare
USER058,lyft,2024-01-13,143.05,7.1,4.4,rideshare
USER058,lyft,2024-01-14,90.17,3.7,4.5,rideshare
USER058,lyft,2024-01-15,180.69,10.8,4.0,rideshare
USER058,lyft,2024-01-16,152.98,5.5,4.8,rideshare
USER058,lyft,2024-01-17,167.22,8.0,4.1,rideshare
USER058,lyft,2024-01-18,131.21,7.8,4.1,rideshare
USER058,lyft,2024-01-19,172.65,9.1,4.3,rideshare
USER058,lyft,2024-01-23,41.76,2.1,4.9,rideshare
USER058,lyft,2024-01-25,195.16,8.1,4.4,rideshare
USER058,lyft,2024-01-27,175.09,9.0,4.8,rideshare
USER058,lyft,2024-01-28,286.91,10.1,4.4,rideshare
USER058,lyft,2024-01-31,92.97,4.8,4.9,rideshare
USER058,lyft,2024-02-01,82.83,4.0,4.2,rideshare
USER058,lyft,2024-02-02,44.83,2.7,4.6,rideshare
USER058,lyft,2024-02-03,74.51,3.1,4.9,rideshare
USER058,lyft,2024-02-04,137.11,7.0,4.7,rideshare
USER058,lyft,2024-02-07,110.1,5.6,4.9,rideshare
USER058,lyft,2024-02-08,36.28,2.6,4.9,rideshare
USER058,lyft,2024-02-10,117.96,6.2,4.8,rideshare
USER058,lyft,2024-02-12,63.88,2.4,4.9,rideshare
USER058,lyft,2024-02-14,136.04,7.4,4.1,rideshare
USER058,lyft,2024-02-15,174.64,7.3,4.7,rideshare
USER058,lyft,2024-02-17,226.47,8.7,4.9,rideshare
USER058,lyft,2024-02-18,138.62,10.2,4.2,rideshare
USER058,lyft,2024-02-21,177.54,7.0,4.1,rideshare
USER058,lyft,2024-02-22,113.66,4.1,4.1,rideshare
USER058,lyft,2024-02-23,145.92,6.0,4.1,rideshare
USER058,lyft,2024-02-24,229.73,9.8,4.3,rideshare
USER058,lyft,2024-02-26,170.15,7.3,4.0,rideshare
USER058,lyft,2024-02-28,240.34,9.2,4.9,rideshare
USER058,lyft,2024-02-29,109.29,5.0,4.0,rideshare
USER058,lyft,2024-03-01,131.91,7.2,4.1,rideshare
USER058,lyft,2024-03-03,169.29,9.9,4.8,rideshare
USER058,lyft,2024-03-04,166.58,6.8,4.0,rideshare
USER058,lyft,2024-03-07,167.22,8.6,4.7,rideshare
USER058,lyft,2024-03-08,37.46,2.4,4.9,rideshare
USER058,lyft,2024-03-10,52.94,2.7,4.1,rideshare
USER058,lyft,2024-03-11,107.66,5.3,4.6,rideshare
USER058,lyft,2024-03-12,255.66,9.6,4.7,rideshare
USER058,lyft,2024-03-13,194.76,11.6,4.9,rideshare
USER058,lyft,2024-03-15,101.88,5.8,4.7,rideshare
USER058,lyft,2024-03-17,263.28,11.4,4.7,rideshare
USER058,lyft,2024-03-20,119.57,6.4,4.1,rideshare
USER058,lyft,2024-03-21,60.61,2.8,4.6,rideshare
USER058,lyft,2024-03-22,102.75,4.2,4.6,rideshare
USER058,lyft,2024-03-23,98.09,6.8,4.4,rideshare
USER058,lyft,2024-03-24,164.7,9.4,4.5,rideshare
USER058,lyft,2024-03-29,130.95,7.6,4.5,rideshare
USER059,fiverr,2024-01-02,441.18,8.2,4.5,freelance
USER059,fiverr,2024-01-03,112.06,2.7,4.8,freelance
USER059,fiverr,2024-01-04,299.06,7.0,4.0,freelance
USER059,fiverr,2024-01-09,307.03,7.1,4.0,freelance
USER059,fiverr,2024-01-10,509.68,8.6,4.0,freelance
USER059,fiverr,2024-01-14,225.09,5.1,4.2,freelance
USER059,fiverr,2024-01-16,235.49,4.1,4.2,freelance
USER059,fiverr,2024-01-17,235.71,7.8,4.8,freelance
USER059,fiverr,2024-01-21,345.89,5.5,5.0,freelance
USER059,fiverr,2024-01-22,572.13,6.8,4.1,freelance
USER059,fiverr,2024-01-24,568.22,7.7,4.1,freelance
USER059,fiverr,2024-01-27,273.71,3.8,4.1,freelance
USER059,fiverr,2024-01-28,151.24,4.6,4.4,freelance
USER059,fiverr,2024-01-29,507.09,9.0,4.9,freelance
USER059,fiverr,2024-01-30,227.19,3.8,4.5,freelance
USER059,fiverr,2024-01-31,145.16,3.5,4.1,freelance
USER059,fiverr,2024-02-01,551.88,9.7,4.3,freelance
USER059,fiverr,2024-02-02,79.08,2.0,4.1,freelance
USER059,fiverr,2024-02-03,177.2,3.1,4.5,freelance
USER059,fiverr,2024-02-04,150.71,3.6,4.0,freelance
USER059,fiverr,2024-02-05,163.57,4.4,4.5,freelance
USER059,fiverr,2024-02-09,538.35,7.1,4.6,freelance
USER059,fiverr,2024-02-10,246.88,3.0,4.8,freelance
USER059,fiverr,2024-02-11,500.94,7.7,4.6,freelance
USER059,fiverr,2024-02-12,170.26,2.4,4.3,freelance
USER059,fiverr,2024-02-13,217.19,9.4,4.1,freelance
USER059,fiverr,2024-02-14,226.67,3.2,4.8,freelance
USER059,fiverr,2024-02-18,158.79,2.5,4.1,freelance
USER059,fiverr,2024-02-20,121.86,3.2,4.3,freelance
USER059,fiverr,2024-02-22,597.54,8.3,4.0,freelance
USER059,fiverr,2024-02-26,54.63,1.8,4.2,freelance
USER059,fiverr,2024-02-27,242.71,3.3,4.1,freelance
USER059,fiverr,2024-03-02,43.55,1.9,4.6,freelance
USER059,fiverr,2024-03-03,242.28,4.2,4.1,freelance
USER059,fiverr,2024-03-05,331.52,4.8,4.7,freelance
USER059,fiverr,2024-03-08,92.71,3.4,4.8,freelance
USER059,fiverr,2024-03-09,148.63,2.0,4.7,freelance
USER059,fiverr,2024-03-12,326.68,4.7,4.5,freelance
USER059,fiverr,2024-03-14,307.3,7.9,4.3,freelance
USER059,fiverr,2024-03-16,177.28,6.8,4.5,freelance
USER059,fiverr,2024-03-17,503.56,8.4,5.0,freelance
USER059,fiverr,2024-03-18,88.63,2.8,4.6,freelance
USER059,fiverr,2024-03-20,643.61,9.5,4.6,freelance
USER059,fiverr,2024-03-22,240.57,4.0,4.5,freelance
USER059,fiverr,2024-03-23,290.92,7.0,4.7,freelance
USER059,fiverr,2024-03-27,658.67,8.4,4.4,freelance
USER059,fiverr,2024-03-28,334.76,5.4,4.3,freelance
USER059,fiverr,2024-03-30,183.45,6.3,4.4,freelance
USER059,taskrabbit,2024-01-02,80.14,3.8,4.9,services
USER059,taskrabbit,2024-01-03,48.77,1.6,4.5,services
USER059,taskrabbit,2024-01-06,155.85,4.9,4.6,services
USER059,taskrabbit,2024-01-10,38.34,1.7,4.8,services
USER059,taskrabbit,2024-01-11,65.11,2.8,4.4,services
USER059,taskrabbit,2024-01-12,36.17,1.5,4.6,services
USER059,taskrabbit,2024-01-16,52.89,2.3,4.6,services
USER059,taskrabbit,2024-01-17,102.06,4.3,4.1,services
USER059,taskrabbit,2024-01-18,105.25,4.4,4.2,services
USER059,taskrabbit,2024-01-19,67.11,2.2,4.7,services
USER059,taskrabbit,2024-01-20,92.92,4.2,4.5,services
USER059,taskrabbit,2024-01-23,57.66,1.8,4.4,services
USER059,taskrabbit,2024-01-25,140.51,3.8,4.3,services
USER059,taskrabbit,2024-01-29,162.98,5.2,4.9,services
USER059,taskrabbit,2024-01-30,139.97,4.6,4.9,services
USER059,taskrabbit,2024-02-03,48.39,2.1,4.9,services
USER059,taskrabbit,2024-02-04,45.1,2.1,4.4,services
USER059,taskrabbit,2024-02-06,94.95,3.3,4.3,services
USER059,taskrabbit,2024-02-07,157.48,5.9,4.9,services
USER059,taskrabbit,2024-02-08,34.73,1.4,4.2,services
USER059,taskrabbit,2024-02-09,17.4,1.1,4.1,services
USER059,taskrabbit,2024-02-11,54.17,1.8,4.6,services
USER059,taskrabbit,2024-02-13,140.13,5.0,5.0,services
USER059,taskrabbit,2024-02-15,104.1,3.1,4.3,services
USER059,taskrabbit,2024-02-16,86.02,4.5,4.8,services
USER059,taskrabbit,2024-02-19,49.49,1.7,5.0,services
USER059,taskrabbit,2024-02-22,95.07,5.8,4.0,services
USER059,taskrabbit,2024-02-23,104.14,4.8,4.2,services
USER059,taskrabbit,2024-02-25,149.16,3.6,4.6,services
USER059,taskrabbit,2024-02-29,51.19,1.3,4.5,services
USER059,taskrabbit,2024-03-01,36.04,1.9,4.6,services
USER059,taskrabbit,2024-03-02,33.27,1.2,5.0,services
USER059,taskrabbit,2024-03-03,146.87,5.2,4.8,services
USER059,taskrabbit,2024-03-05,59.95,3.4,4.9,services
USER059,taskrabbit,2024-03-08,96.12,5.9,4.7,services
USER059,taskrabbit,2024-03-14,91.64,4.6,4.1,services
USER059,taskrabbit,2024-03-15,78.26,4.3,4.9,services
USER059,taskrabbit,2024-03-17,121.3,4.8,4.2,services
USER059,taskrabbit,2024-03-18,73.09,2.6,4.0,services
USER059,taskrabbit,2024-03-19,53.35,2.6,4.8,services
USER059,taskrabbit,2024-03-23,96.94,4.9,4.2,services
USER059,taskrabbit,2024-03-24,101.24,3.6,4.4,services
USER059,taskrabbit,2024-03-25,158.81,5.7,4.0,services
USER059,taskrabbit,2024-03-28,23.82,1.1,4.6,services
USER059,taskrabbit,2024-03-29,115.63,3.6,4.3,services
USER059,doordash,2024-01-01,104.96,5.1,4.1,delivery
USER059,doordash,2024-01-02,95.33,6.8,4.9,delivery
USER059,doordash,2024-01-03,82.94,5.7,4.2,delivery
USER059,doordash,2024-01-04,59.79,4.8,4.8,delivery
USER059,doordash,2024-01-05,100.14,7.8,4.6,delivery
USER059,doordash,2024-01-07,85.85,7.7,4.4,delivery
USER059,doordash,2024-01-08,47.14,2.8,4.3,delivery
USER059,doordash,2024-01-12,147.84,7.5,4.9,delivery
USER059,doordash,2024-01-13,93.55,4.1,4.6,delivery
USER059,doordash,2024-01-15,129.17,6.8,4.9,delivery
USER059,doordash,2024-01-17,98.46,5.3,4.1,delivery
USER059,doordash,2024-01-18,79.25,4.1,5.0,delivery
USER059,doordash,2024-01-19,47.07,4.1,4.6,delivery
USER059,doordash,2024-01-20,47.64,2.5,4.1,delivery
USER059,doordash,2024-01-21,100.17,7.2,4.7,delivery
USER059,doordash,2024-01-22,69.34,4.7,4.9,delivery
USER059,doordash,2024-01-25,45.37,4.1,4.5,delivery
USER059,doordash,2024-01-26,22.41,1.5,4.4,delivery
USER059,doordash,2024-01-27,152.48,7.9,4.9,delivery
USER059,doordash,2024-01-28,107.4,7.8,5.0,delivery
USER059,doordash,2024-01-31,168.82,7.7,4.1,delivery
USER059,doordash,2024-02-01,181.39,7.9,4.2,delivery
USER059,doordash,2024-02-02,77.61,6.5,4.5,delivery
USER059,doordash,2024-02-03,29.54,1.8,4.7,delivery
USER059,doordash,2024-02-04,53.55,3.7,4.5,delivery
USER059,doordash,2024-02-06,158.31,7.4,4.2,delivery
USER059,doordash,2024-02-08,27.7,1.2,4.3,delivery
USER059,doordash,2024-02-12,32.52,1.9,4.4,delivery
USER059,doordash,2024-02-14,114.02,5.2,4.9,delivery
USER059,doordash,2024-02-17,17.05,1.3,4.5,delivery
USER059,doordash,2024-02-19,43.75,2.7,4.0,delivery
USER059,doordash,2024-02-20,79.8,5.1,4.7,delivery
USER059,doordash,2024-02-23,65.3,4.1,4.6,delivery
USER059,doordash,2024-02-25,92.46,5.9,4.9,delivery
USER059,doordash,2024-03-03,65.74,4.5,4.5,delivery
USER059,doordash,2024-03-04,60.65,4.5,4.2,delivery
USER059,doordash,2024-03-05,92.56,5.4,4.7,delivery
USER059,doordash,2024-03-07,29.63,2.5,4.6,delivery
USER059,doordash,2024-03-08,28.71,2.4,4.9,delivery
USER059,doordash,2024-03-10,118.11,7.4,4.6,delivery
USER059,doordash,2024-03-11,93.76,6.8,5.0,delivery
USER059,doordash,2024-03-13,122.44,7.6,4.8,delivery
USER059,doordash,2024-03-14,80.3,4.4,4.8,delivery
USER059,doordash,2024-03-15,81.96,4.3,4.4,delivery
USER059,doordash,2024-03-16,70.14,5.1,4.1,delivery
USER059,doordash,2024-03-17,102.3,6.2,4.7,delivery
USER059,doordash,2024-03-18,101.69,5.7,4.8,delivery
USER059,doordash,2024-03-22,78.96,4.4,4.6,delivery
USER059,doordash,2024-03-23,92.36,6.2,4.6,delivery
USER059,doordash,2024-03-24,121.48,7.2,4.1,delivery
USER059,doordash,2024-03-25,77.28,5.4,4.5,delivery
USER059,doordash,2024-03-26,126.01,8.0,4.3,delivery
USER059,doordash,2024-03-27,57.58,4.0,4.6,delivery
USER059,doordash,2024-03-29,88.33,5.2,4.8,delivery
USER059,doordash,2024-03-30,95.84,6.5,4.1,delivery
USER060,doordash,2024-01-01,38.74,2.4,4.2,delivery
USER060,doordash,2024-01-03,21.78,1.6,5.0,delivery
USER060,doordash,2024-01-05,113.96,7.3,4.1,delivery
USER060,doordash,2024-01-07,42.33,3.5,4.3,delivery
USER060,doordash,2024-01-08,25.79,1.9,4.2,delivery
USER060,doordash,2024-01-09,41.77,2.9,4.5,delivery
USER060,doordash,2024-01-10,106.17,7.7,4.1,delivery
USER060,doordash,2024-01-11,84.75,4.8,4.5,delivery
USER060,doordash,2024-01-14,176.95,7.7,4.4,delivery
USER060,doordash,2024-01-17,115.44,6.0,4.7,delivery
USER060,doordash,2024-01-19,60.29,4.2,4.1,delivery
USER060,doordash,2024-01-21,24.04,1.9,4.6,delivery
USER060,doordash,2024-01-22,97.21,6.1,4.9,delivery
USER060,doordash,2024-01-24,81.01,5.9,4.2,delivery
USER060,doordash,2024-01-27,57.87,4.7,4.1,delivery
USER060,doordash,2024-01-29,87.0,5.0,4.9,delivery
USER060,doordash,2024-01-30,20.19,1.0,4.9,delivery
USER060,doordash,2024-02-03,111.62,5.3,4.7,delivery
USER060,doordash,2024-02-06,68.98,4.2,4.1,delivery
USER060,doordash,2024-02-10,136.01,7.3,4.4,delivery
USER060,doordash,2024-02-14,16.09,1.2,4.4,delivery
USER060,doordash,2024-02-15,114.11,5.2,4.4,delivery
USER060,doordash,2024-02-16,83.49,6.1,4.3,delivery
USER060,doordash,2024-02-18,39.75,2.6,4.3,delivery
USER060,doordash,2024-02-20,51.78,3.0,4.9,delivery
USER060,doordash,2024-02-21,78.59,4.7,4.9,delivery
USER060,doordash,2024-02-22,18.54,1.1,4.6,delivery
USER060,doordash,2024-02-24,19.2,1.4,4.9,delivery
USER060,doordash,2024-02-25,19.45,1.2,4.0,delivery
USER060,doordash,2024-02-27,64.25,5.3,4.1,delivery
USER060,doordash,2024-02-28,49.29,3.3,4.9,delivery
USER060,doordash,2024-02-29,86.65,4.3,4.5,delivery
USER060,doordash,2024-03-01,51.88,3.8,4.4,delivery
USER060,doordash,2024-03-02,45.79,3.2,4.1,delivery
USER060,doordash,2024-03-03,90.57,7.4,4.1,delivery
USER060,doordash,2024-03-05,96.58,6.4,4.1,delivery
USER060,doordash,2024-03-06,18.23,1.4,4.1,delivery
USER060,doordash,2024-03-07,37.92,2.5,4.9,delivery
USER060,doordash,2024-03-09,76.21,4.3,4.5,delivery
USER060,doordash,2024-03-12,126.56,6.7,4.2,delivery
USER060,doordash,2024-03-14,101.42,5.2,4.0,delivery
USER060,doordash,2024-03-15,57.66,5.2,4.4,delivery
USER060,doordash,2024-03-16,99.74,6.5,4.7,delivery
USER060,doordash,2024-03-17,36.16,2.3,4.1,delivery
USER060,doordash,2024-03-19,99.24,6.8,4.9,delivery
USER060,doordash,2024-03-21,11.88,1.0,4.3,delivery
USER060,doordash,2024-03-22,65.24,3.7,4.2,delivery
USER060,doordash,2024-03-23,117.39,6.7,4.1,delivery
USER060,doordash,2024-03-24,149.22,7.9,4.6,delivery
USER060,doordash,2024-03-25,116.19,7.4,4.4,delivery
USER060,doordash,2024-03-26,50.44,4.2,4.6,delivery
USER060,doordash,2024-03-30,25.8,1.4,4.2,delivery
USER060,taskrabbit,2024-01-02,83.36,3.9,4.7,services
USER060,taskrabbit,2024-01-03,102.4,2.7,4.4,services
USER060,taskrabbit,2024-01-07,73.84,3.1,4.6,services
USER060,taskrabbit,2024-01-08,26.98,1.1,4.8,services
USER060,taskrabbit,2024-01-10,144.53,5.1,4.8,services
USER060,taskrabbit,2024-01-12,89.49,2.4,4.1,services
USER060,taskrabbit,2024-01-13,42.47,2.0,4.3,services
USER060,taskrabbit,2024-01-14,186.13,4.8,4.5,services
USER060,taskrabbit,2024-01-15,173.66,6.0,4.7,services
USER060,taskrabbit,2024-01-16,92.3,2.8,4.3,services
USER060,taskrabbit,2024-01-17,123.39,5.6,4.9,services
USER060,taskrabbit,2024-01-18,88.31,4.7,4.6,services
USER060,taskrabbit,2024-01-19,44.18,2.3,4.0,services
USER060,taskrabbit,2024-01-20,47.35,1.6,4.3,services
USER060,taskrabbit,2024-01-21,159.11,4.2,4.2,services
USER060,taskrabbit,2024-01-23,25.1,1.2,4.1,services
USER060,taskrabbit,2024-01-24,47.41,1.9,4.0,services
USER060,taskrabbit,2024-01-25,57.85,1.8,4.1,services
USER060,taskrabbit,2024-01-26,96.78,2.8,4.3,services
USER060,taskrabbit,2024-01-28,78.8,4.0,4.1,services
USER060,taskrabbit,2024-02-01,102.0,3.8,4.8,services
USER060,taskrabbit,2024-02-05,71.66,3.7,4.2,services
USER060,taskrabbit,2024-02-07,91.42,3.3,4.1,services
USER060,taskrabbit,2024-02-09,83.17,3.0,4.4,services
USER060,taskrabbit,2024-02-10,93.41,3.2,4.0,services
USER060,taskrabbit,2024-02-13,48.01,1.8,4.4,services
USER060,taskrabbit,2024-02-15,50.31,1.9,4.4,services
USER060,taskrabbit,2024-02-16,93.19,2.9,4.9,services
USER060,taskrabbit,2024-02-17,56.25,1.7,4.8,services
USER060,taskrabbit,2024-02-18,81.96,2.5,4.4,services
USER060,taskrabbit,2024-02-19,136.19,4.6,4.1,services
USER060,taskrabbit,2024-02-21,83.13,4.4,4.6,services
USER060,taskrabbit,2024-02-24,64.35,2.8,4.3,services
USER060,taskrabbit,2024-02-26,184.94,5.9,4.4,services
USER060,taskrabbit,2024-02-27,143.77,4.8,4.7,services
USER060,taskrabbit,2024-03-02,165.71,4.0,4.9,services
USER060,taskrabbit,2024-03-08,91.16,3.1,4.4,services
USER060,taskrabbit,2024-03-09,79.13,2.4,5.0,services
USER060,taskrabbit,2024-03-10,158.54,5.3,4.5,services
USER060,taskrabbit,2024-03-11,53.71,2.0,4.6,services
USER060,taskrabbit,2024-03-15,153.83,4.0,4.6,services
USER060,taskrabbit,2024-03-18,61.74,1.8,4.0,services
USER060,taskrabbit,2024-03-19,82.55,4.8,4.0,services
USER060,taskrabbit,2024-03-20,69.62,2.8,4.9,services
USER060,taskrabbit,2024-03-21,144.08,4.2,4.7,services
USER060,taskrabbit,2024-03-22,56.66,3.8,4.5,services
USER060,taskrabbit,2024-03-23,77.44,4.0,4.2,services
USER060,taskrabbit,2024-03-25,29.72,1.1,4.2,services
USER060,taskrabbit,2024-03-27,88.85,3.0,4.7,services
USER060,taskrabbit,2024-03-28,28.52,1.5,5.0,services
USER061,upwork,2024-01-02,705.33,9.5,4.5,freelance
USER061,upwork,2024-01-03,338.28,8.8,4.5,freelance
USER061,upwork,2024-01-04,86.54,3.6,4.4,freelance
USER061,upwork,2024-01-05,368.61,6.6,4.7,freelance
USER061,upwork,2024-01-06,75.31,2.3,4.9,freelance
USER061,upwork,2024-01-08,433.59,6.9,4.5,freelance
USER061,upwork,2024-01-10,244.96,3.5,4.6,freelance
USER061,upwork,2024-01-11,69.54,2.0,4.0,freelance
USER061,upwork,2024-01-12,360.73,7.4,4.7,freelance
USER061,upwork,2024-01-13,203.06,7.6,4.7,freelance
USER061,upwork,2024-01-14,234.88,6.9,4.2,freelance
USER061,upwork,2024-01-15,126.66,5.2,4.3,freelance
USER061,upwork,2024-01-16,252.29,2.9,4.5,freelance
USER061,upwork,2024-01-17,111.28,1.8,4.1,freelance
USER061,upwork,2024-01-20,445.47,5.8,5.0,freelance
USER061,upwork,2024-01-21,157.13,4.0,4.9,freelance
USER061,upwork,2024-01-23,33.74,1.1,4.6,freelance
USER061,upwork,2024-01-24,476.56,8.3,4.2,freelance
USER061,upwork,2024-01-26,225.67,4.2,4.6,freelance
USER061,upwork,2024-01-27,138.49,7.0,4.3,freelance
USER061,upwork,2024-01-28,246.63,5.5,4.3,freelance
USER061,upwork,2024-01-30,167.2,5.5,4.5,freelance
USER061,upwork,2024-01-31,421.17,6.0,5.0,freelance
USER061,upwork,2024-02-02,472.79,8.5,4.5,freelance
USER061,upwork,2024-02-03,67.42,1.1,4.2,freelance
USER061,upwork,2024-02-04,515.94,9.8,4.7,freelance
USER061,upwork,2024-02-05,119.43,2.1,4.9,freelance
USER061,upwork,2024-02-06,65.08,1.8,4.8,freelance
USER061,upwork,2024-02-07,120.02,2.8,4.0,freelance
USER061,upwork,2024-02-09,89.12,2.6,4.3,freelance
USER061,upwork,2024-02-10,324.78,7.4,5.0,freelance
USER061,upwork,2024-02-13,194.67,3.4,4.8,freelance
USER061,upwork,2024-02-14,248.25,5.6,4.2,freelance
USER061,upwork,2024-02-16,712.19,8.1,4.4,freelance
USER061,upwork,2024-02-18,284.54,5.9,4.2,freelance
USER061,upwork,2024-02-20,423.48,9.2,4.8,freelance
USER061,upwork,2024-02-23,348.28,8.2,4.4,freelance
USER061,upwork,2024-02-25,131.94,3.4,4.0,freelance
USER061,upwork,2024-02-26,429.98,8.1,4.3,freelance
USER061,upwork,2024-02-27,644.45,8.8,4.8,freelance
USER061,upwork,2024-02-28,66.63,2.9,4.7,freelance
USER061,upwork,2024-02-29,196.96,5.1,4.4,freelance
USER061,upwork,2024-03-02,76.83,2.3,4.4,freelance
USER061,upwork,2024-03-03,358.78,5.8,4.6,freelance
USER061,upwork,2024-03-05,126.77,2.6,4.2,freelance
USER061,upwork,2024-03-08,536.45,7.3,4.6,freelance
USER061,upwork,2024-03-09,105.95,1.3,4.2,freelance
USER061,upwork,2024-03-10,172.47,2.8,4.5,freelance
USER061,upwork,2024-03-12,80.93,2.2,4.6,freelance
USER061,upwork,2024-03-13,307.81,4.5,4.1,freelance
USER061,upwork,2024-03-14,180.98,7.6,4.5,freelance
USER061,upwork,2024-03-15,384.29,5.3,5.0,freelance
USER061,upwork,2024-03-16,103.91,3.8,4.4,freelance
USER061,upwork,2024-03-17,293.38,4.7,4.3,freelance
USER061,upwork,2024-03-18,265.85,8.9,4.4,freelance
USER061,upwork,2024-03-19,626.52,9.9,4.9,freelance
USER061,upwork,2024-03-20,273.07,8.8,4.2,freelance
USER061,upwork,2024-03-21,49.14,1.3,4.4,freelance
USER061,upwork,2024-03-23,472.09,6.9,4.3,freelance
USER061,upwork,2024-03-24,48.31,1.7,4.3,freelance
USER061,upwork,2024-03-25,227.56,6.1,4.3,freelance
USER061,upwork,2024-03-27,346.7,7.5,4.6,freelance
USER061,upwork,2024-03-28,64.45,2.0,4.2,freelance
USER061,upwork,2024-03-29,404.83,4.7,4.6,freelance
USER061,upwork,2024-03-30,137.2,4.5,4.6,freelance
USER061,fiverr,2024-01-01,166.5,3.3,4.3,freelance
USER061,fiverr,2024-01-04,403.1,7.9,4.1,freelance
USER061,fiverr,2024-01-05,117.22,5.2,4.3,freelance
USER061,fiverr,2024-01-09,285.94,9.0,4.7,freelance
USER061,fiverr,2024-01-10,242.12,5.2,4.2,freelance
USER061,fiverr,2024-01-11,58.41,1.7,4.1,freelance
USER061,fiverr,2024-01-12,644.55,9.1,4.5,freelance
USER061,fiverr,2024-01-15,70.22,2.9,4.8,freelance
USER061,fiverr,2024-01-16,166.19,4.7,4.7,freelance
USER061,fiverr,2024-01-17,37.37,1.2,4.6,freelance
USER061,fiverr,2024-01-18,624.83,9.2,4.9,freelance
USER061,fiverr,2024-01-19,131.19,1.6,4.6,freelance
USER061,fiverr,2024-01-21,221.47,4.8,4.3,freelance
USER061,fiverr,2024-01-22,122.33,1.9,4.3,freelance
USER061,fiverr,2024-01-23,112.56,1.7,4.9,freelance
USER061,fiverr,2024-01-25,229.91,2.5,4.6,freelance
USER061,fiverr,2024-01-26,825.35,8.7,4.6,freelance
USER061,fiverr,2024-01-27,210.03,6.0,4.3,freelance
USER061,fiverr,2024-01-29,37.28,1.3,4.4,freelance
USER061,fiverr,2024-01-30,449.11,6.7,4.5,freelance
USER061,fiverr,2024-01-31,28.22,1.6,4.1,freelance
USER061,fiverr,2024-02-02,262.24,6.8,4.5,freelance
USER061,fiverr,2024-02-03,540.77,9.3,5.0,freelance
USER061,fiverr,2024-02-04,251.97,7.3,4.7,freelance
USER061,fiverr,2024-02-06,183.36,3.9,4.4,freelance
USER061,fiverr,2024-02-11,137.08,4.1,4.6,freelance
USER061,fiverr,2024-02-14,307.01,4.5,4.5,freelance
USER061,fiverr,2024-02-16,113.6,3.0,4.7,freelance
USER061,fiverr,2024-02-17,81.39,3.5,4.6,freelance
USER061,fiverr,2024-02-19,604.88,7.7,4.5,freelance
USER061,fiverr,2024-02-24,121.25,6.6,4.3,freelance
USER061,fiverr,2024-02-25,86.1,1.2,4.8,freelance
USER061,fiverr,2024-02-27,87.56,3.6,4.7,freelance
USER061,fiverr,2024-02-28,211.3,3.6,4.0,freelance
USER061,fiverr,2024-03-02,247.44,5.5,4.6,freelance
USER061,fiverr,2024-03-03,120.99,3.2,4.3,freelance
USER061,fiverr,2024-03-04,615.7,7.9,4.3,freelance
USER061,fiverr,2024-03-07,288.1,4.3,4.5,freelance
USER061,fiverr,2024-03-08,266.65,3.3,4.8,freelance
USER061,fiverr,2024-03-09,149.46,2.4,4.2,freelance
USER061,fiverr,2024-03-10,376.96,6.0,4.5,freelance
USER061,fiverr,2024-03-11,101.34,1.7,4.3,freelance
USER061,fiverr,2024-03-12,172.63,5.3,4.9,freelance
USER061,fiverr,2024-03-14,606.88,9.9,4.2,freelance
USER061,fiverr,2024-03-16,368.99,8.9,4.6,freelance
USER061,fiverr,2024-03-17,71.72,3.0,4.3,freelance
USER061,fiverr,2024-03-18,66.09,3.4,4.6,freelance
USER061,fiverr,2024-03-19,65.19,2.3,4.3,freelance
USER061,fiverr,2024-03-21,271.61,4.1,4.2,freelance
USER061,fiverr,2024-03-24,78.01,2.4,4.1,freelance
USER061,fiverr,2024-03-25,104.96,2.5,4.5,freelance
USER061,fiverr,2024-03-26,127.69,3.2,4.4,freelance
USER061,fiverr,2024-03-27,280.6,5.7,4.1,freelance
USER061,fiverr,2024-03-28,185.31,4.1,4.8,freelance
USER062,instacart,2024-01-01,23.94,1.5,4.9,delivery
USER062,instacart,2024-01-02,54.51,2.4,4.8,delivery
USER062,instacart,2024-01-03,52.92,3.6,4.5,delivery
USER062,instacart,2024-01-04,98.97,6.6,4.7,delivery
USER062,instacart,2024-01-08,62.96,4.9,4.2,delivery
USER062,instacart,2024-01-10,59.31,3.9,4.7,delivery
USER062,instacart,2024-01-11,124.22,6.5,4.9,delivery
USER062,instacart,2024-01-12,67.42,3.6,4.3,delivery
USER062,instacart,2024-01-14,91.49,7.7,4.3,delivery
USER062,instacart,2024-01-16,77.5,6.2,4.9,delivery
USER062,instacart,2024-01-17,80.91,5.0,4.2,delivery
USER062,instacart,2024-01-18,92.99,6.3,4.2,delivery
USER062,instacart,2024-01-21,127.04,7.9,4.7,delivery
USER062,instacart,2024-01-22,17.44,1.2,4.4,delivery
USER062,instacart,2024-01-23,69.38,6.6,4.4,delivery
USER062,instacart,2024-01-25,114.34,6.2,4.8,delivery
USER062,instacart,2024-01-26,115.95,7.5,4.4,delivery
USER062,instacart,2024-01-27,110.12,6.1,4.1,delivery
USER062,instacart,2024-01-30,28.35,2.2,4.4,delivery
USER062,instacart,2024-01-31,29.94,2.2,4.0,delivery
USER062,instacart,2024-02-01,142.03,7.7,4.2,delivery
USER062,instacart,2024-02-02,40.71,3.6,4.3,delivery
USER062,instacart,2024-02-04,113.86,5.1,4.7,delivery
USER062,instacart,2024-02-06,122.95,7.7,4.7,delivery
USER062,instacart,2024-02-08,83.13,5.1,4.8,delivery
USER062,instacart,2024-02-10,36.87,2.8,4.2,delivery
USER062,instacart,2024-02-11,17.5,1.5,4.3,delivery
USER062,instacart,2024-02-12,134.01,7.0,4.5,delivery
USER062,instacart,2024-02-13,113.29,7.2,4.5,delivery
USER062,instacart,2024-02-14,102.22,5.8,4.1,delivery
USER062,instacart,2024-02-16,127.41,6.2,4.8,delivery
USER062,instacart,2024-02-17,67.68,5.5,4.0,delivery
USER062,instacart,2024-02-18,21.43,1.2,4.3,delivery
USER062,instacart,2024-02-19,107.33,6.0,4.5,delivery
USER062,instacart,2024-02-20,21.99,1.3,4.4,delivery
USER062,instacart,2024-02-21,92.68,6.2,4.1,delivery
USER062,instacart,2024-02-23,61.19,3.5,4.2,delivery
USER062,instacart,2024-02-24,112.24,6.0,4.7,delivery
USER062,instacart,2024-02-25,61.55,4.9,4.7,delivery
USER062,instacart,2024-02-26,160.18,7.7,4.4,delivery
USER062,instacart,2024-02-28,60.5,3.4,4.1,delivery
USER062,instacart,2024-02-29,89.3,5.7,4.4,delivery
USER062,instacart,2024-03-01,42.35,3.1,4.2,delivery
USER062,instacart,2024-03-03,71.83,5.5,4.9,delivery
USER062,instacart,2024-03-04,37.08,1.8,4.2,delivery
USER062,instacart,2024-03-05,30.25,2.3,4.9,delivery
USER062,instacart,2024-03-07,65.05,5.2,4.1,delivery
USER062,instacart,2024-03-10,132.4,6.9,4.6,delivery
USER062,instacart,2024-03-13,79.05,4.7,4.8,delivery
USER062,instacart,2024-03-17,37.18,2.6,4.5,delivery
USER062,instacart,2024-03-18,75.6,3.7,5.0,delivery
USER062,instacart,2024-03-19,60.75,4.9,4.3,delivery
USER062,instacart,2024-03-20,34.56,1.9,4.6,delivery
USER062,instacart,2024-03-22,32.54,2.4,4.6,delivery
USER062,instacart,2024-03-23,62.86,4.0,4.7,delivery
USER062,instacart,2024-03-24,81.78,5.7,4.4,delivery
USER062,instacart,2024-03-25,29.92,2.3,4.3,delivery
USER062,instacart,2024-03-26,58.36,3.5,4.4,delivery
USER062,instacart,2024-03-28,44.09,3.2,4.8,delivery
USER063,uber,2024-01-01,60.59,4.2,4.8,rideshare
USER063,uber,2024-01-02,247.4,10.6,4.2,rideshare
USER063,uber,2024-01-04,249.36,9.9,4.1,rideshare
USER063,uber,2024-01-05,91.26,3.5,4.8,rideshare
USER063,uber,2024-01-06,155.45,6.3,4.7,rideshare
USER063,uber,2024-01-07,282.01,11.8,4.7,rideshare
USER063,uber,2024-01-08,153.9,8.5,4.1,rideshare
USER063,uber,2024-01-09,86.6,3.6,4.5,rideshare
USER063,uber,2024-01-11,198.08,8.4,4.4,rideshare
USER063,uber,2024-01-12,179.87,8.2,4.5,rideshare
USER063,uber,2024-01-14,129.84,5.3,4.3,rideshare
USER063,uber,2024-01-15,140.38,6.9,4.2,rideshare
USER063,uber,2024-01-17,256.47,10.3,4.2,rideshare
USER063,uber,2024-01-19,166.28,8.6,4.3,rideshare
USER063,uber,2024-01-20,163.51,6.5,4.4,rideshare
USER063,uber,2024-01-22,211.2,10.1,4.7,rideshare
USER063,uber,2024-01-23,102.74,6.5,4.8,rideshare
USER063,uber,2024-01-24,121.38,6.0,4.8,rideshare
USER063,uber,2024-01-28,181.22,9.2,4.2,rideshare
USER063,uber,2024-01-29,36.95,2.0,4.3,rideshare
USER063,uber,2024-01-30,124.32,7.0,4.1,rideshare
USER063,uber,2024-01-31,163.55,10.6,4.8,rideshare
USER063,uber,2024-02-01,75.15,3.7,4.9,rideshare
USER063,uber,2024-02-03,99.03,5.3,4.9,rideshare
USER063,uber,2024-02-05,71.95,3.3,4.9,rideshare
USER063,uber,2024-02-06,171.77,8.7,4.3,rideshare
USER063,uber,2024-02-08,317.21,11.9,4.1,rideshare
USER063,uber,2024-02-11,128.94,8.3,4.7,rideshare
USER063,uber,2024-02-13,271.52,10.5,4.6,rideshare
USER063,uber,2024-02-16,72.31,4.1,5.0,rideshare
USER063,uber,2024-02-18,168.68,7.9,4.8,rideshare
USER063,uber,2024-02-20,62.2,3.5,4.4,rideshare
USER063,uber,2024-02-21,191.08,8.7,4.7,rideshare
USER063,uber,2024-02-22,149.62,11.4,4.7,rideshare
USER063,uber,2024-02-23,105.2,4.2,4.2,rideshare
USER063,uber,2024-02-25,38.59,2.1,4.6,rideshare
USER063,uber,2024-02-26,227.64,11.8,4.9,rideshare
USER063,uber,2024-02-27,86.65,5.0,4.2,rideshare
USER063,uber,2024-02-29,109.97,6.6,4.6,rideshare
USER063,uber,2024-03-01,200.67,10.6,4.3,rideshare
USER063,uber,2024-03-03,119.98,6.8,4.4,rideshare
USER063,uber,2024-03-04,52.2,2.8,4.6,rideshare
USER063,uber,2024-03-05,145.19,5.4,4.9,rideshare
USER063,uber,2024-03-07,185.84,9.2,4.4,rideshare
USER063,uber,2024-03-09,158.98,10.5,5.0,rideshare
USER063,uber,2024-03-10,89.26,3.8,4.4,rideshare
USER063,uber,2024-03-11,281.14,9.8,4.7,rideshare
USER063,uber,2024-03-12,116.22,5.1,4.8,rideshare
USER063,uber,2024-03-13,186.02,8.1,4.7,rideshare
USER063,uber,2024-03-14,100.7,7.8,4.9,rideshare
USER063,uber,2024-03-15,112.09,7.1,4.4,rideshare
USER063,uber,2024-03-20,199.53,9.5,4.6,rideshare
USER063,uber,2024-03-22,75.12,4.1,4.3,rideshare
USER063,uber,2024-03-23,123.96,7.2,4.2,rideshare
USER063,uber,2024-03-24,206.53,11.3,4.3,rideshare
USER063,uber,2024-03-26,76.73,3.0,4.6,rideshare
USER063,uber,2024-03-27,206.73,8.0,4.0,rideshare
USER063,uber,2024-03-28,117.94,4.8,4.3,rideshare
USER063,uber,2024-03-29,176.61,10.2,4.7,rideshare
USER063,lyft,2024-01-01,200.63,9.1,5.0,rideshare
USER063,lyft,2024-01-02,220.02,11.9,4.2,rideshare
USER063,lyft,2024-01-04,180.24,12.0,4.2,rideshare
USER063,lyft,2024-01-06,185.0,7.6,4.5,rideshare
USER063,lyft,2024-01-07,103.81,4.9,4.2,rideshare
USER063,lyft,2024-01-08,105.58,6.1,4.8,rideshare
USER063,lyft,2024-01-14,86.35,4.4,4.0,rideshare
USER063,lyft,2024-01-15,188.52,7.6,4.1,rideshare
USER063,lyft,2024-01-16,64.94,2.8,4.4,rideshare
USER063,lyft,2024-01-17,138.46,6.1,4.1,rideshare
USER063,lyft,2024-01-18,252.33,10.7,4.6,rideshare
USER063,lyft,2024-01-19,76.64,4.3,4.5,rideshare
USER063,lyft,2024-01-21,102.07,4.7,4.6,rideshare
USER063,lyft,2024-01-23,76.97,4.1,4.4,rideshare
USER063,lyft,2024-01-24,149.85,10.7,4.8,rideshare
USER063,lyft,2024-01-25,131.49,5.8,4.9,rideshare
USER063,lyft,2024-01-26,132.71,4.8,4.5,rideshare
USER063,lyft,2024-01-27,153.95,8.9,4.2,rideshare
USER063,lyft,2024-01-28,99.33,6.4,4.8,rideshare
USER063,lyft,2024-01-31,148.78,10.6,4.4,rideshare
USER063,lyft,2024-02-06,203.59,11.3,4.3,rideshare
USER063,lyft,2024-02-07,240.39,9.9,4.3,rideshare
USER063,lyft,2024-02-08,180.05,9.4,4.0,rideshare
USER063,lyft,2024-02-09,233.97,9.5,4.5,rideshare
USER063,lyft,2024-02-11,67.88,4.1,4.6,rideshare
USER063,lyft,2024-02-12,52.44,2.6,4.3,rideshare
USER063,lyft,2024-02-14,132.77,5.0,4.3,rideshare
USER063,lyft,2024-02-15,71.93,4.1,4.2,rideshare
USER063,lyft,2024-02-16,126.07,5.6,4.3,rideshare
USER063,lyft,2024-02-17,192.82,10.6,4.7,rideshare
USER063,lyft,2024-02-21,44.61,2.1,4.8,rideshare
USER063,lyft,2024-02-26,178.5,8.7,4.4,rideshare
USER063,lyft,2024-02-27,181.93,7.1,4.6,rideshare
USER063,lyft,2024-02-28,165.96,6.8,4.2,rideshare
USER063,lyft,2024-03-01,82.39,4.1,4.7,rideshare
USER063,lyft,2024-03-02,152.31,6.4,4.2,rideshare
USER063,lyft,2024-03-03,258.1,10.7,4.8,rideshare
USER063,lyft,2024-03-04,214.1,11.5,4.8,rideshare
USER063,lyft,2024-03-08,53.25,2.0,5.0,rideshare
USER063,lyft,2024-03-09,147.31,8.9,4.7,rideshare
USER063,lyft,2024-03-11,100.17,4.8,4.6,rideshare
USER063,lyft,2024-03-12,304.24,10.9,4.1,rideshare
USER063,lyft,2024-03-14,84.64,6.0,4.9,rideshare
USER063,lyft,2024-03-15,103.66,6.7,4.3,rideshare
USER063,lyft,2024-03-17,200.95,10.1,4.4,rideshare
USER063,lyft,2024-03-18,197.8,9.9,4.4,rideshare
USER063,lyft,2024-03-19,185.49,9.8,4.1,rideshare
USER063,lyft,2024-03-20,144.93,6.1,4.4,rideshare
USER063,lyft,2024-03-22,52.06,2.5,4.8,rideshare
USER063,lyft,2024-03-24,53.13,3.7,4.4,rideshare
USER063,lyft,2024-03-25,184.37,8.4,4.9,rideshare
USER063,lyft,2024-03-27,51.21,4.0,4.6,rideshare
USER063,lyft,2024-03-28,54.92,3.6,4.9,rideshare
USER063,lyft,2024-03-29,187.27,11.4,4.4,rideshare
USER063,upwork,2024-01-01,588.9,8.0,4.3,freelance
USER063,upwork,2024-01-02,188.15,8.3,4.9,freelance
USER063,upwork,2024-01-06,205.17,7.4,4.4,freelance
USER063,upwork,2024-01-07,122.17,2.6,4.1,freelance
USER063,upwork,2024-01-08,241.51,3.8,4.0,freelance
USER063,upwork,2024-01-10,618.03,8.7,4.2,freelance
USER063,upwork,2024-01-11,220.89,8.5,4.5,freelance
USER063,upwork,2024-01-12,131.41,4.4,4.4,freelance
USER063,upwork,2024-01-13,105.3,1.5,4.9,freelance
USER063,upwork,2024-01-14,364.9,6.7,4.6,freelance
USER063,upwork,2024-01-15,286.29,6.7,4.8,freelance
USER063,upwork,2024-01-16,574.85,9.1,5.0,freelance
USER063,upwork,2024-01-17,311.54,5.9,5.0,freelance
USER063,upwork,2024-01-19,621.92,9.2,4.1,freelance
USER063,upwork,2024-01-20,128.2,2.4,4.5,freelance
USER063,upwork,2024-01-21,134.13,3.3,4.5,freelance
USER063,upwork,2024-01-24,122.47,2.5,4.0,freelance
USER063,upwork,2024-01-25,622.9,9.9,4.7,freelance
USER063,upwork,2024-01-27,134.54,5.9,4.2,freelance
USER063,upwork,2024-01-28,194.08,7.9,4.6,freelance
USER063,upwork,2024-01-29,254.4,8.3,4.9,freelance
USER063,upwork,2024-02-01,136.64,2.6,4.8,freelance
USER063,upwork,2024-02-02,337.56,5.9,4.7,freelance
USER063,upwork,2024-02-03,519.45,10.0,4.1,freelance
USER063,upwork,2024-02-04,53.44,1.0,4.2,freelance
USER063,upwork,2024-02-06,744.43,8.7,4.5,freelance
USER063,upwork,2024-02-07,256.85,3.5,4.1,freelance
USER063,upwork,2024-02-09,209.12,8.4,4.2,freelance
USER063,upwork,2024-02-10,365.44,5.4,4.8,freelance
USER063,upwork,2024-02-12,299.47,9.6,4.8,freelance
USER063,upwork,2024-02-16,217.04,4.2,4.6,freelance
USER063,upwork,2024-02-17,403.08,6.1,4.5,freelance
USER063,upwork,2024-02-18,476.73,5.7,4.8,freelance
USER063,upwork,2024-02-19,122.19,3.2,4.6,freelance
USER063,upwork,2024-02-20,225.9,4.0,4.8,freelance
USER063,upwork,2024-02-22,100.38,2.0,4.8,freelance
USER063,upwork,2024-02-23,79.49,2.9,4.1,freelance
USER063,upwork,2024-02-25,210.37,5.2,4.6,freelance
USER063,upwork,2024-02-27,173.81,3.3,4.0,freelance
USER063,upwork,2024-02-29,500.38,9.0,4.9,freelance
USER063,upwork,2024-03-01,411.94,9.4,4.5,freelance
USER063,upwork,2024-03-03,411.55,9.5,4.2,freelance
USER063,upwork,2024-03-04,98.25,3.6,4.5,freelance
USER063,upwork,2024-03-05,31.86,2.0,4.4,freelance
USER063,upwork,2024-03-06,135.63,2.4,4.1,freelance
USER063,upwork,2024-03-07,407.28,6.6,4.2,freelance
USER063,upwork,2024-03-08,165.43,4.6,4.6,freelance
USER063,upwork,2024-03-10,118.87,2.2,4.4,freelance
USER063,upwork,2024-03-11,83.47,1.5,4.1,freelance
USER063,upwork,2024-03-12,72.54,1.6,4.3,freelance
USER063,upwork,2024-03-14,250.66,5.4,4.2,freelance
USER063,upwork,2024-03-17,74.07,1.1,4.8,freelance
USER063,upwork,2024-03-18,134.14,2.2,4.8,freelance
USER063,upwork,2024-03-19,509.69,9.8,4.6,freelance
USER063,upwork,2024-03-20,162.85,3.1,4.0,freelance
USER063,upwork,2024-03-21,416.39,6.4,4.3,freelance
USER063,upwork,2024-03-23,369.38,7.0,4.9,freelance
USER063,upwork,2024-03-24,512.9,9.6,5.0,freelance
USER063,upwork,2024-03-25,103.02,3.8,4.4,freelance
USER063,upwork,2024-03-27,226.76,3.1,4.8,freelance
USER063,upwork,2024-03-28,186.08,7.2,4.5,freelance
USER063,upwork,2024-03-30,470.89,7.6,4.1,freelance
USER064,uber,2024-01-02,158.36,6.3,4.9,rideshare
USER064,uber,2024-01-03,293.87,11.1,4.9,rideshare
USER064,uber,2024-01-04,147.72,6.6,4.1,rideshare
USER064,uber,2024-01-07,82.04,5.2,4.2,rideshare
USER064,uber,2024-01-08,65.31,3.2,4.9,rideshare
USER064,uber,2024-01-09,184.07,9.1,4.9,rideshare
USER064,uber,2024-01-11,210.56,8.9,4.1,rideshare
USER064,uber,2024-01-14,187.3,10.5,4.6,rideshare
USER064,uber,2024-01-16,90.66,3.6,4.7,rideshare
USER064,uber,2024-01-17,54.37,2.3,4.1,rideshare
USER064,uber,2024-01-20,102.75,5.7,4.2,rideshare
USER064,uber,2024-01-22,102.41,6.2,4.3,rideshare
USER064,uber,2024-01-23,61.85,2.2,4.4,rideshare
USER064,uber,2024-01-25,192.55,11.2,4.7,rideshare
USER064,uber,2024-01-26,118.64,9.3,4.4,rideshare
USER064,uber,2024-01-27,192.45,9.7,4.1,rideshare
USER064,uber,2024-01-28,65.72,2.4,4.6,rideshare
USER064,uber,2024-01-29,156.49,9.4,4.6,rideshare
USER064,uber,2024-01-31,94.86,3.5,4.7,rideshare
USER064,uber,2024-02-01,161.65,6.9,4.6,rideshare
USER064,uber,2024-02-03,200.89,8.4,4.7,rideshare
USER064,uber,2024-02-05,110.37,5.2,4.7,rideshare
USER064,uber,2024-02-06,162.67,6.6,5.0,rideshare
USER064,uber,2024-02-10,43.99,2.6,4.2,rideshare
USER064,uber,2024-02-11,132.21,5.5,4.1,rideshare
USER064,uber,2024-02-12,155.68,6.6,4.2,rideshare
USER064,uber,2024-02-13,63.72,3.1,4.2,rideshare
USER064,uber,2024-02-14,165.08,11.2,5.0,rideshare
USER064,uber,2024-02-15,60.4,4.0,4.7,rideshare
USER064,uber,2024-02-17,128.74,9.8,4.1,rideshare
USER064,uber,2024-02-18,254.2,11.9,4.5,rideshare
USER064,uber,2024-02-19,159.36,11.6,4.9,rideshare
USER064,uber,2024-02-21,85.4,3.6,4.9,rideshare
USER064,uber,2024-02-23,71.63,3.0,4.4,rideshare
USER064,uber,2024-02-24,103.26,3.7,4.0,rideshare
USER064,uber,2024-02-26,174.42,6.0,4.2,rideshare
USER064,uber,2024-02-27,218.5,12.0,4.5,rideshare
USER064,uber,2024-02-28,84.24,4.8,5.0,rideshare
USER064,uber,2024-02-29,53.55,2.4,4.6,rideshare
USER064,uber,2024-03-01,140.09,5.2,4.4,rideshare
USER064,uber,2024-03-03,85.62,4.4,4.6,rideshare
USER064,uber,2024-03-05,92.99,3.5,4.1,rideshare
USER064,uber,2024-03-07,109.18,6.1,4.7,rideshare
USER064,uber,2024-03-08,73.06,3.8,5.0,rideshare
USER064,uber,2024-03-09,253.5,11.8,4.3,rideshare
USER064,uber,2024-03-12,53.92,2.7,4.0,rideshare
USER064,uber,2024-03-13,185.79,11.8,5.0,rideshare
USER064,uber,2024-03-14,79.33,4.2,4.4,rideshare
USER064,uber,2024-03-15,198.29,8.5,4.4,rideshare
USER064,uber,2024-03-17,50.17,3.2,5.0,rideshare
USER064,uber,2024-03-18,123.08,7.0,5.0,rideshare
USER064,uber,2024-03-20,174.37,7.3,4.3,rideshare
USER064,uber,2024-03-21,132.13,5.4,4.6,rideshare
USER064,uber,2024-03-24,226.42,11.3,4.4,rideshare
USER064,uber,2024-03-25,79.01,5.1,4.4,rideshare
USER064,uber,2024-03-26,47.54,2.6,4.8,rideshare
USER064,uber,2024-03-29,69.87,2.8,4.5,rideshare
USER064,uber,2024-03-30,98.95,4.2,4.2,rideshare
USER064,doordash,2024-01-02,117.65,6.7,4.6,delivery
USER064,doordash,2024-01-05,36.69,1.8,4.4,delivery
USER064,doordash,2024-01-06,47.98,3.6,4.9,delivery
USER064,doordash,2024-01-08,25.88,2.1,4.8,delivery
USER064,doordash,2024-01-12,34.64,1.7,4.1,delivery
USER064,doordash,2024-01-13,63.86,5.1,4.6,delivery
USER064,doordash,2024-01-14,88.4,6.9,5.0,delivery
USER064,doordash,2024-01-15,93.77,6.5,4.7,delivery
USER064,doordash,2024-01-22,107.05,7.5,4.7,delivery
USER064,doordash,2024-01-23,62.78,4.6,4.6,delivery
USER064,doordash,2024-01-24,139.03,7.4,4.5,delivery
USER064,doordash,2024-01-25,45.8,3.0,4.3,delivery
USER064,doordash,2024-01-26,36.38,1.8,4.0,delivery
USER064,doordash,2024-01-27,59.08,2.5,4.5,delivery
USER064,doordash,2024-01-29,99.61,5.1,5.0,delivery
USER064,doordash,2024-02-01,84.82,5.0,4.9,delivery
USER064,doordash,2024-02-03,160.64,7.2,5.0,delivery
USER064,doordash,2024-02-06,83.6,5.9,4.3,delivery
USER064,doordash,2024-02-07,71.47,6.4,4.8,delivery
USER064,doordash,2024-02-08,89.81,4.9,4.6,delivery
USER064,doordash,2024-02-10,22.28,2.2,4.6,delivery
USER064,doordash,2024-02-11,75.65,6.1,4.4,delivery
USER064,doordash,2024-02-12,90.72,4.5,4.1,delivery
USER064,doordash,2024-02-13,120.46,7.0,4.6,delivery
USER064,doordash,2024-02-14,67.31,5.0,4.1,delivery
USER064,doordash,2024-02-15,87.89,5.7,4.6,delivery
USER064,doordash,2024-02-16,59.7,4.7,4.7,delivery
USER064,doordash,2024-02-19,138.83,6.4,4.0,delivery
USER064,doordash,2024-02-24,51.67,2.8,4.4,delivery
USER064,doordash,2024-02-27,131.75,7.5,4.3,delivery
USER064,doordash,2024-02-28,86.61,6.2,4.9,delivery
USER064,doordash,2024-02-29,81.79,7.2,4.2,delivery
USER064,doordash,2024-03-01,46.87,3.0,4.6,delivery
USER064,doordash,2024-03-02,71.73,4.8,4.6,delivery
USER064,doordash,2024-03-03,63.76,3.6,4.2,delivery
USER064,doordash,2024-03-05,137.98,7.7,4.2,delivery
USER064,doordash,2024-03-06,22.42,1.6,4.3,delivery
USER064,doordash,2024-03-08,91.16,6.2,5.0,delivery
USER064,doordash,2024-03-11,121.42,6.2,4.2,delivery
USER064,doordash,2024-03-15,25.55,1.6,4.1,delivery
USER064,doordash,2024-03-17,68.14,3.5,4.1,delivery
USER064,doordash,2024-03-18,53.29,3.0,4.8,delivery
USER064,doordash,2024-03-20,125.16,6.9,4.2,delivery
USER064,doordash,2024-03-21,37.01,2.3,4.7,delivery
USER064,doordash,2024-03-23,68.15,4.0,4.6,delivery
USER064,doordash,2024-03-24,99.85,5.5,4.3,delivery
USER064,doordash,2024-03-25,115.96,6.3,4.1,delivery
USER064,doordash,2024-03-27,28.26,2.6,4.7,delivery
USER064,doordash,2024-03-29,19.72,1.6,4.5,delivery
USER064,doordash,2024-03-30,51.58,3.4,4.9,delivery
USER064,taskrabbit,2024-01-02,37.15,2.1,4.6,services
USER064,taskrabbit,2024-01-03,109.15,5.4,4.5,services
USER064,taskrabbit,2024-01-04,77.44,2.8,4.0,services
USER064,taskrabbit,2024-01-07,53.45,1.9,4.9,services
USER064,taskrabbit,2024-01-08,32.27,1.2,4.2,services
USER064,taskrabbit,2024-01-09,148.12,4.6,4.5,services
USER064,taskrabbit,2024-01-10,94.03,5.1,4.7,services
USER064,taskrabbit,2024-01-12,158.67,4.1,4.8,services
USER064,taskrabbit,2024-01-13,134.19,5.0,4.8,services
USER064,taskrabbit,2024-01-14,120.34,4.5,4.2,services
USER064,taskrabbit,2024-01-15,62.92,2.2,4.1,services
USER064,taskrabbit,2024-01-18,64.02,3.1,4.6,services
USER064,taskrabbit,2024-01-19,106.08,4.7,4.5,services
USER064,taskrabbit,2024-01-21,149.68,3.8,4.2,services
USER064,taskrabbit,2024-01-22,207.14,5.4,4.3,services
USER064,taskrabbit,2024-01-25,62.44,1.7,4.1,services
USER064,taskrabbit,2024-01-26,67.66,1.9,4.3,services
USER064,taskrabbit,2024-01-28,46.88,2.1,4.4,services
USER064,taskrabbit,2024-01-29,122.99,5.6,4.9,services
USER064,taskrabbit,2024-01-30,124.08,3.8,4.5,services
USER064,taskrabbit,2024-01-31,69.39,3.4,4.2,services
USER064,taskrabbit,2024-02-02,73.1,4.6,4.8,services
USER064,taskrabbit,2024-02-03,75.82,3.5,4.4,services
USER064,taskrabbit,2024-02-04,30.01,1.4,4.6,services
USER064,taskrabbit,2024-02-05,174.87,4.8,4.6,services
USER064,taskrabbit,2024-02-06,94.27,4.5,4.8,services
USER064,taskrabbit,2024-02-08,117.83,4.2,4.7,services
USER064,taskrabbit,2024-02-10,106.76,3.4,4.6,services
USER064,taskrabbit,2024-02-13,72.19,2.7,4.6,services
USER064,taskrabbit,2024-02-15,94.77,6.0,4.1,services
USER064,taskrabbit,2024-02-16,42.89,1.3,4.9,services
USER064,taskrabbit,2024-02-17,60.01,2.2,4.4,services
USER064,taskrabbit,2024-02-18,85.63,3.4,4.3,services
USER064,taskrabbit,2024-02-21,98.18,2.7,4.3,services
USER064,taskrabbit,2024-02-22,50.73,2.5,4.4,services
USER064,taskrabbit,2024-02-23,83.18,5.6,4.9,services
USER064,taskrabbit,2024-02-26,47.68,1.4,4.6,services
USER064,taskrabbit,2024-02-27,185.08,6.0,4.7,services
USER064,taskrabbit,2024-02-28,145.37,5.2,4.2,services
USER064,taskrabbit,2024-03-02,104.21,5.7,4.2,services
USER064,taskrabbit,2024-03-03,148.95,5.0,4.7,services
USER064,taskrabbit,2024-03-04,55.69,2.0,4.8,services
USER064,taskrabbit,2024-03-05,152.01,5.4,4.4,services
USER064,taskrabbit,2024-03-07,98.96,4.6,4.6,services
USER064,taskrabbit,2024-03-08,66.82,3.5,4.2,services
USER064,taskrabbit,2024-03-09,150.17,5.2,4.7,services
USER064,taskrabbit,2024-03-12,44.45,1.4,4.6,services
USER064,taskrabbit,2024-03-16,105.86,3.0,4.9,services
USER064,taskrabbit,2024-03-17,70.23,2.3,4.8,services
USER064,taskrabbit,2024-03-18,71.81,4.0,4.9,services
USER064,taskrabbit,2024-03-19,43.82,1.3,4.4,services
USER064,taskrabbit,2024-03-21,80.87,2.8,4.3,services
USER064,taskrabbit,2024-03-22,144.06,4.7,4.7,services
USER064,taskrabbit,2024-03-26,86.91,4.7,4.9,services
USER064,taskrabbit,2024-03-30,112.44,4.4,4.4,services
USER065,taskrabbit,2024-01-04,101.24,3.7,4.5,services
USER065,taskrabbit,2024-01-05,89.42,3.6,4.8,services
USER065,taskrabbit,2024-01-06,181.34,4.5,4.4,services
USER065,taskrabbit,2024-01-09,64.79,1.9,4.5,services
USER065,taskrabbit,2024-01-10,50.07,2.2,4.8,services
USER065,taskrabbit,2024-01-11,62.86,3.5,4.8,services
USER065,taskrabbit,2024-01-12,51.25,2.2,4.8,services
USER065,taskrabbit,2024-01-13,88.59,3.4,4.7,services
USER065,taskrabbit,2024-01-15,82.07,4.1,4.7,services
USER065,taskrabbit,2024-01-16,34.75,1.4,5.0,services
USER065,taskrabbit,2024-01-17,43.51,1.8,4.4,services
USER065,taskrabbit,2024-01-20,35.54,1.1,4.4,services
USER065,taskrabbit,2024-01-21,144.63,4.8,4.9,services
USER065,taskrabbit,2024-01-22,158.82,5.0,4.1,services
USER065,taskrabbit,2024-01-24,88.0,2.9,4.4,services
USER065,taskrabbit,2024-01-27,110.72,3.1,4.9,services
USER065,taskrabbit,2024-01-28,101.69,4.4,4.5,services
USER065,taskrabbit,2024-01-29,32.66,1.5,5.0,services
USER065,taskrabbit,2024-02-02,153.58,5.7,4.4,services
USER065,taskrabbit,2024-02-03,75.63,2.8,4.7,services
USER065,taskrabbit,2024-02-04,60.77,2.6,4.0,services
USER065,taskrabbit,2024-02-06,95.2,3.1,4.8,services
USER065,taskrabbit,2024-02-07,32.75,1.4,4.5,services
USER065,taskrabbit,2024-02-09,47.43,2.0,4.6,services
USER065,taskrabbit,2024-02-10,119.88,5.7,4.8,services
USER065,taskrabbit,2024-02-11,83.11,3.0,5.0,services
USER065,taskrabbit,2024-02-12,66.61,1.8,4.7,services
USER065,taskrabbit,2024-02-14,105.22,5.6,4.2,services
USER065,taskrabbit,2024-02-15,116.77,5.4,4.3,services
USER065,taskrabbit,2024-02-16,44.54,1.8,4.0,services
USER065,taskrabbit,2024-02-18,100.44,4.8,4.5,services
USER065,taskrabbit,2024-02-20,27.03,1.4,4.6,services
USER065,taskrabbit,2024-02-21,85.06,3.0,4.5,services
USER065,taskrabbit,2024-02-23,73.65,3.8,4.3,services
USER065,taskrabbit,2024-02-25,50.24,2.0,4.5,services
USER065,taskrabbit,2024-02-26,70.41,2.5,4.7,services
USER065,taskrabbit,2024-02-27,69.32,2.8,4.1,services
USER065,taskrabbit,2024-02-29,88.9,2.3,4.6,services
USER065,taskrabbit,2024-03-01,76.42,2.2,4.2,services
USER065,taskrabbit,2024-03-02,79.85,3.4,4.6,services
USER065,taskrabbit,2024-03-03,50.71,2.4,4.4,services
USER065,taskrabbit,2024-03-05,156.56,4.1,4.8,services
USER065,taskrabbit,2024-03-07,103.0,4.0,4.8,services
USER065,taskrabbit,2024-03-08,125.87,5.1,4.8,services
USER065,taskrabbit,2024-03-10,48.55,2.4,4.4,services
USER065,taskrabbit,2024-03-11,61.56,2.4,4.6,services
USER065,taskrabbit,2024-03-12,117.11,5.6,4.1,services
USER065,taskrabbit,2024-03-15,73.86,4.1,4.9,services
USER065,taskrabbit,2024-03-16,93.98,3.0,4.4,services
USER065,taskrabbit,2024-03-19,101.74,2.6,4.6,services
USER065,taskrabbit,2024-03-20,143.04,6.0,4.2,services
USER065,taskrabbit,2024-03-22,124.7,3.6,4.8,services
USER065,taskrabbit,2024-03-23,113.02,4.3,4.8,services
USER065,taskrabbit,2024-03-26,78.69,2.2,4.5,services
USER065,taskrabbit,2024-03-27,92.94,3.6,4.4,services
USER065,taskrabbit,2024-03-28,66.37,3.5,4.5,services
USER066,uber,2024-01-02,210.25,8.6,4.1,rideshare
USER066,uber,2024-01-03,292.23,10.9,5.0,rideshare
USER066,uber,2024-01-06,73.09,4.3,4.9,rideshare
USER066,uber,2024-01-07,110.81,7.2,4.4,rideshare
USER066,uber,2024-01-08,202.26,8.7,4.4,rideshare
USER066,uber,2024-01-09,105.18,5.2,4.8,rideshare
USER066,uber,2024-01-12,152.1,8.4,4.7,rideshare
USER066,uber,2024-01-13,188.75,7.5,5.0,rideshare
USER066,uber,2024-01-15,201.17,9.1,4.7,rideshare
USER066,uber,2024-01-17,126.88,5.4,4.1,rideshare
USER066,uber,2024-01-18,220.85,11.5,4.5,rideshare
USER066,uber,2024-01-20,50.47,3.9,4.6,rideshare
USER066,uber,2024-01-21,43.32,3.3,4.4,rideshare
USER066,uber,2024-01-22,52.15,2.3,4.5,rideshare
USER066,uber,2024-01-25,232.6,10.1,4.1,rideshare
USER066,uber,2024-01-28,105.78,6.7,4.0,rideshare
USER066,uber,2024-01-31,171.9,7.3,4.0,rideshare
USER066,uber,2024-02-01,182.54,7.0,4.4,rideshare
USER066,uber,2024-02-03,91.83,6.4,4.4,rideshare
USER066,uber,2024-02-04,214.89,11.3,4.4,rideshare
USER066,uber,2024-02-06,100.75,4.4,4.8,rideshare
USER066,uber,2024-02-07,131.55,5.2,4.6,rideshare
USER066,uber,2024-02-09,96.22,5.5,4.0,rideshare
USER066,uber,2024-02-10,233.92,9.5,4.7,rideshare
USER066,uber,2024-02-11,104.87,7.4,4.3,rideshare
USER066,uber,2024-02-12,107.38,6.8,4.4,rideshare
USER066,uber,2024-02-13,103.15,7.3,4.9,rideshare
USER066,uber,2024-02-14,113.57,5.7,4.7,rideshare
USER066,uber,2024-02-16,85.17,6.1,4.7,rideshare
USER066,uber,2024-02-17,64.3,3.1,4.4,rideshare
USER066,uber,2024-02-18,76.27,4.3,4.7,rideshare
USER066,uber,2024-02-19,43.11,2.5,4.8,rideshare
USER066,uber,2024-02-20,211.36,11.5,4.1,rideshare
USER066,uber,2024-02-22,196.27,7.7,4.9,rideshare
USER066,uber,2024-02-23,95.94,5.1,4.4,rideshare
USER066,uber,2024-02-24,271.82,11.0,4.9,rideshare
USER066,uber,2024-02-26,78.61,4.1,4.3,rideshare
USER066,uber,2024-02-27,103.86,5.6,4.9,rideshare
USER066,uber,2024-02-28,127.88,9.3,4.1,rideshare
USER066,uber,2024-03-01,74.78,3.8,4.6,rideshare
USER066,uber,2024-03-05,156.39,8.1,4.7,rideshare
USER066,uber,2024-03-06,205.44,11.1,4.0,rideshare
USER066,uber,2024-03-11,134.82,7.0,4.3,rideshare
USER066,uber,2024-03-12,138.14,5.8,4.1,rideshare
USER066,uber,2024-03-13,100.35,4.1,4.0,rideshare
USER066,uber,2024-03-14,318.9,10.9,5.0,rideshare
USER066,uber,2024-03-16,108.08,4.3,4.3,rideshare
USER066,uber,2024-03-19,50.6,3.0,4.3,rideshare
USER066,uber,2024-03-20,126.9,5.7,4.2,rideshare
USER066,uber,2024-03-21,60.43,3.3,4.5,rideshare
USER066,uber,2024-03-22,90.55,3.6,4.9,rideshare
USER066,uber,2024-03-23,195.32,9.5,4.3,rideshare
USER066,uber,2024-03-24,40.98,2.6,4.5,rideshare
USER066,uber,2024-03-26,171.18,8.5,4.3,rideshare
USER066,uber,2024-03-27,52.49,2.4,4.4,rideshare
USER066,uber,2024-03-29,221.7,9.7,4.9,rideshare
USER066,uber,2024-03-30,91.43,4.6,4.2,rideshare
USER067,instacart,2024-01-02,99.02,5.2,4.7,delivery
USER067,instacart,2024-01-03,59.22,2.8,4.8,delivery
USER067,instacart,2024-01-05,82.82,6.1,4.0,delivery
USER067,instacart,2024-01-06,51.35,4.0,4.2,delivery
USER067,instacart,2024-01-07,35.31,2.7,4.3,delivery
USER067,instacart,2024-01-08,137.69,6.7,4.0,delivery
USER067,instacart,2024-01-10,50.03,3.2,4.8,delivery
USER067,instacart,2024-01-11,63.18,4.0,4.4,delivery
USER067,instacart,2024-01-12,41.32,3.4,4.2,delivery
USER067,instacart,2024-01-14,21.67,1.6,4.9,delivery
USER067,instacart,2024-01-16,14.25,1.1,4.3,delivery
USER067,instacart,2024-01-17,59.76,3.5,4.5,delivery
USER067,instacart,2024-01-18,76.89,4.8,4.5,delivery
USER067,instacart,2024-01-19,153.0,7.5,4.4,delivery
USER067,instacart,2024-01-20,28.24,2.3,4.7,delivery
USER067,instacart,2024-01-21,87.99,4.4,4.7,delivery
USER067,instacart,2024-01-22,28.91,2.1,4.2,delivery
USER067,instacart,2024-01-23,112.29,7.4,4.3,delivery
USER067,instacart,2024-01-25,62.19,4.6,4.6,delivery
USER067,instacart,2024-01-26,123.99,7.8,4.5,delivery
USER067,instacart,2024-01-27,125.39,7.8,4.6,delivery
USER067,instacart,2024-01-28,46.29,3.9,4.9,delivery
USER067,instacart,2024-01-29,133.1,6.1,4.4,delivery
USER067,instacart,2024-01-30,115.05,7.7,4.7,delivery
USER067,instacart,2024-01-31,132.54,7.3,4.2,delivery
USER067,instacart,2024-02-01,59.34,3.8,4.7,delivery
USER067,instacart,2024-02-02,43.02,4.2,4.2,delivery
USER067,instacart,2024-02-03,69.96,5.8,4.2,delivery
USER067,instacart,2024-02-08,41.86,3.8,4.8,delivery
USER067,instacart,2024-02-09,84.12,4.8,4.9,delivery
USER067,instacart,2024-02-10,110.71,5.9,4.6,delivery
USER067,instacart,2024-02-11,21.87,1.8,4.9,delivery
USER067,instacart,2024-02-13,26.98,1.7,4.3,delivery
USER067,instacart,2024-02-14,77.88,6.6,4.4,delivery
USER067,instacart,2024-02-15,99.05,6.9,4.4,delivery
USER067,instacart,2024-02-16,112.0,7.7,5.0,delivery
USER067,instacart,2024-02-17,92.36,7.0,4.6,delivery
USER067,instacart,2024-02-18,126.42,7.7,4.8,delivery
USER067,instacart,2024-02-20,82.77,4.0,4.9,delivery
USER067,instacart,2024-02-22,30.4,1.9,4.3,delivery
USER067,instacart,2024-02-23,151.24,6.9,4.5,delivery
USER067,instacart,2024-02-25,104.92,7.2,4.6,delivery
USER067,instacart,2024-02-28,89.65,4.7,4.4,delivery
USER067,instacart,2024-03-01,106.47,6.3,4.8,delivery
USER067,instacart,2024-03-03,93.6,7.7,4.2,delivery
USER067,instacart,2024-03-04,28.51,1.6,4.2,delivery
USER067,instacart,2024-03-05,104.55,5.2,4.0,delivery
USER067,instacart,2024-03-06,110.78,6.2,4.4,delivery
USER067,instacart,2024-03-07,28.66,2.2,4.3,delivery
USER067,instacart,2024-03-08,132.11,7.2,4.5,delivery
USER067,instacart,2024-03-09,31.91,2.2,4.5,delivery
USER067,instacart,2024-03-10,124.7,7.6,4.8,delivery
USER067,instacart,2024-03-11,58.52,4.2,5.0,delivery
USER067,instacart,2024-03-12,40.42,3.1,4.7,delivery
USER067,instacart,2024-03-13,141.54,7.3,4.9,delivery
USER067,instacart,2024-03-14,74.72,4.5,4.3,delivery
USER067,instacart,2024-03-16,56.53,4.3,4.8,delivery
USER067,instacart,2024-03-17,110.49,6.3,4.4,delivery
USER067,instacart,2024-03-18,66.14,4.3,5.0,delivery
USER067,instacart,2024-03-21,94.51,4.8,4.4,delivery
USER067,instacart,2024-03-22,132.78,6.2,4.6,delivery
USER067,instacart,2024-03-23,47.58,4.1,4.6,delivery
USER067,instacart,2024-03-24,50.59,3.5,4.5,delivery
USER067,instacart,2024-03-25,26.7,1.8,4.7,delivery
USER067,instacart,2024-03-26,21.28,1.8,4.4,delivery
USER067,instacart,2024-03-27,47.51,2.4,4.2,delivery
USER067,instacart,2024-03-28,90.77,4.0,4.8,delivery
USER067,instacart,2024-03-29,51.24,2.4,4.7,delivery
USER067,instacart,2024-03-30,92.27,6.9,4.1,delivery
USER067,doordash,2024-01-01,51.93,4.8,4.1,delivery
USER067,doordash,2024-01-02,54.69,4.1,4.6,delivery
USER067,doordash,2024-01-03,49.75,2.8,4.1,delivery
USER067,doordash,2024-01-05,21.47,1.5,4.0,delivery
USER067,doordash,2024-01-08,106.87,6.6,4.4,delivery
USER067,doordash,2024-01-11,62.59,4.3,4.4,delivery
USER067,doordash,2024-01-12,91.17,7.6,4.2,delivery
USER067,doordash,2024-01-14,65.95,4.4,4.4,delivery
USER067,doordash,2024-01-15,34.63,2.2,5.0,delivery
USER067,doordash,2024-01-16,53.21,4.1,4.3,delivery
USER067,doordash,2024-01-17,62.04,4.5,4.1,delivery
USER067,doordash,2024-01-18,149.31,7.5,4.5,delivery
USER067,doordash,2024-01-21,62.94,3.2,4.9,delivery
USER067,doordash,2024-01-25,73.61,3.8,4.9,delivery
USER067,doordash,2024-01-26,75.3,3.2,4.1,delivery
USER067,doordash,2024-01-27,29.56,1.8,4.8,delivery
USER067,doordash,2024-01-28,45.23,3.1,4.2,delivery
USER067,doordash,2024-01-31,94.52,4.3,4.7,delivery
USER067,doordash,2024-02-01,18.51,1.0,4.6,delivery
USER067,doordash,2024-02-02,111.01,5.6,4.5,delivery
USER067,doordash,2024-02-04,26.68,1.9,4.1,delivery
USER067,doordash,2024-02-05,25.15,1.6,4.1,delivery
USER067,doordash,2024-02-07,21.35,1.9,4.2,delivery
USER067,doordash,2024-02-08,112.72,5.4,4.5,delivery
USER067,doordash,2024-02-09,46.58,3.2,4.4,delivery
USER067,doordash,2024-02-11,65.13,5.0,4.9,delivery
USER067,doordash,2024-02-14,40.68,3.8,4.9,delivery
USER067,doordash,2024-02-15,34.69,2.0,4.1,delivery
USER067,doordash,2024-02-17,47.31,2.2,4.7,delivery
USER067,doordash,2024-02-20,58.99,3.2,4.4,delivery
USER067,doordash,2024-02-21,76.41,6.3,4.2,delivery
USER067,doordash,2024-02-26,22.86,1.6,4.3,delivery
USER067,doordash,2024-02-27,128.27,7.6,4.3,delivery
USER067,doordash,2024-02-29,41.91,3.0,4.4,delivery
USER067,doordash,2024-03-01,81.29,4.5,4.3,delivery
USER067,doordash,2024-03-03,111.35,6.3,4.8,delivery
USER067,doordash,2024-03-04,45.21,3.3,4.1,delivery
USER067,doordash,2024-03-06,125.25,7.5,4.2,delivery
USER067,doordash,2024-03-13,88.99,5.2,4.6,delivery
USER067,doordash,2024-03-14,89.33,5.8,4.7,delivery
USER067,doordash,2024-03-15,93.29,6.4,4.0,delivery
USER067,doordash,2024-03-16,112.22,5.4,4.6,delivery
USER067,doordash,2024-03-17,45.51,2.7,4.2,delivery
USER067,doordash,2024-03-21,65.67,5.2,4.7,delivery
USER067,doordash,2024-03-22,96.39,6.9,4.2,delivery
USER067,doordash,2024-03-25,30.26,1.3,4.8,delivery
USER067,doordash,2024-03-26,75.91,7.4,4.3,delivery
USER067,doordash,2024-03-27,72.49,4.1,4.7,delivery
USER067,doordash,2024-03-28,60.65,3.3,4.9,delivery
USER067,doordash,2024-03-29,94.99,7.5,4.1,delivery
USER067,doordash,2024-03-30,66.75,3.7,4.4,delivery
USER068,doordash,2024-01-01,70.19,5.4,4.3,delivery
USER068,doordash,2024-01-02,130.77,6.0,4.6,delivery
USER068,doordash,2024-01-04,95.13,4.6,4.6,delivery
USER068,doordash,2024-01-05,106.26,6.1,4.4,delivery
USER068,doordash,2024-01-07,113.12,7.7,4.5,delivery
USER068,doordash,2024-01-08,103.33,7.1,4.8,delivery
USER068,doordash,2024-01-09,20.37,1.6,4.5,delivery
USER068,doordash,2024-01-10,79.42,5.8,4.5,delivery
USER068,doordash,2024-01-11,70.08,4.0,4.7,delivery
USER068,doordash,2024-01-14,88.25,6.5,4.7,delivery
USER068,doordash,2024-01-15,67.51,5.6,4.5,delivery
USER068,doordash,2024-01-16,38.13,1.7,4.7,delivery
USER068,doordash,2024-01-17,18.08,1.2,4.9,delivery
USER068,doordash,2024-01-18,56.32,4.6,4.7,delivery
USER068,doordash,2024-01-19,123.11,7.8,5.0,delivery
USER068,doordash,2024-01-20,114.84,6.6,4.9,delivery
USER068,doordash,2024-01-24,110.78,6.9,4.5,delivery
USER068,doordash,2024-01-28,34.95,2.3,4.6,delivery
USER068,doordash,2024-01-29,70.03,6.1,5.0,delivery
USER068,doordash,2024-01-31,24.68,1.6,4.1,delivery
USER068,doordash,2024-02-02,18.97,1.4,4.3,delivery
USER068,doordash,2024-02-03,27.24,1.3,4.4,delivery
USER068,doordash,2024-02-04,150.8,6.8,4.7,delivery
USER068,doordash,2024-02-06,69.86,6.1,4.9,delivery
USER068,doordash,2024-02-08,79.23,4.7,4.7,delivery
USER068,doordash,2024-02-10,118.68,6.3,4.2,delivery
USER068,doordash,2024-02-12,148.68,7.9,4.6,delivery
USER068,doordash,2024-02-13,61.09,4.4,4.2,delivery
USER068,doordash,2024-02-15,81.73,4.9,4.6,delivery
USER068,doordash,2024-02-16,99.8,6.7,4.1,delivery
USER068,doordash,2024-02-17,117.8,7.5,4.3,delivery
USER068,doordash,2024-02-19,123.22,6.6,4.2,delivery
USER068,doordash,2024-02-22,39.87,2.6,4.2,delivery
USER068,doordash,2024-02-23,31.16,2.8,4.2,delivery
USER068,doordash,2024-02-25,98.78,7.0,4.0,delivery
USER068,doordash,2024-02-26,51.32,3.5,4.5,delivery
USER068,doordash,2024-02-27,42.29,2.8,4.7,delivery
USER068,doordash,2024-02-29,39.32,2.3,4.2,delivery
USER068,doordash,2024-03-02,120.35,6.1,4.5,delivery
USER068,doordash,2024-03-03,33.25,2.2,4.5,delivery
USER068,doordash,2024-03-04,121.17,7.9,4.3,delivery
USER068,doordash,2024-03-05,127.17,7.6,4.0,delivery
USER068,doordash,2024-03-07,91.51,7.2,4.9,delivery
USER068,doordash,2024-03-09,32.37,1.6,5.0,delivery
USER068,doordash,2024-03-14,38.77,2.5,4.5,delivery
USER068,doordash,2024-03-17,57.68,4.4,5.0,delivery
USER068,doordash,2024-03-18,90.67,4.4,4.2,delivery
USER068,doordash,2024-03-19,107.83,5.1,4.9,delivery
USER068,doordash,2024-03-20,73.18,4.6,4.1,delivery
USER068,doordash,2024-03-21,46.31,2.9,4.3,delivery
USER068,doordash,2024-03-22,111.2,7.5,4.4,delivery
USER068,doordash,2024-03-24,156.64,7.6,4.6,delivery
USER068,doordash,2024-03-26,82.36,3.7,4.4,delivery
USER068,doordash,2024-03-28,170.19,7.9,4.7,delivery
USER068,doordash,2024-03-29,76.09,4.8,4.6,delivery
USER069,upwork,2024-01-02,469.78,7.8,4.8,freelance
USER069,upwork,2024-01-03,579.41,9.4,4.3,freelance
USER069,upwork,2024-01-04,682.53,10.0,4.7,freelance
USER069,upwork,2024-01-07,119.42,2.7,4.3,freelance
USER069,upwork,2024-01-15,245.34,3.5,4.2,freelance
USER069,upwork,2024-01-16,221.64,5.5,4.7,freelance
USER069,upwork,2024-01-18,149.57,1.6,4.9,freelance
USER069,upwork,2024-01-19,315.32,4.1,4.1,freelance
USER069,upwork,2024-01-21,89.27,3.3,5.0,freelance
USER069,upwork,2024-01-22,44.02,1.1,4.0,freelance
USER069,upwork,2024-01-23,142.86,7.4,4.4,freelance
USER069,upwork,2024-01-25,293.44,3.7,4.8,freelance
USER069,upwork,2024-01-26,58.41,1.2,4.6,freelance
USER069,upwork,2024-01-29,115.49,5.0,5.0,freelance
USER069,upwork,2024-01-30,434.74,6.4,4.1,freelance
USER069,upwork,2024-01-31,305.08,9.0,4.4,freelance
USER069,upwork,2024-02-01,97.93,1.5,4.4,freelance
USER069,upwork,2024-02-02,63.15,3.2,4.0,freelance
USER069,upwork,2024-02-05,79.55,1.6,4.3,freelance
USER069,upwork,2024-02-07,472.22,7.5,4.2,freelance
USER069,upwork,2024-02-14,209.46,6.3,4.1,freelance
USER069,upwork,2024-02-15,148.16,1.9,4.9,freelance
USER069,upwork,2024-02-16,217.82,3.5,4.6,freelance
USER069,upwork,2024-02-19,370.87,9.5,4.2,freelance
USER069,upwork,2024-02-21,185.72,8.2,4.4,freelance
USER069,upwork,2024-02-22,498.35,7.1,4.5,freelance
USER069,upwork,2024-02-25,393.32,7.7,4.6,freelance
USER069,upwork,2024-02-27,794.44,9.7,4.6,freelance
USER069,upwork,2024-02-28,418.05,6.2,4.3,freelance
USER069,upwork,2024-03-01,272.94,3.1,4.6,freelance
USER069,upwork,2024-03-03,527.91,8.2,4.0,freelance
USER069,upwork,2024-03-06,419.64,7.1,4.8,freelance
USER069,upwork,2024-03-08,173.63,5.8,4.3,freelance
USER069,upwork,2024-03-09,51.39,1.9,4.1,freelance
USER069,upwork,2024-03-10,256.24,5.0,4.8,freelance
USER069,upwork,2024-03-11,233.51,4.6,4.6,freelance
USER069,upwork,2024-03-12,439.14,9.0,4.8,freelance
USER069,upwork,2024-03-13,330.2,6.8,4.4,freelance
USER069,upwork,2024-03-15,96.39,1.1,4.4,freelance
USER069,upwork,2024-03-17,204.59,6.7,4.4,freelance
USER069,upwork,2024-03-23,77.36,3.7,4.4,freelance
USER069,upwork,2024-03-27,237.82,5.1,4.9,freelance
USER069,upwork,2024-03-28,856.59,10.0,4.7,freelance
USER069,upwork,2024-03-29,234.57,3.3,4.6,freelance
USER069,uber,2024-01-03,73.41,3.3,4.6,rideshare
USER069,uber,2024-01-04,125.71,4.7,4.3,rideshare
USER069,uber,2024-01-05,157.94,8.7,4.9,rideshare
USER069,uber,2024-01-08,246.24,8.9,4.0,rideshare
USER069,uber,2024-01-10,324.24,11.0,4.8,rideshare
USER069,uber,2024-01-12,164.57,6.7,4.7,rideshare
USER069,uber,2024-01-14,208.23,8.7,4.5,rideshare
USER069,uber,2024-01-16,297.14,10.4,4.7,rideshare
USER069,uber,2024-01-18,96.81,4.3,4.8,rideshare
USER069,uber,2024-01-19,87.38,3.9,4.7,rideshare
USER069,uber,2024-01-20,190.3,8.4,5.0,rideshare
USER069,uber,2024-01-22,63.9,2.5,4.6,rideshare
USER069,uber,2024-01-23,88.15,5.5,4.9,rideshare
USER069,uber,2024-01-24,68.53,3.4,4.4,rideshare
USER069,uber,2024-01-25,187.54,7.9,4.9,rideshare
USER069,uber,2024-01-26,207.8,10.5,4.8,rideshare
USER069,uber,2024-01-27,37.8,2.4,4.1,rideshare
USER069,uber,2024-01-28,54.36,2.6,4.1,rideshare
USER069,uber,2024-01-29,39.6,2.2,4.2,rideshare
USER069,uber,2024-01-31,43.16,2.2,4.8,rideshare
USER069,uber,2024-02-01,205.11,11.9,4.7,rideshare
USER069,uber,2024-02-03,112.04,7.5,4.4,rideshare
USER069,uber,2024-02-04,127.24,8.1,4.6,rideshare
USER069,uber,2024-02-05,131.83,6.2,4.2,rideshare
USER069,uber,2024-02-07,284.83,11.9,4.3,rideshare
USER069,uber,2024-02-09,38.63,2.8,4.8,rideshare
USER069,uber,2024-02-11,340.26,11.8,4.6,rideshare
USER069,uber,2024-02-12,126.15,6.3,4.2,rideshare
USER069,uber,2024-02-13,255.04,10.3,4.2,rideshare
USER069,uber,2024-02-14,240.64,8.8,4.3,rideshare
USER069,uber,2024-02-15,115.82,5.8,4.5,rideshare
USER069,uber,2024-02-16,164.69,9.8,4.2,rideshare
USER069,uber,2024-02-20,194.7,9.9,4.6,rideshare
USER069,uber,2024-02-22,198.9,11.5,4.2,rideshare
USER069,uber,2024-02-23,83.79,3.5,4.7,rideshare
USER069,uber,2024-02-24,174.04,7.1,4.1,rideshare
USER069,uber,2024-02-28,256.54,9.3,4.5,rideshare
USER069,uber,2024-03-02,118.34,7.3,4.2,rideshare
USER069,uber,2024-03-03,165.59,9.9,4.6,rideshare
USER069,uber,2024-03-04,101.04,5.8,4.8,rideshare
USER069,uber,2024-03-05,260.77,11.6,4.2,rideshare
USER069,uber,2024-03-07,81.44,4.2,4.1,rideshare
USER069,uber,2024-03-08,48.86,2.8,4.5,rideshare
USER069,uber,2024-03-09,139.96,8.0,4.2,rideshare
USER069,uber,2024-03-11,89.44,3.8,4.5,rideshare
USER069,uber,2024-03-12,84.38,4.2,4.0,rideshare
USER069,uber,2024-03-13,219.54,11.0,4.0,rideshare
USER069,uber,2024-03-14,87.73,5.0,4.8,rideshare
USER069,uber,2024-03-16,36.23,2.6,4.7,rideshare
USER069,uber,2024-03-17,146.93,6.6,4.1,rideshare
USER069,uber,2024-03-19,294.65,10.0,4.0,rideshare
USER069,uber,2024-03-25,175.76,10.3,4.6,rideshare
USER069,uber,2024-03-26,211.15,10.7,4.9,rideshare
USER069,uber,2024-03-27,67.39,3.6,5.0,rideshare
USER069,uber,2024-03-29,291.09,11.5,4.3,rideshare
USER070,lyft,2024-01-01,199.18,10.5,4.9,rideshare
USER070,lyft,2024-01-02,103.37,5.1,5.0,rideshare
USER070,lyft,2024-01-03,44.91,2.4,4.5,rideshare
USER070,lyft,2024-01-04,259.51,10.5,4.0,rideshare
USER070,lyft,2024-01-05,186.62,10.9,4.9,rideshare
USER070,lyft,2024-01-07,246.97,11.7,4.9,rideshare
USER070,lyft,2024-01-09,174.78,6.8,4.2,rideshare
USER070,lyft,2024-01-14,103.66,6.4,4.3,rideshare
USER070,lyft,2024-01-17,89.08,6.7,4.3,rideshare
USER070,lyft,2024-01-18,72.08,4.6,4.6,rideshare
USER070,lyft,2024-01-19,173.44,7.0,4.8,rideshare
USER070,lyft,2024-01-21,54.16,3.1,4.5,rideshare
USER070,lyft,2024-01-22,117.36,5.0,4.8,rideshare
USER070,lyft,2024-01-23,166.66,7.6,4.6,rideshare
USER070,lyft,2024-01-26,144.65,7.6,4.7,rideshare
USER070,lyft,2024-01-27,241.9,10.9,4.7,rideshare
USER070,lyft,2024-01-28,233.92,11.8,4.6,rideshare
USER070,lyft,2024-02-01,128.12,7.3,4.3,rideshare
USER070,lyft,2024-02-02,57.75,3.2,4.5,rideshare
USER070,lyft,2024-02-03,85.9,3.8,4.9,rideshare
USER070,lyft,2024-02-05,78.65,4.5,4.6,rideshare
USER070,lyft,2024-02-06,225.7,10.7,4.4,rideshare
USER070,lyft,2024-02-07,104.81,6.4,4.4,rideshare
USER070,lyft,2024-02-08,113.85,6.3,4.2,rideshare
USER070,lyft,2024-02-10,138.45,6.7,4.1,rideshare
USER070,lyft,2024-02-11,207.8,10.7,4.3,rideshare
USER070,lyft,2024-02-12,45.86,2.1,4.9,rideshare
USER070,lyft,2024-02-13,227.39,9.1,4.0,rideshare
USER070,lyft,2024-02-16,76.96,4.8,4.5,rideshare
USER070,lyft,2024-02-17,236.53,11.2,4.0,rideshare
USER070,lyft,2024-02-18,52.0,2.9,4.8,rideshare
USER070,lyft,2024-02-19,129.29,5.0,4.3,rideshare
USER070,lyft,2024-02-20,179.46,10.0,4.2,rideshare
USER070,lyft,2024-02-24,192.88,11.5,5.0,rideshare
USER070,lyft,2024-02-26,136.4,7.8,4.8,rideshare
USER070,lyft,2024-02-27,89.13,4.7,4.5,rideshare
USER070,lyft,2024-02-29,187.52,7.3,4.0,rideshare
USER070,lyft,2024-03-01,118.63,5.4,4.1,rideshare
USER070,lyft,2024-03-02,206.56,9.4,4.5,rideshare
USER070,lyft,2024-03-03,190.82,8.6,4.8,rideshare
USER070,lyft,2024-03-05,143.63,8.5,4.5,rideshare
USER070,lyft,2024-03-06,94.56,5.4,4.9,rideshare
USER070,lyft,2024-03-07,98.56,6.4,4.1,rideshare
USER070,lyft,2024-03-09,264.77,10.8,4.5,rideshare
USER070,lyft,2024-03-10,106.52,3.9,4.1,rideshare
USER070,lyft,2024-03-12,147.47,7.1,4.1,rideshare
USER070,lyft,2024-03-13,78.96,5.3,4.0,rideshare
USER070,lyft,2024-03-14,56.16,2.2,4.0,rideshare
USER070,lyft,2024-03-15,134.52,6.6,5.0,rideshare
USER070,lyft,2024-03-17,248.8,10.2,4.2,rideshare
USER070,lyft,2024-03-23,82.19,4.9,5.0,rideshare
USER070,lyft,2024-03-28,30.56,2.1,4.2,rideshare
USER070,taskrabbit,2024-01-02,143.25,4.5,4.5,services
USER070,taskrabbit,2024-01-03,129.34,5.3,4.5,services
USER070,taskrabbit,2024-01-05,147.16,5.4,4.6,services
USER070,taskrabbit,2024-01-09,45.05,1.6,4.6,services
USER070,taskrabbit,2024-01-10,50.37,2.3,4.2,services
USER070,taskrabbit,2024-01-13,40.98,1.2,4.9,services
USER070,taskrabbit,2024-01-14,177.49,5.6,4.5,services
USER070,taskrabbit,2024-01-16,43.19,2.4,4.0,services
USER070,taskrabbit,2024-01-17,43.78,2.6,4.2,services
USER070,taskrabbit,2024-01-18,51.58,2.9,4.5,services
USER070,taskrabbit,2024-01-19,150.3,5.5,4.3,services
USER070,taskrabbit,2024-01-20,99.0,5.0,4.5,services
USER070,taskrabbit,2024-01-23,56.49,2.0,4.7,services
USER070,taskrabbit,2024-01-24,63.45,2.3,4.4,services
USER070,taskrabbit,2024-01-25,44.51,1.6,4.9,services
USER070,taskrabbit,2024-01-26,150.01,5.6,4.7,services
USER070,taskrabbit,2024-01-27,107.49,3.9,4.2,services
USER070,taskrabbit,2024-01-29,114.5,4.1,4.4,services
USER070,taskrabbit,2024-01-30,69.59,2.3,4.5,services
USER070,taskrabbit,2024-02-01,129.15,4.4,4.2,services
USER070,taskrabbit,2024-02-02,86.36,2.8,4.8,services
USER070,taskrabbit,2024-02-03,120.36,5.1,4.2,services
USER070,taskrabbit,2024-02-04,112.84,4.1,4.3,services
USER070,taskrabbit,2024-02-06,70.76,3.2,4.9,services
USER070,taskrabbit,2024-02-07,72.36,3.1,4.2,services
USER070,taskrabbit,2024-02-12,87.27,2.9,4.8,services
USER070,taskrabbit,2024-02-13,144.54,3.9,4.9,services
USER070,taskrabbit,2024-02-14,111.59,4.3,4.5,services
USER070,taskrabbit,2024-02-16,144.66,4.9,4.7,services
USER070,taskrabbit,2024-02-17,57.81,2.4,4.2,services
USER070,taskrabbit,2024-02-20,48.23,1.5,4.0,services
USER070,taskrabbit,2024-02-21,90.94,4.6,4.5,services
USER070,taskrabbit,2024-02-22,52.15,2.6,4.5,services
USER070,taskrabbit,2024-02-23,86.28,3.6,4.8,services
USER070,taskrabbit,2024-02-25,100.49,3.3,4.5,services
USER070,taskrabbit,2024-02-26,62.85,3.1,4.2,services
USER070,taskrabbit,2024-02-28,72.38,3.8,5.0,services
USER070,taskrabbit,2024-02-29,39.5,1.2,4.1,services
USER070,taskrabbit,2024-03-02,56.88,3.3,4.7,services
USER070,taskrabbit,2024-03-03,129.13,5.6,4.0,services
USER070,taskrabbit,2024-03-04,161.38,5.0,4.4,services
USER070,taskrabbit,2024-03-05,157.38,5.7,4.5,services
USER070,taskrabbit,2024-03-08,27.9,1.1,4.9,services
USER070,taskrabbit,2024-03-09,139.95,4.4,4.9,services
USER070,taskrabbit,2024-03-10,82.08,2.6,4.4,services
USER070,taskrabbit,2024-03-11,68.95,2.6,4.4,services
USER070,taskrabbit,2024-03-14,53.49,2.4,4.6,services
USER070,taskrabbit,2024-03-15,25.02,1.0,4.6,services
USER070,taskrabbit,2024-03-16,108.93,4.6,4.9,services
USER070,taskrabbit,2024-03-17,70.22,2.3,4.5,services
USER070,taskrabbit,2024-03-18,154.45,5.0,4.9,services
USER070,taskrabbit,2024-03-19,113.92,5.5,4.4,services
USER070,taskrabbit,2024-03-23,46.95,2.1,4.5,services
USER070,taskrabbit,2024-03-24,137.12,4.7,4.1,services
USER070,taskrabbit,2024-03-27,76.61,2.5,4.5,services
USER070,taskrabbit,2024-03-29,83.96,3.2,5.0,services
USER071,ubereats,2024-01-01,128.73,7.1,4.0,delivery
USER071,ubereats,2024-01-03,60.23,3.2,4.6,delivery
USER071,ubereats,2024-01-04,35.68,2.4,4.8,delivery
USER071,ubereats,2024-01-06,63.57,3.4,4.3,delivery
USER071,ubereats,2024-01-07,77.32,6.1,4.8,delivery
USER071,ubereats,2024-01-08,73.87,4.1,4.0,delivery
USER071,ubereats,2024-01-11,69.39,4.7,4.9,delivery
USER071,ubereats,2024-01-12,94.77,7.4,4.0,delivery
USER071,ubereats,2024-01-13,56.5,3.1,4.1,delivery
USER071,ubereats,2024-01-14,74.58,4.6,4.4,delivery
USER071,ubereats,2024-01-16,88.5,7.0,4.3,delivery
USER071,ubereats,2024-01-18,31.44,2.3,5.0,delivery
USER071,ubereats,2024-01-19,81.88,3.9,4.0,delivery
USER071,ubereats,2024-01-21,50.01,2.8,4.2,delivery
USER071,ubereats,2024-01-24,97.16,4.7,4.6,delivery
USER071,ubereats,2024-01-29,65.96,5.5,4.6,delivery
USER071,ubereats,2024-01-31,51.27,4.0,4.2,delivery
USER071,ubereats,2024-02-01,71.99,5.5,4.9,delivery
USER071,ubereats,2024-02-02,24.68,1.6,4.8,delivery
USER071,ubereats,2024-02-03,32.67,2.6,4.6,delivery
USER071,ubereats,2024-02-04,35.35,2.0,4.9,delivery
USER071,ubereats,2024-02-07,29.29,1.5,4.0,delivery
USER071,ubereats,2024-02-09,20.66,1.7,4.8,delivery
USER071,ubereats,2024-02-10,45.55,3.4,4.7,delivery
USER071,ubereats,2024-02-11,105.45,7.2,4.9,delivery
USER071,ubereats,2024-02-12,72.92,4.4,4.8,delivery
USER071,ubereats,2024-02-15,42.25,2.3,4.3,delivery
USER071,ubereats,2024-02-17,95.96,4.2,4.2,delivery
USER071,ubereats,2024-02-18,39.93,2.1,4.4,delivery
USER071,ubereats,2024-02-21,66.1,6.2,4.5,delivery
USER071,ubereats,2024-02-24,51.14,4.5,4.9,delivery
USER071,ubereats,2024-02-25,13.16,1.2,4.3,delivery
USER071,ubereats,2024-02-26,68.93,3.9,4.2,delivery
USER071,ubereats,2024-03-01,56.63,4.0,4.4,delivery
USER071,ubereats,2024-03-04,98.68,5.7,4.1,delivery
USER071,ubereats,2024-03-05,49.36,3.6,4.4,delivery
USER071,ubereats,2024-03-09,59.31,3.5,4.6,delivery
USER071,ubereats,2024-03-11,27.62,1.4,4.7,delivery
USER071,ubereats,2024-03-13,96.0,4.7,4.9,delivery
USER071,ubereats,2024-03-15,84.39,3.8,4.7,delivery
USER071,ubereats,2024-03-16,111.58,5.4,4.6,delivery
USER071,ubereats,2024-03-17,59.99,3.1,4.2,delivery
USER071,ubereats,2024-03-20,84.11,5.8,4.9,delivery
USER071,ubereats,2024-03-25,171.36,7.3,4.1,delivery
USER071,ubereats,2024-03-30,133.96,6.5,4.2,delivery
USER071,taskrabbit,2024-01-02,101.05,3.1,4.8,services
USER071,taskrabbit,2024-01-04,82.83,3.2,5.0,services
USER071,taskrabbit,2024-01-06,38.83,1.3,4.1,services
USER071,taskrabbit,2024-01-07,52.59,2.8,4.6,services
USER071,taskrabbit,2024-01-09,148.52,4.8,4.6,services
USER071,taskrabbit,2024-01-10,99.7,3.3,4.1,services
USER071,taskrabbit,2024-01-14,77.39,2.8,5.0,services
USER071,taskrabbit,2024-01-17,41.09,2.3,4.9,services
USER071,taskrabbit,2024-01-19,85.64,5.3,4.9,services
USER071,taskrabbit,2024-01-20,89.61,4.2,4.9,services
USER071,taskrabbit,2024-01-21,199.77,5.6,4.6,services
USER071,taskrabbit,2024-01-23,132.47,5.2,4.2,services
USER071,taskrabbit,2024-01-26,48.66,1.8,4.5,services
USER071,taskrabbit,2024-01-27,79.83,3.5,4.6,services
USER071,taskrabbit,2024-01-30,60.78,2.8,4.0,services
USER071,taskrabbit,2024-01-31,30.61,1.1,4.1,services
USER071,taskrabbit,2024-02-02,152.82,5.7,4.9,services
USER071,taskrabbit,2024-02-04,66.1,3.3,4.8,services
USER071,taskrabbit,2024-02-06,36.88,1.2,5.0,services
USER071,taskrabbit,2024-02-09,125.51,3.5,4.2,services
USER071,taskrabbit,2024-02-11,100.78,3.2,4.4,services
USER071,taskrabbit,2024-02-14,37.43,1.5,4.6,services
USER071,taskrabbit,2024-02-18,117.38,3.8,4.4,services
USER071,taskrabbit,2024-02-19,47.66,1.5,4.4,services
USER071,taskrabbit,2024-02-20,77.25,2.6,4.3,services
USER071,taskrabbit,2024-02-22,89.15,3.5,4.6,services
USER071,taskrabbit,2024-02-24,123.58,5.9,4.9,services
USER071,taskrabbit,2024-02-25,59.8,2.1,4.5,services
USER071,taskrabbit,2024-02-29,61.56,3.3,4.1,services
USER071,taskrabbit,2024-03-01,16.52,1.1,4.5,services
USER071,taskrabbit,2024-03-02,133.98,4.9,4.8,services
USER071,taskrabbit,2024-03-03,176.68,5.3,4.8,services
USER071,taskrabbit,2024-03-04,146.65,5.7,4.9,services
USER071,taskrabbit,2024-03-05,75.69,3.1,4.7,services
USER071,taskrabbit,2024-03-06,87.38,3.5,5.0,services
USER071,taskrabbit,2024-03-07,104.6,3.3,4.8,services
USER071,taskrabbit,2024-03-08,173.36,5.8,4.8,services
USER071,taskrabbit,2024-03-09,63.44,3.0,4.6,services
USER071,taskrabbit,2024-03-10,86.75,4.7,4.7,services
USER071,taskrabbit,2024-03-12,113.17,5.3,4.3,services
USER071,taskrabbit,2024-03-15,68.41,2.3,4.8,services
USER071,taskrabbit,2024-03-17,109.88,4.3,4.7,services
USER071,taskrabbit,2024-03-21,41.2,2.0,5.0,services
USER071,taskrabbit,2024-03-24,124.93,5.7,4.4,services
USER071,taskrabbit,2024-03-26,84.13,3.6,4.4,services
USER071,taskrabbit,2024-03-27,69.24,3.7,4.6,services
USER071,taskrabbit,2024-03-28,38.47,2.0,4.4,services
USER071,taskrabbit,2024-03-29,42.83,2.8,4.3,services
USER071,uber,2024-01-01,65.45,2.8,4.4,rideshare
USER071,uber,2024-01-02,32.91,2.1,4.3,rideshare
USER071,uber,2024-01-04,193.44,9.7,4.2,rideshare
USER071,uber,2024-01-06,89.78,5.0,4.8,rideshare
USER071,uber,2024-01-09,265.01,10.8,4.6,rideshare
USER071,uber,2024-01-10,57.78,2.8,4.0,rideshare
USER071,uber,2024-01-11,235.12,9.9,4.2,rideshare
USER071,uber,2024-01-12,120.59,5.0,4.8,rideshare
USER071,uber,2024-01-13,100.42,6.9,4.4,rideshare
USER071,uber,2024-01-14,172.05,10.3,4.8,rideshare
USER071,uber,2024-01-15,214.94,9.9,4.8,rideshare
USER071,uber,2024-01-17,261.49,11.5,4.1,rideshare
USER071,uber,2024-01-19,56.2,2.6,4.6,rideshare
USER071,uber,2024-01-20,183.83,6.8,4.1,rideshare
USER071,uber,2024-01-21,47.02,2.5,4.9,rideshare
USER071,uber,2024-01-22,82.59,4.7,4.7,rideshare
USER071,uber,2024-01-23,164.46,6.7,4.7,rideshare
USER071,uber,2024-01-24,98.38,4.9,4.6,rideshare
USER071,uber,2024-01-27,90.92,6.2,4.1,rideshare
USER071,uber,2024-01-30,194.58,9.5,4.3,rideshare
USER071,uber,2024-01-31,201.89,7.4,4.2,rideshare
USER071,uber,2024-02-02,275.92,11.9,4.5,rideshare
USER071,uber,2024-02-03,232.45,11.9,4.2,rideshare
USER071,uber,2024-02-05,58.32,2.4,4.1,rideshare
USER071,uber,2024-02-06,126.64,5.3,4.0,rideshare
USER071,uber,2024-02-08,246.11,11.4,4.9,rideshare
USER071,uber,2024-02-10,150.27,5.8,4.5,rideshare
USER071,uber,2024-02-11,55.3,3.6,4.9,rideshare
USER071,uber,2024-02-13,232.76,8.4,4.8,rideshare
USER071,uber,2024-02-14,54.36,2.8,4.1,rideshare
USER071,uber,2024-02-15,205.76,8.6,4.7,rideshare
USER071,uber,2024-02-16,171.47,8.4,4.5,rideshare
USER071,uber,2024-02-18,165.25,8.1,4.5,rideshare
USER071,uber,2024-02-19,196.65,10.1,4.0,rideshare
USER071,uber,2024-02-21,153.69,9.3,4.3,rideshare
USER071,uber,2024-02-24,130.85,8.0,4.3,rideshare
USER071,uber,2024-02-25,268.55,10.9,4.7,rideshare
USER071,uber,2024-02-29,150.8,8.0,4.5,rideshare
USER071,uber,2024-03-03,178.88,11.2,5.0,rideshare
USER071,uber,2024-03-04,156.66,6.3,4.9,rideshare
USER071,uber,2024-03-05,165.12,9.6,4.8,rideshare
USER071,uber,2024-03-06,172.5,6.1,4.1,rideshare
USER071,uber,2024-03-08,243.13,11.8,4.3,rideshare
USER071,uber,2024-03-10,157.83,6.8,5.0,rideshare
USER071,uber,2024-03-11,77.23,4.8,4.2,rideshare
USER071,uber,2024-03-12,177.96,9.5,4.4,rideshare
USER071,uber,2024-03-13,147.25,8.1,4.2,rideshare
USER071,uber,2024-03-14,197.23,11.3,4.6,rideshare
USER071,uber,2024-03-15,193.62,11.7,4.5,rideshare
USER071,uber,2024-03-16,70.69,2.8,4.1,rideshare
USER071,uber,2024-03-17,126.1,6.0,4.9,rideshare
USER071,uber,2024-03-20,199.93,9.0,4.5,rideshare
USER071,uber,2024-03-21,86.1,3.7,4.2,rideshare
USER071,uber,2024-03-23,67.94,4.0,4.5,rideshare
USER071,uber,2024-03-24,122.91,8.3,4.3,rideshare
USER071,uber,2024-03-26,219.89,9.8,4.4,rideshare
USER071,uber,2024-03-28,266.74,10.9,4.8,rideshare
USER071,uber,2024-03-29,91.99,4.0,4.5,rideshare
USER071,uber,2024-03-30,58.75,3.2,4.2,rideshare
USER072,doordash,2024-01-02,33.67,2.8,4.7,delivery
USER072,doordash,2024-01-03,82.92,4.4,4.4,delivery
USER072,doordash,2024-01-05,25.51,2.4,4.0,delivery
USER072,doordash,2024-01-06,91.03,5.8,4.7,delivery
USER072,doordash,2024-01-07,107.62,6.5,4.9,delivery
USER072,doordash,2024-01-08,91.01,4.8,4.2,delivery
USER072,doordash,2024-01-10,103.89,5.0,4.7,delivery
USER072,doordash,2024-01-11,101.71,6.3,4.4,delivery
USER072,doordash,2024-01-12,32.01,2.5,4.1,delivery
USER072,doordash,2024-01-13,72.47,5.7,4.8,delivery
USER072,doordash,2024-01-18,17.0,1.6,4.1,delivery
USER072,doordash,2024-01-22,27.92,1.7,4.3,delivery
USER072,doordash,2024-01-24,58.03,3.7,4.5,delivery
USER072,doordash,2024-01-26,41.19,2.7,4.6,delivery
USER072,doordash,2024-01-27,16.5,1.2,5.0,delivery
USER072,doordash,2024-01-28,79.22,4.8,4.7,delivery
USER072,doordash,2024-01-29,30.6,2.1,4.2,delivery
USER072,doordash,2024-02-02,54.51,3.5,4.6,delivery
USER072,doordash,2024-02-04,52.98,3.3,4.3,delivery
USER072,doordash,2024-02-05,41.11,2.1,4.9,delivery
USER072,doordash,2024-02-06,49.56,3.9,4.3,delivery
USER072,doordash,2024-02-08,57.32,3.7,4.1,delivery
USER072,doordash,2024-02-09,108.26,7.6,4.7,delivery
USER072,doordash,2024-02-10,46.18,2.4,4.3,delivery
USER072,doordash,2024-02-11,92.08,6.9,4.7,delivery
USER072,doordash,2024-02-13,80.18,5.1,4.4,delivery
USER072,doordash,2024-02-14,66.26,4.5,4.8,delivery
USER072,doordash,2024-02-15,43.13,4.0,4.0,delivery
USER072,doordash,2024-02-16,124.04,7.7,4.9,delivery
USER072,doordash,2024-02-17,65.05,5.1,4.1,delivery
USER072,doordash,2024-02-18,65.6,4.7,4.7,delivery
USER072,doordash,2024-02-24,15.18,1.2,4.9,delivery
USER072,doordash,2024-02-25,57.55,5.2,5.0,delivery
USER072,doordash,2024-02-27,57.71,3.9,4.7,delivery
USER072,doordash,2024-03-01,59.42,2.9,4.5,delivery
USER072,doordash,2024-03-04,112.93,6.0,4.5,delivery
USER072,doordash,2024-03-05,108.82,6.5,4.9,delivery
USER072,doordash,2024-03-07,24.72,1.4,4.5,delivery
USER072,doordash,2024-03-08,106.32,6.4,4.6,delivery
USER072,doordash,2024-03-09,77.58,3.6,4.3,delivery
USER072,doordash,2024-03-10,66.61,6.3,4.8,delivery
USER072,doordash,2024-03-12,88.42,5.2,4.7,delivery
USER072,doordash,2024-03-13,94.89,7.8,4.7,delivery
USER072,doordash,2024-03-14,18.15,1.4,4.1,delivery
USER072,doordash,2024-03-15,73.81,4.1,4.3,delivery
USER072,doordash,2024-03-18,58.44,4.8,4.1,delivery
USER072,doordash,2024-03-19,19.19,1.2,4.9,delivery
USER072,doordash,2024-03-20,90.28,7.1,4.4,delivery
USER072,doordash,2024-03-21,16.55,1.1,4.1,delivery
USER072,doordash,2024-03-22,131.99,6.8,4.7,delivery
USER072,doordash,2024-03-23,43.15,2.6,4.2,delivery
USER072,doordash,2024-03-24,27.99,1.5,5.0,delivery
USER072,doordash,2024-03-25,107.23,5.6,4.8,delivery
USER072,doordash,2024-03-27,85.05,7.4,4.6,delivery
USER072,doordash,2024-03-28,96.39,6.7,4.5,delivery
USER072,doordash,2024-03-29,21.92,1.3,4.4,delivery
USER072,upwork,2024-01-01,296.06,4.9,4.2,freelance
USER072,upwork,2024-01-04,279.52,4.3,4.4,freelance
USER072,upwork,2024-01-05,222.07,9.8,4.8,freelance
USER072,upwork,2024-01-06,79.51,2.1,4.9,freelance
USER072,upwork,2024-01-07,173.12,7.6,4.2,freelance
USER072,upwork,2024-01-09,141.74,2.8,4.9,freelance
USER072,upwork,2024-01-12,348.49,5.3,4.8,freelance
USER072,upwork,2024-01-13,258.6,4.8,4.2,freelance
USER072,upwork,2024-01-14,244.42,3.0,5.0,freelance
USER072,upwork,2024-01-15,92.22,3.0,4.3,freelance
USER072,upwork,2024-01-16,79.26,1.2,4.1,freelance
USER072,upwork,2024-01-17,151.48,4.2,4.3,freelance
USER072,upwork,2024-01-18,189.94,3.4,5.0,freelance
USER072,upwork,2024-01-20,282.67,6.7,4.9,freelance
USER072,upwork,2024-01-21,560.36,7.5,4.4,freelance
USER072,upwork,2024-01-24,459.61,7.9,4.0,freelance
USER072,upwork,2024-01-25,82.77,4.4,4.6,freelance
USER072,upwork,2024-01-26,211.04,4.7,4.6,freelance
USER072,upwork,2024-01-29,193.93,2.1,4.6,freelance
USER072,upwork,2024-01-30,374.01,5.2,4.8,freelance
USER072,upwork,2024-01-31,100.21,4.5,4.1,freelance
USER072,upwork,2024-02-02,832.86,9.9,4.7,freelance
USER072,upwork,2024-02-03,424.01,7.7,4.8,freelance
USER072,upwork,2024-02-06,33.49,1.0,4.9,freelance
USER072,upwork,2024-02-08,73.9,3.0,4.3,freelance
USER072,upwork,2024-02-09,140.4,3.7,4.8,freelance
USER072,upwork,2024-02-13,823.72,9.4,4.3,freelance
USER072,upwork,2024-02-14,221.62,6.2,5.0,freelance
USER072,upwork,2024-02-16,624.36,9.1,4.7,freelance
USER072,upwork,2024-02-17,456.77,9.8,4.9,freelance
USER072,upwork,2024-02-18,95.28,2.3,4.4,freelance
USER072,upwork,2024-02-19,514.54,6.5,4.9,freelance
USER072,upwork,2024-02-20,120.67,5.7,4.4,freelance
USER072,upwork,2024-02-21,185.3,8.5,4.4,freelance
USER072,upwork,2024-02-22,99.06,4.9,4.4,freelance
USER072,upwork,2024-02-23,223.31,2.8,4.2,freelance
USER072,upwork,2024-02-25,67.82,2.7,4.6,freelance
USER072,upwork,2024-02-26,112.08,4.3,4.1,freelance
USER072,upwork,2024-02-27,482.83,6.5,4.5,freelance
USER072,upwork,2024-02-28,278.79,5.0,4.2,freelance
USER072,upwork,2024-03-04,697.18,7.9,4.2,freelance
USER072,upwork,2024-03-05,562.81,9.8,4.1,freelance
USER072,upwork,2024-03-09,201.93,4.7,4.5,freelance
USER072,upwork,2024-03-10,194.29,4.2,4.9,freelance
USER072,upwork,2024-03-11,122.86,1.5,4.6,freelance
USER072,upwork,2024-03-14,790.19,9.7,4.2,freelance
USER072,upwork,2024-03-15,150.26,6.2,4.5,freelance
USER072,upwork,2024-03-16,109.71,4.1,4.8,freelance
USER072,upwork,2024-03-17,419.21,8.7,4.3,freelance
USER072,upwork,2024-03-18,333.4,9.3,4.5,freelance
USER072,upwork,2024-03-19,159.31,2.1,4.1,freelance
USER072,upwork,2024-03-22,203.66,2.7,4.8,freelance
USER072,upwork,2024-03-26,90.9,4.9,4.0,freelance
USER072,upwork,2024-03-28,141.99,6.1,4.0,freelance
USER073,fiverr,2024-01-01,111.49,1.6,4.1,freelance
USER073,fiverr,2024-01-02,94.36,5.4,4.5,freelance
USER073,fiverr,2024-01-05,329.68,3.8,4.3,freelance
USER073,fiverr,2024-01-07,149.97,2.0,4.5,freelance
USER073,fiverr,2024-01-09,168.55,3.7,4.7,freelance
USER073,fiverr,2024-01-12,334.72,6.5,4.5,freelance
USER073,fiverr,2024-01-13,289.75,7.6,4.7,freelance
USER073,fiverr,2024-01-14,738.15,9.5,4.0,freelance
USER073,fiverr,2024-01-17,78.79,1.4,4.8,freelance
USER073,fiverr,2024-01-21,186.44,3.8,4.4,freelance
USER073,fiverr,2024-01-22,173.08,2.4,4.5,freelance
USER073,fiverr,2024-01-23,115.21,1.8,4.4,freelance
USER073,fiverr,2024-01-27,55.2,1.1,4.2,freelance
USER073,fiverr,2024-01-28,352.62,5.0,4.2,freelance
USER073,fiverr,2024-01-29,55.83,3.0,5.0,freelance
USER073,fiverr,2024-01-30,107.46,4.1,4.7,freelance
USER073,fiverr,2024-02-02,65.15,2.0,4.5,freelance
USER073,fiverr,2024-02-04,156.45,3.3,4.9,freelance
USER073,fiverr,2024-02-07,418.02,9.7,4.8,freelance
USER073,fiverr,2024-02-08,418.14,9.1,4.1,freelance
USER073,fiverr,2024-02-09,263.54,5.8,4.4,freelance
USER073,fiverr,2024-02-10,69.33,1.2,4.6,freelance
USER073,fiverr,2024-02-12,68.52,1.4,4.7,freelance
USER073,fiverr,2024-02-13,555.96,9.0,4.9,freelance
USER073,fiverr,2024-02-14,79.03,1.4,4.9,freelance
USER073,fiverr,2024-02-16,474.61,7.8,4.3,freelance
USER073,fiverr,2024-02-19,108.07,2.5,4.2,freelance
USER073,fiverr,2024-02-21,400.03,5.9,4.8,freelance
USER073,fiverr,2024-02-23,390.48,7.2,4.2,freelance
USER073,fiverr,2024-02-26,198.32,7.7,4.3,freelance
USER073,fiverr,2024-02-28,463.09,5.7,4.3,freelance
USER073,fiverr,2024-02-29,85.77,3.6,4.6,freelance
USER073,fiverr,2024-03-02,322.01,4.7,4.2,freelance
USER073,fiverr,2024-03-03,503.27,6.8,4.2,freelance
USER073,fiverr,2024-03-04,380.66,6.0,4.4,freelance
USER073,fiverr,2024-03-07,290.02,5.8,4.2,freelance
USER073,fiverr,2024-03-08,243.85,4.7,4.2,freelance
USER073,fiverr,2024-03-09,397.09,5.3,4.4,freelance
USER073,fiverr,2024-03-10,254.94,6.4,4.2,freelance
USER073,fiverr,2024-03-13,79.72,4.0,4.6,freelance
USER073,fiverr,2024-03-14,134.4,2.6,4.2,freelance
USER073,fiverr,2024-03-16,245.74,4.0,4.2,freelance
USER073,fiverr,2024-03-18,151.49,2.4,4.2,freelance
USER073,fiverr,2024-03-19,140.08,1.9,4.3,freelance
USER073,fiverr,2024-03-20,286.42,8.0,4.7,freelance
USER073,fiverr,2024-03-21,195.44,2.6,4.6,freelance
USER073,fiverr,2024-03-23,123.22,1.8,4.9,freelance
USER073,fiverr,2024-03-26,635.77,8.4,4.6,freelance
USER073,fiverr,2024-03-27,198.82,4.5,4.1,freelance
USER073,fiverr,2024-03-29,208.75,9.0,4.3,freelance
USER073,fiverr,2024-03-30,565.44,8.8,4.6,freelance
USER073,instacart,2024-01-02,48.15,3.2,4.2,delivery
USER073,instacart,2024-01-04,65.26,4.0,4.9,delivery
USER073,instacart,2024-01-06,98.46,7.8,4.4,delivery
USER073,instacart,2024-01-10,34.37,2.7,4.9,delivery
USER073,instacart,2024-01-11,53.35,4.3,4.4,delivery
USER073,instacart,2024-01-12,127.72,7.7,4.9,delivery
USER073,instacart,2024-01-13,97.99,6.2,4.4,delivery
USER073,instacart,2024-01-14,48.77,2.9,4.5,delivery
USER073,instacart,2024-01-15,76.48,4.7,4.7,delivery
USER073,instacart,2024-01-16,32.17,2.6,5.0,delivery
USER073,instacart,2024-01-18,66.32,4.1,4.9,delivery
USER073,instacart,2024-01-20,109.54,7.9,4.1,delivery
USER073,instacart,2024-01-21,47.42,3.5,4.5,delivery
USER073,instacart,2024-01-22,56.85,4.4,4.6,delivery
USER073,instacart,2024-01-24,23.58,1.5,4.1,delivery
USER073,instacart,2024-01-25,74.08,6.0,4.2,delivery
USER073,instacart,2024-01-26,108.01,6.5,4.7,delivery
USER073,instacart,2024-01-27,40.14,2.8,4.4,delivery
USER073,instacart,2024-01-29,68.53,6.1,4.9,delivery
USER073,instacart,2024-01-30,111.62,7.0,4.6,delivery
USER073,instacart,2024-02-01,97.14,6.1,4.6,delivery
USER073,instacart,2024-02-02,22.08,1.9,4.2,delivery
USER073,instacart,2024-02-03,42.8,3.0,4.0,delivery
USER073,instacart,2024-02-05,54.84,3.6,4.5,delivery
USER073,instacart,2024-02-06,15.9,1.5,4.9,delivery
USER073,instacart,2024-02-07,17.22,1.0,4.1,delivery
USER073,instacart,2024-02-10,102.97,5.4,4.3,delivery
USER073,instacart,2024-02-11,108.0,6.5,4.9,delivery
USER073,instacart,2024-02-13,93.56,5.7,4.3,delivery
USER073,instacart,2024-02-15,87.54,6.6,4.3,delivery
USER073,instacart,2024-02-16,83.19,5.9,4.1,delivery
USER073,instacart,2024-02-17,148.1,7.3,4.9,delivery
USER073,instacart,2024-02-19,86.84,6.5,4.8,delivery
USER073,instacart,2024-02-20,75.78,6.4,4.0,delivery
USER073,instacart,2024-02-21,103.0,4.8,4.3,delivery
USER073,instacart,2024-02-24,21.95,1.4,4.9,delivery
USER073,instacart,2024-02-27,68.01,4.6,4.1,delivery
USER073,instacart,2024-02-29,151.72,7.6,4.3,delivery
USER073,instacart,2024-03-01,79.95,3.7,4.9,delivery
USER073,instacart,2024-03-05,108.49,5.3,4.6,delivery
USER073,instacart,2024-03-07,25.23,1.5,4.8,delivery
USER073,instacart,2024-03-08,69.51,3.3,4.6,delivery
USER073,instacart,2024-03-09,78.51,4.3,4.4,delivery
USER073,instacart,2024-03-12,28.89,1.4,4.9,delivery
USER073,instacart,2024-03-13,144.55,7.8,4.1,delivery
USER073,instacart,2024-03-15,49.0,3.0,4.5,delivery
USER073,instacart,2024-03-16,62.58,4.4,4.6,delivery
USER073,instacart,2024-03-18,90.73,7.7,4.6,delivery
USER073,instacart,2024-03-19,79.78,5.1,4.3,delivery
USER073,instacart,2024-03-20,107.43,6.7,4.6,delivery
USER073,instacart,2024-03-21,131.45,7.5,4.6,delivery
USER073,instacart,2024-03-24,86.69,4.7,4.6,delivery
USER073,instacart,2024-03-25,28.13,1.8,4.4,delivery
USER073,instacart,2024-03-26,65.39,4.0,5.0,delivery
USER073,instacart,2024-03-27,87.21,4.6,4.4,delivery
USER073,instacart,2024-03-28,82.33,7.7,4.7,delivery
USER073,instacart,2024-03-29,78.42,6.1,4.6,delivery
USER074,instacart,2024-01-01,61.71,4.2,4.3,delivery
USER074,instacart,2024-01-03,20.37,1.4,4.5,delivery
USER074,instacart,2024-01-05,18.24,1.4,4.1,delivery
USER074,instacart,2024-01-09,43.32,4.1,4.6,delivery
USER074,instacart,2024-01-11,122.21,7.6,4.1,delivery
USER074,instacart,2024-01-13,80.84,4.7,4.0,delivery
USER074,instacart,2024-01-15,69.09,5.0,4.2,delivery
USER074,instacart,2024-01-19,157.57,6.9,5.0,delivery
USER074,instacart,2024-01-20,130.97,6.4,4.8,delivery
USER074,instacart,2024-01-21,105.81,6.4,4.4,delivery
USER074,instacart,2024-01-22,125.05,6.1,4.4,delivery
USER074,instacart,2024-01-23,36.71,2.6,4.2,delivery
USER074,instacart,2024-01-24,90.39,7.6,4.8,delivery
USER074,instacart,2024-01-25,89.81,5.3,4.0,delivery
USER074,instacart,2024-01-26,92.08,6.7,4.5,delivery
USER074,instacart,2024-01-27,49.48,3.8,5.0,delivery
USER074,instacart,2024-01-28,64.91,4.9,4.1,delivery
USER074,instacart,2024-01-29,40.06,2.2,4.7,delivery
USER074,instacart,2024-02-05,15.04,1.2,4.2,delivery
USER074,instacart,2024-02-06,41.85,3.7,4.6,delivery
USER074,instacart,2024-02-07,49.42,3.9,4.9,delivery
USER074,instacart,2024-02-10,65.94,3.2,4.0,delivery
USER074,instacart,2024-02-11,155.15,7.5,4.3,delivery
USER074,instacart,2024-02-14,68.66,3.9,4.7,delivery
USER074,instacart,2024-02-15,136.75,7.4,4.6,delivery
USER074,instacart,2024-02-18,85.79,4.1,4.3,delivery
USER074,instacart,2024-02-19,40.99,2.9,4.4,delivery
USER074,instacart,2024-02-21,134.39,6.0,4.9,delivery
USER074,instacart,2024-02-25,19.76,1.5,4.5,delivery
USER074,instacart,2024-02-26,122.32,7.1,4.2,delivery
USER074,instacart,2024-02-27,91.63,6.8,4.6,delivery
USER074,instacart,2024-02-28,117.03,7.3,4.7,delivery
USER074,instacart,2024-02-29,27.29,1.4,4.5,delivery
USER074,instacart,2024-03-02,64.91,4.0,4.1,delivery
USER074,instacart,2024-03-08,130.62,7.2,4.8,delivery
USER074,instacart,2024-03-10,45.79,2.8,4.6,delivery
USER074,instacart,2024-03-12,100.97,4.7,4.8,delivery
USER074,instacart,2024-03-14,35.0,1.6,4.8,delivery
USER074,instacart,2024-03-16,132.28,6.6,4.2,delivery
USER074,instacart,2024-03-19,26.34,1.6,4.3,delivery
USER074,instacart,2024-03-20,117.0,7.2,4.3,delivery
USER074,instacart,2024-03-23,70.44,6.0,4.1,delivery
USER074,instacart,2024-03-27,103.39,6.5,4.6,delivery
USER074,instacart,2024-03-28,57.11,3.3,4.2,delivery
USER074,instacart,2024-03-29,53.27,3.2,4.6,delivery
USER074,instacart,2024-03-30,123.01,6.3,4.7,delivery
USER074,ubereats,2024-01-01,53.5,5.1,4.9,delivery
USER074,ubereats,2024-01-03,131.13,7.5,4.6,delivery
USER074,ubereats,2024-01-04,56.63,3.4,4.0,delivery
USER074,ubereats,2024-01-05,108.64,5.4,4.2,delivery
USER074,ubereats,2024-01-06,104.18,7.2,4.9,delivery
USER074,ubereats,2024-01-09,132.59,7.5,4.8,delivery
USER074,ubereats,2024-01-11,55.35,3.7,4.9,delivery
USER074,ubereats,2024-01-12,96.79,7.9,4.2,delivery
USER074,ubereats,2024-01-13,22.17,1.5,4.4,delivery
USER074,ubereats,2024-01-15,59.54,4.1,4.9,delivery
USER074,ubereats,2024-01-17,111.24,5.8,4.5,delivery
USER074,ubereats,2024-01-20,39.91,2.4,4.1,delivery
USER074,ubereats,2024-01-22,93.67,5.5,4.7,delivery
USER074,ubereats,2024-01-23,107.36,5.4,4.8,delivery
USER074,ubereats,2024-01-25,93.55,5.7,4.4,delivery
USER074,ubereats,2024-01-26,138.59,7.4,4.9,delivery
USER074,ubereats,2024-01-28,57.6,4.2,4.8,delivery
USER074,ubereats,2024-01-29,23.46,1.9,4.9,delivery
USER074,ubereats,2024-01-31,94.98,6.6,4.0,delivery
USER074,ubereats,2024-02-01,76.31,5.1,4.8,delivery
USER074,ubereats,2024-02-03,40.35,2.3,4.1,delivery
USER074,ubereats,2024-02-05,59.28,2.9,4.2,delivery
USER074,ubereats,2024-02-06,123.98,7.4,4.7,delivery
USER074,ubereats,2024-02-07,15.48,1.4,4.4,delivery
USER074,ubereats,2024-02-11,90.67,6.6,4.1,delivery
USER074,ubereats,2024-02-12,122.14,6.4,4.7,delivery
USER074,ubereats,2024-02-13,16.26,1.2,4.2,delivery
USER074,ubereats,2024-02-14,62.82,3.6,4.7,delivery
USER074,ubereats,2024-02-15,86.21,5.8,4.8,delivery
USER074,ubereats,2024-02-16,61.67,6.2,4.9,delivery
USER074,ubereats,2024-02-17,27.57,2.1,4.0,delivery
USER074,ubereats,2024-02-19,89.11,6.2,4.7,delivery
USER074,ubereats,2024-02-20,76.93,4.8,4.3,delivery
USER074,ubereats,2024-02-21,28.88,1.7,4.2,delivery
USER074,ubereats,2024-02-23,47.16,2.8,4.1,delivery
USER074,ubereats,2024-02-24,25.71,1.4,4.6,delivery
USER074,ubereats,2024-02-25,77.27,4.7,4.1,delivery
USER074,ubereats,2024-02-26,15.88,1.4,4.6,delivery
USER074,ubereats,2024-02-27,88.48,5.3,4.5,delivery
USER074,ubereats,2024-02-28,17.62,1.7,4.3,delivery
USER074,ubereats,2024-02-29,108.26,7.1,4.3,delivery
USER074,ubereats,2024-03-02,88.66,5.1,4.8,delivery
USER074,ubereats,2024-03-03,112.12,7.1,4.6,delivery
USER074,ubereats,2024-03-05,69.25,5.2,5.0,delivery
USER074,ubereats,2024-03-09,123.98,6.2,4.5,delivery
USER074,ubereats,2024-03-10,53.45,3.2,4.0,delivery
USER074,ubereats,2024-03-11,32.87,2.5,4.2,delivery
USER074,ubereats,2024-03-12,45.87,2.2,4.8,delivery
USER074,ubereats,2024-03-13,100.22,7.7,4.3,delivery
USER074,ubereats,2024-03-14,84.97,6.0,4.8,delivery
USER074,ubereats,2024-03-16,67.81,4.7,4.1,delivery
USER074,ubereats,2024-03-18,42.15,2.4,4.8,delivery
USER074,ubereats,2024-03-19,73.15,6.6,4.4,delivery
USER074,ubereats,2024-03-20,18.64,1.2,4.1,delivery
USER074,ubereats,2024-03-23,158.41,6.7,4.0,delivery
USER074,ubereats,2024-03-25,76.27,5.9,4.8,delivery
USER074,ubereats,2024-03-26,76.14,5.9,4.4,delivery
USER074,ubereats,2024-03-27,78.69,4.3,4.1,delivery
USER074,ubereats,2024-03-28,41.5,3.8,4.6,delivery
USER075,taskrabbit,2024-01-03,133.16,5.7,4.8,services
USER075,taskrabbit,2024-01-04,50.33,3.3,4.4,services
USER075,taskrabbit,2024-01-05,82.16,2.4,4.8,services
USER075,taskrabbit,2024-01-06,65.15,2.2,4.8,services
USER075,taskrabbit,2024-01-07,53.45,2.0,5.0,services
USER075,taskrabbit,2024-01-08,71.75,3.2,4.6,services
USER075,taskrabbit,2024-01-09,153.77,4.6,4.2,services
USER075,taskrabbit,2024-01-11,110.12,5.5,4.7,services
USER075,taskrabbit,2024-01-16,119.92,4.6,4.4,services
USER075,taskrabbit,2024-01-18,89.53,4.2,4.6,services
USER075,taskrabbit,2024-01-24,92.25,4.3,4.5,services
USER075,taskrabbit,2024-01-25,32.3,1.4,4.6,services
USER075,taskrabbit,2024-01-28,139.93,5.3,4.8,services
USER075,taskrabbit,2024-01-30,103.4,4.8,4.6,services
USER075,taskrabbit,2024-02-02,99.23,4.7,4.3,services
USER075,taskrabbit,2024-02-04,113.12,5.1,4.0,services
USER075,taskrabbit,2024-02-06,34.32,1.4,4.3,services
USER075,taskrabbit,2024-02-07,58.04,2.0,4.4,services
USER075,taskrabbit,2024-02-08,123.29,3.6,4.6,services
USER075,taskrabbit,2024-02-11,101.97,5.5,4.7,services
USER075,taskrabbit,2024-02-12,101.96,5.0,4.3,services
USER075,taskrabbit,2024-02-13,74.31,3.5,4.6,services
USER075,taskrabbit,2024-02-14,126.5,4.6,4.0,services
USER075,taskrabbit,2024-02-17,63.81,3.1,4.7,services
USER075,taskrabbit,2024-02-18,60.44,2.3,4.4,services
USER075,taskrabbit,2024-02-19,80.9,2.1,4.2,services
USER075,taskrabbit,2024-02-20,111.3,4.8,4.9,services
USER075,taskrabbit,2024-02-21,52.23,2.3,4.1,services
USER075,taskrabbit,2024-02-22,86.49,2.3,4.5,services
USER075,taskrabbit,2024-02-23,94.18,4.8,4.8,services
USER075,taskrabbit,2024-02-24,152.24,5.7,4.6,services
USER075,taskrabbit,2024-02-25,72.25,3.3,4.7,services
USER075,taskrabbit,2024-02-26,76.43,2.6,4.0,services
USER075,taskrabbit,2024-02-28,91.6,2.8,4.3,services
USER075,taskrabbit,2024-02-29,31.72,1.2,4.3,services
USER075,taskrabbit,2024-03-01,52.39,2.1,4.1,services
USER075,taskrabbit,2024-03-02,61.79,3.7,4.4,services
USER075,taskrabbit,2024-03-03,130.52,5.6,4.9,services
USER075,taskrabbit,2024-03-04,145.51,5.8,4.5,services
USER075,taskrabbit,2024-03-05,33.6,1.9,4.2,services
USER075,taskrabbit,2024-03-06,119.99,5.1,4.1,services
USER075,taskrabbit,2024-03-07,101.32,4.8,4.0,services
USER075,taskrabbit,2024-03-08,86.72,3.3,4.6,services
USER075,taskrabbit,2024-03-10,91.48,3.9,4.2,services
USER075,taskrabbit,2024-03-12,146.15,5.9,4.7,services
USER075,taskrabbit,2024-03-13,42.72,1.7,4.5,services
USER075,taskrabbit,2024-03-14,119.12,4.2,4.2,services
USER075,taskrabbit,2024-03-16,112.76,4.4,4.5,services
USER075,taskrabbit,2024-03-18,29.68,1.0,4.8,services
USER075,taskrabbit,2024-03-21,64.92,3.8,4.4,services
USER075,taskrabbit,2024-03-25,38.58,1.2,4.2,services
USER075,taskrabbit,2024-03-26,126.59,5.1,4.6,services
USER075,taskrabbit,2024-03-28,85.21,2.2,4.3,services
USER075,taskrabbit,2024-03-29,151.91,5.9,4.4,services
USER075,taskrabbit,2024-03-30,47.5,1.6,4.6,services
USER075,ubereats,2024-01-01,16.42,1.0,4.2,delivery
USER075,ubereats,2024-01-02,62.48,3.8,4.5,delivery
USER075,ubereats,2024-01-03,106.28,6.9,4.9,delivery
USER075,ubereats,2024-01-05,100.88,7.9,4.9,delivery
USER075,ubereats,2024-01-06,119.65,7.6,4.7,delivery
USER075,ubereats,2024-01-07,61.84,3.7,4.3,delivery
USER075,ubereats,2024-01-08,30.14,1.5,4.6,delivery
USER075,ubereats,2024-01-09,91.56,5.8,4.7,delivery
USER075,ubereats,2024-01-11,109.21,5.2,4.9,delivery
USER075,ubereats,2024-01-13,83.73,6.4,4.6,delivery
USER075,ubereats,2024-01-15,111.2,6.4,4.5,delivery
USER075,ubereats,2024-01-17,63.06,5.3,4.1,delivery
USER075,ubereats,2024-01-19,49.79,3.5,4.3,delivery
USER075,ubereats,2024-01-21,39.43,2.5,4.2,delivery
USER075,ubereats,2024-01-22,101.32,7.2,4.6,delivery
USER075,ubereats,2024-01-23,90.98,4.9,4.0,delivery
USER075,ubereats,2024-01-25,79.72,6.0,4.8,delivery
USER075,ubereats,2024-01-30,80.49,5.0,4.2,delivery
USER075,ubereats,2024-01-31,101.92,6.5,4.7,delivery
USER075,ubereats,2024-02-02,116.7,7.5,4.1,delivery
USER075,ubereats,2024-02-05,43.76,3.0,4.3,delivery
USER075,ubereats,2024-02-07,99.85,6.9,4.2,delivery
USER075,ubereats,2024-02-08,85.43,4.6,4.7,delivery
USER075,ubereats,2024-02-11,12.75,1.1,4.6,delivery
USER075,ubereats,2024-02-12,18.42,1.1,4.5,delivery
USER075,ubereats,2024-02-17,102.55,5.6,4.3,delivery
USER075,ubereats,2024-02-22,64.33,5.8,4.8,delivery
USER075,ubereats,2024-02-24,69.26,5.6,4.8,delivery
USER075,ubereats,2024-02-25,71.86,5.9,4.6,delivery
USER075,ubereats,2024-02-29,69.51,3.4,4.0,delivery
USER075,ubereats,2024-03-02,85.49,5.9,4.1,delivery
USER075,ubereats,2024-03-05,30.73,2.1,4.5,delivery
USER075,ubereats,2024-03-06,136.88,7.7,4.9,delivery
USER075,ubereats,2024-03-07,28.63,1.9,4.0,delivery
USER075,ubereats,2024-03-11,62.35,3.9,4.5,delivery
USER075,ubereats,2024-03-14,114.51,7.2,4.7,delivery
USER075,ubereats,2024-03-15,80.4,6.5,4.9,delivery
USER075,ubereats,2024-03-16,85.97,6.4,4.6,delivery
USER075,ubereats,2024-03-18,65.47,4.4,4.4,delivery
USER075,ubereats,2024-03-20,53.06,3.9,4.4,delivery
USER075,ubereats,2024-03-21,103.69,7.7,4.3,delivery
USER075,ubereats,2024-03-23,58.39,3.8,4.5,delivery
USER075,ubereats,2024-03-24,15.94,1.4,4.3,delivery
USER075,ubereats,2024-03-26,44.03,3.0,4.3,delivery
USER075,ubereats,2024-03-27,122.33,7.8,4.5,delivery
USER075,ubereats,2024-03-28,72.39,5.9,4.3,delivery
USER075,ubereats,2024-03-30,18.12,1.3,4.3,delivery
USER075,fiverr,2024-01-01,44.47,1.9,4.1,freelance
USER075,fiverr,2024-01-02,437.68,8.9,4.3,freelance
USER075,fiverr,2024-01-03,216.39,6.2,4.7,freelance
USER075,fiverr,2024-01-04,149.08,2.4,4.7,freelance
USER075,fiverr,2024-01-05,334.63,5.2,4.5,freelance
USER075,fiverr,2024-01-08,374.35,5.1,4.2,freelance
USER075,fiverr,2024-01-09,189.86,6.6,4.6,freelance
USER075,fiverr,2024-01-10,50.16,1.9,4.7,freelance
USER075,fiverr,2024-01-11,123.81,3.3,5.0,freelance
USER075,fiverr,2024-01-12,357.4,7.3,4.6,freelance
USER075,fiverr,2024-01-14,358.46,7.6,4.5,freelance
USER075,fiverr,2024-01-15,195.31,3.8,4.5,freelance
USER075,fiverr,2024-01-16,68.15,1.7,4.6,freelance
USER075,fiverr,2024-01-17,197.76,7.2,4.7,freelance
USER075,fiverr,2024-01-19,233.68,7.0,4.4,freelance
USER075,fiverr,2024-01-20,275.89,5.4,4.9,freelance
USER075,fiverr,2024-01-22,741.83,9.3,4.5,freelance
USER075,fiverr,2024-01-24,272.91,4.4,4.1,freelance
USER075,fiverr,2024-01-25,154.86,3.0,4.2,freelance
USER075,fiverr,2024-01-27,346.79,7.2,4.9,freelance
USER075,fiverr,2024-01-28,605.14,7.9,4.3,freelance
USER075,fiverr,2024-01-30,408.59,7.2,4.7,freelance
USER075,fiverr,2024-01-31,251.26,5.5,4.8,freelance
USER075,fiverr,2024-02-03,308.41,4.0,4.3,freelance
USER075,fiverr,2024-02-04,194.43,2.8,4.1,freelance
USER075,fiverr,2024-02-05,379.73,6.7,4.1,freelance
USER075,fiverr,2024-02-07,392.45,8.0,4.4,freelance
USER075,fiverr,2024-02-09,185.0,7.1,4.6,freelance
USER075,fiverr,2024-02-13,241.3,4.6,4.4,freelance
USER075,fiverr,2024-02-14,475.42,7.0,4.8,freelance
USER075,fiverr,2024-02-15,221.24,7.5,4.3,freelance
USER075,fiverr,2024-02-20,73.78,2.8,4.5,freelance
USER075,fiverr,2024-02-21,480.88,8.1,4.4,freelance
USER075,fiverr,2024-02-22,508.16,7.8,5.0,freelance
USER075,fiverr,2024-02-23,122.63,2.4,4.0,freelance
USER075,fiverr,2024-02-24,302.9,4.2,4.2,freelance
USER075,fiverr,2024-03-01,252.38,5.8,4.5,freelance
USER075,fiverr,2024-03-03,163.32,5.6,4.4,freelance
USER075,fiverr,2024-03-04,655.74,9.9,4.3,freelance
USER075,fiverr,2024-03-06,263.26,6.3,4.8,freelance
USER075,fiverr,2024-03-07,528.12,6.5,4.3,freelance
USER075,fiverr,2024-03-09,217.21,8.9,4.5,freelance
USER075,fiverr,2024-03-14,371.56,7.6,4.6,freelance
USER075,fiverr,2024-03-15,59.35,1.1,4.9,freelance
USER075,fiverr,2024-03-16,174.3,8.3,4.4,freelance
USER075,fiverr,2024-03-18,261.66,6.4,5.0,freelance
USER075,fiverr,2024-03-19,244.51,5.8,4.6,freelance
USER075,fiverr,2024-03-23,71.58,2.6,4.0,freelance
USER075,fiverr,2024-03-24,434.41,6.2,4.8,freelance
USER075,fiverr,2024-03-26,486.35,7.7,4.8,freelance
USER075,fiverr,2024-03-27,195.19,7.0,4.8,freelance
USER075,fiverr,2024-03-29,199.55,8.5,4.1,freelance
USER076,doordash,2024-01-01,142.7,7.4,4.3,delivery
USER076,doordash,2024-01-03,40.44,3.3,4.3,delivery
USER076,doordash,2024-01-04,30.78,2.7,4.7,delivery
USER076,doordash,2024-01-06,27.93,2.3,4.9,delivery
USER076,doordash,2024-01-07,39.14,2.1,4.3,delivery
USER076,doordash,2024-01-10,41.61,2.6,4.2,delivery
USER076,doordash,2024-01-11,81.55,5.5,4.4,delivery
USER076,doordash,2024-01-12,102.38,5.9,4.7,delivery
USER076,doordash,2024-01-14,108.46,4.8,4.9,delivery
USER076,doordash,2024-01-16,40.43,2.5,4.3,delivery
USER076,doordash,2024-01-17,53.05,4.3,4.4,delivery
USER076,doordash,2024-01-19,47.85,4.4,4.1,delivery
USER076,doordash,2024-01-21,33.25,2.1,4.7,delivery
USER076,doordash,2024-01-23,25.3,2.0,4.6,delivery
USER076,doordash,2024-01-24,64.3,4.2,4.5,delivery
USER076,doordash,2024-01-27,22.57,1.4,4.6,delivery
USER076,doordash,2024-01-28,173.47,7.6,4.2,delivery
USER076,doordash,2024-01-30,104.41,7.5,4.2,delivery
USER076,doordash,2024-01-31,73.27,3.7,4.0,delivery
USER076,doordash,2024-02-01,147.88,7.4,4.0,delivery
USER076,doordash,2024-02-03,20.0,1.5,4.9,delivery
USER076,doordash,2024-02-04,52.09,2.8,4.4,delivery
USER076,doordash,2024-02-05,84.86,5.5,4.7,delivery
USER076,doordash,2024-02-08,112.95,7.4,4.6,delivery
USER076,doordash,2024-02-09,61.05,4.2,4.9,delivery
USER076,doordash,2024-02-11,152.45,7.2,4.2,delivery
USER076,doordash,2024-02-12,115.58,7.6,4.6,delivery
USER076,doordash,2024-02-16,100.45,5.1,4.3,delivery
USER076,doordash,2024-02-17,25.29,1.4,4.2,delivery
USER076,doordash,2024-02-19,91.56,6.2,4.0,delivery
USER076,doordash,2024-02-20,97.11,7.1,4.4,delivery
USER076,doordash,2024-02-22,75.85,5.8,4.7,delivery
USER076,doordash,2024-02-24,43.98,2.9,4.4,delivery
USER076,doordash,2024-02-27,53.6,3.7,4.8,delivery
USER076,doordash,2024-02-28,117.82,7.5,4.2,delivery
USER076,doordash,2024-03-02,94.66,5.7,4.6,delivery
USER076,doordash,2024-03-05,70.53,3.6,4.2,delivery
USER076,doordash,2024-03-06,47.96,4.0,4.4,delivery
USER076,doordash,2024-03-08,77.63,5.0,4.0,delivery
USER076,doordash,2024-03-09,60.04,4.4,4.4,delivery
USER076,doordash,2024-03-10,120.13,6.9,4.2,delivery
USER076,doordash,2024-03-12,110.65,7.0,4.1,delivery
USER076,doordash,2024-03-13,91.28,7.9,4.1,delivery
USER076,doordash,2024-03-18,115.71,7.2,4.2,delivery
USER076,doordash,2024-03-19,64.2,3.3,4.4,delivery
USER076,doordash,2024-03-20,119.03,5.3,4.4,delivery
USER076,doordash,2024-03-24,48.89,2.1,4.4,delivery
USER076,doordash,2024-03-25,56.93,4.8,4.4,delivery
USER076,doordash,2024-03-27,68.07,4.5,4.9,delivery
USER076,doordash,2024-03-28,120.39,6.2,4.1,delivery
USER076,doordash,2024-03-29,13.47,1.3,5.0,delivery
USER077,uber,2024-01-02,51.09,3.1,4.3,rideshare
USER077,uber,2024-01-03,75.32,4.8,4.8,rideshare
USER077,uber,2024-01-06,54.27,3.9,4.8,rideshare
USER077,uber,2024-01-07,226.71,12.0,4.6,rideshare
USER077,uber,2024-01-08,138.88,4.9,4.1,rideshare
USER077,uber,2024-01-09,155.24,8.7,5.0,rideshare
USER077,uber,2024-01-10,105.49,5.7,4.1,rideshare
USER077,uber,2024-01-12,47.31,2.4,4.8,rideshare
USER077,uber,2024-01-13,177.53,8.5,4.3,rideshare
USER077,uber,2024-01-14,104.84,5.3,4.4,rideshare
USER077,uber,2024-01-15,88.09,6.6,4.2,rideshare
USER077,uber,2024-01-16,85.7,5.9,4.3,rideshare
USER077,uber,2024-01-17,175.02,6.3,4.5,rideshare
USER077,uber,2024-01-18,85.35,5.7,4.1,rideshare
USER077,uber,2024-01-19,124.21,6.2,4.6,rideshare
USER077,uber,2024-01-22,86.06,4.2,4.0,rideshare
USER077,uber,2024-01-23,74.44,3.9,4.1,rideshare
USER077,uber,2024-01-25,141.26,5.2,4.2,rideshare
USER077,uber,2024-01-27,210.39,9.9,4.4,rideshare
USER077,uber,2024-01-28,234.19,11.5,4.4,rideshare
USER077,uber,2024-01-29,187.42,11.3,4.6,rideshare
USER077,uber,2024-01-30,201.28,10.7,4.9,rideshare
USER077,uber,2024-02-01,164.67,10.1,4.5,rideshare
USER077,uber,2024-02-02,215.21,8.2,4.1,rideshare
USER077,uber,2024-02-04,190.88,9.9,4.5,rideshare
USER077,uber,2024-02-06,164.36,9.1,4.3,rideshare
USER077,uber,2024-02-07,142.6,8.4,4.3,rideshare
USER077,uber,2024-02-08,76.3,4.6,4.2,rideshare
USER077,uber,2024-02-10,121.28,5.9,4.3,rideshare
USER077,uber,2024-02-11,99.87,5.3,4.2,rideshare
USER077,uber,2024-02-13,75.27,3.5,4.0,rideshare
USER077,uber,2024-02-14,143.94,8.2,4.4,rideshare
USER077,uber,2024-02-15,109.06,6.9,4.9,rideshare
USER077,uber,2024-02-16,111.87,8.1,4.4,rideshare
USER077,uber,2024-02-19,62.77,3.0,4.6,rideshare
USER077,uber,2024-02-20,73.39,4.5,4.1,rideshare
USER077,uber,2024-02-23,196.69,11.7,4.8,rideshare
USER077,uber,2024-02-24,58.23,3.4,4.9,rideshare
USER077,uber,2024-02-25,235.62,11.2,4.6,rideshare
USER077,uber,2024-02-29,162.39,8.7,4.7,rideshare
USER077,uber,2024-03-01,244.79,11.5,4.9,rideshare
USER077,uber,2024-03-02,180.17,9.7,4.9,rideshare
USER077,uber,2024-03-03,218.92,8.0,4.0,rideshare
USER077,uber,2024-03-04,221.48,12.0,4.8,rideshare
USER077,uber,2024-03-05,136.15,8.5,4.3,rideshare
USER077,uber,2024-03-08,111.01,6.2,4.4,rideshare
USER077,uber,2024-03-10,56.39,2.4,5.0,rideshare
USER077,uber,2024-03-13,111.75,7.7,4.1,rideshare
USER077,uber,2024-03-14,37.27,2.7,4.0,rideshare
USER077,uber,2024-03-15,256.98,11.5,4.0,rideshare
USER077,uber,2024-03-16,200.67,9.6,4.7,rideshare
USER077,uber,2024-03-19,144.17,7.2,4.2,rideshare
USER077,uber,2024-03-21,175.33,7.6,4.1,rideshare
USER077,uber,2024-03-22,119.88,6.4,5.0,rideshare
USER077,uber,2024-03-25,143.95,5.4,4.7,rideshare
USER077,uber,2024-03-26,151.15,5.5,4.9,rideshare
USER077,uber,2024-03-29,199.7,10.2,4.9,rideshare
USER077,doordash,2024-01-01,45.45,3.0,4.9,delivery
USER077,doordash,2024-01-03,40.47,2.4,4.9,delivery
USER077,doordash,2024-01-05,135.69,7.9,4.2,delivery
USER077,doordash,2024-01-07,34.85,2.2,4.0,delivery
USER077,doordash,2024-01-09,20.72,1.6,4.0,delivery
USER077,doordash,2024-01-12,41.11,2.7,4.8,delivery
USER077,doordash,2024-01-13,91.68,5.3,4.3,delivery
USER077,doordash,2024-01-15,31.7,1.8,4.1,delivery
USER077,doordash,2024-01-16,48.75,2.8,4.6,delivery
USER077,doordash,2024-01-17,59.02,3.0,4.9,delivery
USER077,doordash,2024-01-18,83.21,7.7,4.7,delivery
USER077,doordash,2024-01-22,48.31,3.4,4.8,delivery
USER077,doordash,2024-01-24,81.64,6.2,4.6,delivery
USER077,doordash,2024-01-26,105.08,5.1,4.7,delivery
USER077,doordash,2024-01-27,65.82,4.5,4.3,delivery
USER077,doordash,2024-01-29,33.29,2.3,5.0,delivery
USER077,doordash,2024-01-30,149.14,7.7,4.2,delivery
USER077,doordash,2024-01-31,71.0,3.9,4.3,delivery
USER077,doordash,2024-02-01,132.14,6.9,4.8,delivery
USER077,doordash,2024-02-03,25.65,1.3,4.1,delivery
USER077,doordash,2024-02-04,93.63,6.4,4.3,delivery
USER077,doordash,2024-02-05,57.25,4.7,4.3,delivery
USER077,doordash,2024-02-07,86.53,7.5,4.5,delivery
USER077,doordash,2024-02-09,62.77,3.1,4.7,delivery
USER077,doordash,2024-02-10,115.23,7.3,4.8,delivery
USER077,doordash,2024-02-11,15.85,1.0,4.6,delivery
USER077,doordash,2024-02-12,89.92,7.6,4.3,delivery
USER077,doordash,2024-02-14,88.14,5.9,4.4,delivery
USER077,doordash,2024-02-15,91.62,6.3,4.8,delivery
USER077,doordash,2024-02-16,23.48,1.3,4.7,delivery
USER077,doordash,2024-02-18,66.78,5.0,4.5,delivery
USER077,doordash,2024-02-21,80.54,3.7,4.5,delivery
USER077,doordash,2024-02-23,110.79,8.0,4.7,delivery
USER077,doordash,2024-02-26,136.61,7.2,4.3,delivery
USER077,doordash,2024-02-28,98.37,7.2,4.1,delivery
USER077,doordash,2024-02-29,67.09,4.7,4.4,delivery
USER077,doordash,2024-03-01,75.82,4.6,4.8,delivery
USER077,doordash,2024-03-03,110.24,6.7,4.6,delivery
USER077,doordash,2024-03-04,116.16,6.2,4.8,delivery
USER077,doordash,2024-03-05,61.32,4.5,4.3,delivery
USER077,doordash,2024-03-06,70.0,3.2,4.0,delivery
USER077,doordash,2024-03-08,35.3,1.9,4.6,delivery
USER077,doordash,2024-03-10,24.64,1.4,4.4,delivery
USER077,doordash,2024-03-12,47.37,3.2,4.3,delivery
USER077,doordash,2024-03-19,37.63,2.5,4.3,delivery
USER077,doordash,2024-03-21,50.11,3.5,4.8,delivery
USER077,doordash,2024-03-23,46.91,3.9,4.3,delivery
USER077,doordash,2024-03-28,40.63,3.1,4.4,delivery
USER077,doordash,2024-03-29,54.98,3.5,4.2,delivery
USER077,ubereats,2024-01-01,58.96,3.7,4.7,delivery
USER077,ubereats,2024-01-03,86.79,7.3,4.8,delivery
USER077,ubereats,2024-01-04,93.59,5.7,4.9,delivery
USER077,ubereats,2024-01-08,63.44,4.6,5.0,delivery
USER077,ubereats,2024-01-09,41.78,3.3,4.2,delivery
USER077,ubereats,2024-01-11,51.09,3.4,4.5,delivery
USER077,ubereats,2024-01-13,62.34,5.5,4.8,delivery
USER077,ubereats,2024-01-16,85.68,5.0,4.4,delivery
USER077,ubereats,2024-01-17,43.41,3.6,4.7,delivery
USER077,ubereats,2024-01-18,45.82,3.1,4.5,delivery
USER077,ubereats,2024-01-20,56.05,3.5,4.2,delivery
USER077,ubereats,2024-01-23,110.63,7.0,4.0,delivery
USER077,ubereats,2024-01-24,93.75,7.1,4.9,delivery
USER077,ubereats,2024-01-30,87.91,5.6,4.7,delivery
USER077,ubereats,2024-02-02,80.55,4.6,4.7,delivery
USER077,ubereats,2024-02-04,98.77,7.1,4.5,delivery
USER077,ubereats,2024-02-05,113.49,6.4,4.1,delivery
USER077,ubereats,2024-02-06,81.13,4.3,4.5,delivery
USER077,ubereats,2024-02-07,38.74,2.2,4.2,delivery
USER077,ubereats,2024-02-11,71.5,5.9,4.4,delivery
USER077,ubereats,2024-02-15,79.47,4.8,4.2,delivery
USER077,ubereats,2024-02-17,70.3,4.4,4.8,delivery
USER077,ubereats,2024-02-18,63.0,4.8,4.8,delivery
USER077,ubereats,2024-02-19,64.34,3.8,4.4,delivery
USER077,ubereats,2024-02-20,57.41,3.6,4.1,delivery
USER077,ubereats,2024-02-23,100.7,5.9,4.9,delivery
USER077,ubereats,2024-02-24,68.55,3.8,4.8,delivery
USER077,ubereats,2024-02-25,88.53,6.2,4.6,delivery
USER077,ubereats,2024-02-26,95.16,5.5,4.9,delivery
USER077,ubereats,2024-02-27,25.54,1.5,4.3,delivery
USER077,ubereats,2024-02-28,34.91,2.3,4.4,delivery
USER077,ubereats,2024-03-02,60.28,5.8,4.8,delivery
USER077,ubereats,2024-03-03,75.52,5.7,4.6,delivery
USER077,ubereats,2024-03-04,83.49,5.8,4.3,delivery
USER077,ubereats,2024-03-05,102.15,7.9,4.6,delivery
USER077,ubereats,2024-03-06,72.47,6.4,4.3,delivery
USER077,ubereats,2024-03-07,109.95,6.8,4.1,delivery
USER077,ubereats,2024-03-08,76.86,4.6,4.2,delivery
USER077,ubereats,2024-03-09,53.37,5.0,4.1,delivery
USER077,ubereats,2024-03-11,74.3,4.0,4.4,delivery
USER077,ubereats,2024-03-13,52.27,2.5,4.4,delivery
USER077,ubereats,2024-03-15,44.67,2.4,4.2,delivery
USER077,ubereats,2024-03-16,29.17,2.6,4.2,delivery
USER077,ubereats,2024-03-21,39.58,3.4,4.4,delivery
USER077,ubereats,2024-03-22,28.84,1.5,4.7,delivery
USER077,ubereats,2024-03-23,113.07,7.0,4.0,delivery
USER077,ubereats,2024-03-24,18.14,1.0,4.7,delivery
USER077,ubereats,2024-03-25,31.3,2.3,4.3,delivery
USER077,ubereats,2024-03-27,113.73,6.6,4.8,delivery
USER077,ubereats,2024-03-30,140.29,7.8,4.4,delivery
USER078,instacart,2024-01-01,84.22,5.1,4.0,delivery
USER078,instacart,2024-01-02,136.92,6.3,4.9,delivery
USER078,instacart,2024-01-04,67.33,3.6,4.0,delivery
USER078,instacart,2024-01-05,63.88,3.1,4.9,delivery
USER078,instacart,2024-01-07,48.31,2.9,4.2,delivery
USER078,instacart,2024-01-10,85.49,4.4,4.1,delivery
USER078,instacart,2024-01-11,68.48,4.4,4.1,delivery
USER078,instacart,2024-01-13,68.09,5.1,4.6,delivery
USER078,instacart,2024-01-15,22.77,1.3,4.0,delivery
USER078,instacart,2024-01-21,74.42,4.0,4.1,delivery
USER078,instacart,2024-01-23,30.2,2.7,5.0,delivery
USER078,instacart,2024-01-24,74.19,3.3,4.3,delivery
USER078,instacart,2024-01-25,89.07,6.6,4.1,delivery
USER078,instacart,2024-01-27,88.29,3.9,4.5,delivery
USER078,instacart,2024-01-28,78.0,7.2,5.0,delivery
USER078,instacart,2024-01-29,84.39,5.4,4.6,delivery
USER078,instacart,2024-01-30,85.36,4.3,4.1,delivery
USER078,instacart,2024-01-31,160.59,7.2,4.0,delivery
USER078,instacart,2024-02-02,61.42,4.4,5.0,delivery
USER078,instacart,2024-02-03,79.24,6.9,4.6,delivery
USER078,instacart,2024-02-04,59.88,3.8,5.0,delivery
USER078,instacart,2024-02-07,23.58,1.8,4.9,delivery
USER078,instacart,2024-02-09,19.27,1.1,4.2,delivery
USER078,instacart,2024-02-10,142.75,7.9,4.9,delivery
USER078,instacart,2024-02-11,13.72,1.0,4.0,delivery
USER078,instacart,2024-02-12,34.42,2.4,5.0,delivery
USER078,instacart,2024-02-13,84.66,6.6,4.4,delivery
USER078,instacart,2024-02-14,117.36,7.9,4.7,delivery
USER078,instacart,2024-02-15,135.1,6.7,4.9,delivery
USER078,instacart,2024-02-16,21.07,1.3,4.6,delivery
USER078,instacart,2024-02-18,32.1,1.7,4.7,delivery
USER078,instacart,2024-02-19,113.91,6.9,4.6,delivery
USER078,instacart,2024-02-20,128.89,7.7,4.1,delivery
USER078,instacart,2024-02-22,18.36,1.7,4.5,delivery
USER078,instacart,2024-02-24,96.77,6.4,4.7,delivery
USER078,instacart,2024-02-27,64.87,4.6,4.7,delivery
USER078,instacart,2024-02-29,26.63,1.3,4.2,delivery
USER078,instacart,2024-03-01,22.95,1.2,4.7,delivery
USER078,instacart,2024-03-02,76.14,3.3,4.5,delivery
USER078,instacart,2024-03-04,108.72,5.3,4.5,delivery
USER078,instacart,2024-03-05,44.81,4.2,4.1,delivery
USER078,instacart,2024-03-06,124.23,6.5,4.6,delivery
USER078,instacart,2024-03-07,85.21,5.8,4.5,delivery
USER078,instacart,2024-03-09,115.15,7.8,4.3,delivery
USER078,instacart,2024-03-12,15.74,1.5,4.7,delivery
USER078,instacart,2024-03-14,22.97,1.0,4.5,delivery
USER078,instacart,2024-03-15,35.85,1.8,5.0,delivery
USER078,instacart,2024-03-16,43.66,2.8,4.0,delivery
USER078,instacart,2024-03-18,54.38,3.2,4.7,delivery
USER078,instacart,2024-03-19,42.78,3.5,4.3,delivery
USER078,instacart,2024-03-25,25.44,1.4,4.6,delivery
USER078,instacart,2024-03-27,36.68,2.8,4.4,delivery
USER078,instacart,2024-03-28,71.51,3.2,4.2,delivery
USER078,instacart,2024-03-30,57.17,3.4,4.9,delivery
USER078,upwork,2024-01-01,58.49,2.1,4.4,freelance
USER078,upwork,2024-01-03,195.33,7.3,4.0,freelance
USER078,upwork,2024-01-04,200.64,3.0,4.1,freelance
USER078,upwork,2024-01-05,265.86,4.0,5.0,freelance
USER078,upwork,2024-01-08,430.95,6.8,4.2,freelance
USER078,upwork,2024-01-09,75.06,3.2,4.9,freelance
USER078,upwork,2024-01-10,353.12,7.7,4.6,freelance
USER078,upwork,2024-01-11,530.49,5.6,4.7,freelance
USER078,upwork,2024-01-13,287.29,4.3,4.9,freelance
USER078,upwork,2024-01-15,84.75,1.6,4.4,freelance
USER078,upwork,2024-01-16,98.95,2.6,4.5,freelance
USER078,upwork,2024-01-17,409.55,9.3,4.8,freelance
USER078,upwork,2024-01-18,223.95,9.6,4.5,freelance
USER078,upwork,2024-01-20,591.88,8.9,4.3,freelance
USER078,upwork,2024-01-21,462.94,7.5,4.2,freelance
USER078,upwork,2024-01-22,114.8,3.9,4.5,freelance
USER078,upwork,2024-01-23,130.84,3.4,4.9,freelance
USER078,upwork,2024-01-25,67.06,2.5,4.6,freelance
USER078,upwork,2024-01-27,97.89,3.8,4.6,freelance
USER078,upwork,2024-01-29,155.18,4.0,4.8,freelance
USER078,upwork,2024-01-31,413.15,9.6,4.1,freelance
USER078,upwork,2024-02-01,31.22,1.5,4.8,freelance
USER078,upwork,2024-02-02,34.88,2.0,4.4,freelance
USER078,upwork,2024-02-04,189.75,5.2,4.7,freelance
USER078,upwork,2024-02-07,429.63,6.6,4.9,freelance
USER078,upwork,2024-02-09,316.85,4.8,4.6,freelance
USER078,upwork,2024-02-10,413.49,5.3,5.0,freelance
USER078,upwork,2024-02-13,330.23,4.9,4.1,freelance
USER078,upwork,2024-02-14,102.5,5.0,4.3,freelance
USER078,upwork,2024-02-16,399.9,7.4,4.6,freelance
USER078,upwork,2024-02-17,445.46,5.0,4.6,freelance
USER078,upwork,2024-02-18,299.21,6.9,4.6,freelance
USER078,upwork,2024-02-19,67.14,2.3,4.8,freelance
USER078,upwork,2024-02-23,343.92,4.3,4.2,freelance
USER078,upwork,2024-02-26,392.4,8.3,4.1,freelance
USER078,upwork,2024-02-29,447.85,8.8,4.5,freelance
USER078,upwork,2024-03-03,223.99,5.4,5.0,freelance
USER078,upwork,2024-03-05,508.36,8.1,4.5,freelance
USER078,upwork,2024-03-07,505.87,9.2,4.3,freelance
USER078,upwork,2024-03-08,302.84,4.6,4.3,freelance
USER078,upwork,2024-03-09,499.72,7.5,4.8,freelance
USER078,upwork,2024-03-10,639.47,7.4,4.9,freelance
USER078,upwork,2024-03-11,361.69,5.2,4.3,freelance
USER078,upwork,2024-03-12,273.28,4.2,4.6,freelance
USER078,upwork,2024-03-13,683.18,8.6,4.6,freelance
USER078,upwork,2024-03-14,202.92,7.6,4.8,freelance
USER078,upwork,2024-03-16,123.37,3.1,4.2,freelance
USER078,upwork,2024-03-17,281.38,3.6,4.4,freelance
USER078,upwork,2024-03-19,149.55,5.7,4.5,freelance
USER078,upwork,2024-03-23,162.39,3.6,5.0,freelance
USER078,upwork,2024-03-25,268.61,9.1,4.2,freelance
USER078,upwork,2024-03-27,422.93,8.2,4.3,freelance
USER078,upwork,2024-03-28,131.83,2.1,4.3,freelance
USER079,upwork,2024-01-01,426.87,8.3,4.6,freelance
USER079,upwork,2024-01-03,64.33,1.5,4.6,freelance
USER079,upwork,2024-01-04,268.14,9.9,4.2,freelance
USER079,upwork,2024-01-06,69.72,2.5,4.2,freelance
USER079,upwork,2024-01-08,254.31,4.4,4.3,freelance
USER079,upwork,2024-01-09,289.94,6.8,4.3,freelance
USER079,upwork,2024-01-11,210.0,5.8,4.2,freelance
USER079,upwork,2024-01-13,237.42,8.9,4.4,freelance
USER079,upwork,2024-01-14,420.79,8.0,4.1,freelance
USER079,upwork,2024-01-15,75.51,3.6,4.0,freelance
USER079,upwork,2024-01-16,354.76,7.4,4.9,freelance
USER079,upwork,2024-01-17,154.89,5.2,4.4,freelance
USER079,upwork,2024-01-19,56.79,1.5,4.2,freelance
USER079,upwork,2024-01-20,278.39,4.5,4.6,freelance
USER079,upwork,2024-01-22,288.35,4.8,4.4,freelance
USER079,upwork,2024-01-23,164.19,2.0,5.0,freelance
USER079,upwork,2024-01-25,134.17,4.2,4.3,freelance
USER079,upwork,2024-01-27,75.28,1.2,4.9,freelance
USER079,upwork,2024-01-28,220.01,4.4,4.0,freelance
USER079,upwork,2024-01-29,182.09,2.3,4.1,freelance
USER079,upwork,2024-01-30,484.81,8.5,4.6,freelance
USER079,upwork,2024-01-31,586.6,9.0,4.3,freelance
USER079,upwork,2024-02-01,348.32,9.5,4.2,freelance
USER079,upwork,2024-02-03,64.58,1.4,4.1,freelance
USER079,upwork,2024-02-06,163.46,6.1,4.9,freelance
USER079,upwork,2024-02-07,194.79,5.6,4.4,freelance
USER079,upwork,2024-02-09,82.09,1.3,4.4,freelance
USER079,upwork,2024-02-13,781.95,9.2,4.5,freelance
USER079,upwork,2024-02-14,72.29,2.9,4.2,freelance
USER079,upwork,2024-02-16,114.04,3.0,4.2,freelance
USER079,upwork,2024-02-17,63.46,1.4,4.5,freelance
USER079,upwork,2024-02-18,357.06,6.7,4.6,freelance
USER079,upwork,2024-02-20,132.01,3.5,4.9,freelance
USER079,upwork,2024-02-21,187.03,7.5,4.6,freelance
USER079,upwork,2024-02-22,157.95,2.8,4.5,freelance
USER079,upwork,2024-02-23,256.84,3.7,4.7,freelance
USER079,upwork,2024-02-26,175.53,4.4,5.0,freelance
USER079,upwork,2024-03-02,212.87,7.7,4.3,freelance
USER079,upwork,2024-03-03,191.77,2.5,4.5,freelance
USER079,upwork,2024-03-05,172.65,4.7,4.2,freelance
USER079,upwork,2024-03-09,569.11,7.9,4.8,freelance
USER079,upwork,2024-03-10,446.99,9.1,4.1,freelance
USER079,upwork,2024-03-11,111.83,4.6,4.7,freelance
USER079,upwork,2024-03-12,150.65,4.6,4.8,freelance
USER079,upwork,2024-03-13,173.91,4.0,4.6,freelance
USER079,upwork,2024-03-14,398.55,8.2,4.4,freelance
USER079,upwork,2024-03-15,75.61,2.3,4.6,freelance
USER079,upwork,2024-03-17,197.11,6.0,4.9,freelance
USER079,upwork,2024-03-19,214.5,4.4,4.2,freelance
USER079,upwork,2024-03-20,322.64,4.3,4.8,freelance
USER079,upwork,2024-03-23,115.82,6.3,5.0,freelance
USER079,upwork,2024-03-24,432.91,7.6,4.5,freelance
USER079,upwork,2024-03-25,161.89,2.0,4.6,freelance
USER079,upwork,2024-03-27,244.11,6.8,4.9,freelance
USER079,upwork,2024-03-28,139.12,4.0,4.0,freelance
USER079,upwork,2024-03-30,295.04,6.5,4.7,freelance
USER079,taskrabbit,2024-01-01,23.05,1.0,4.0,services
USER079,taskrabbit,2024-01-03,28.13,1.7,4.8,services
USER079,taskrabbit,2024-01-04,114.92,3.5,4.6,services
USER079,taskrabbit,2024-01-11,116.03,5.1,4.1,services
USER079,taskrabbit,2024-01-12,65.01,2.2,4.6,services
USER079,taskrabbit,2024-01-14,34.96,1.1,4.8,services
USER079,taskrabbit,2024-01-15,119.95,4.1,4.5,services
USER079,taskrabbit,2024-01-20,130.73,5.1,4.5,services
USER079,taskrabbit,2024-01-22,67.21,2.2,4.4,services
USER079,taskrabbit,2024-01-25,71.76,3.4,4.1,services
USER079,taskrabbit,2024-01-26,152.17,4.4,4.5,services
USER079,taskrabbit,2024-01-27,122.99,5.0,4.2,services
USER079,taskrabbit,2024-01-28,105.94,3.0,4.2,services
USER079,taskrabbit,2024-01-30,63.58,2.3,4.7,services
USER079,taskrabbit,2024-01-31,210.62,5.9,4.4,services
USER079,taskrabbit,2024-02-01,137.6,5.8,4.8,services
USER079,taskrabbit,2024-02-03,95.01,3.1,4.9,services
USER079,taskrabbit,2024-02-06,76.22,3.9,4.3,services
USER079,taskrabbit,2024-02-08,93.13,3.6,4.9,services
USER079,taskrabbit,2024-02-10,85.04,3.9,4.1,services
USER079,taskrabbit,2024-02-11,159.77,5.6,4.8,services
USER079,taskrabbit,2024-02-13,147.61,5.3,4.9,services
USER079,taskrabbit,2024-02-14,151.77,5.4,4.6,services
USER079,taskrabbit,2024-02-15,167.78,5.7,4.9,services
USER079,taskrabbit,2024-02-16,104.64,3.1,4.1,services
USER079,taskrabbit,2024-02-17,46.76,2.4,4.7,services
USER079,taskrabbit,2024-02-19,47.41,2.4,4.0,services
USER079,taskrabbit,2024-02-20,64.45,2.3,4.6,services
USER079,taskrabbit,2024-02-22,73.57,3.5,4.3,services
USER079,taskrabbit,2024-02-24,116.04,5.3,4.1,services
USER079,taskrabbit,2024-02-29,133.35,4.3,4.7,services
USER079,taskrabbit,2024-03-01,59.47,3.2,4.3,services
USER079,taskrabbit,2024-03-02,120.39,5.6,4.7,services
USER079,taskrabbit,2024-03-03,46.82,2.0,4.1,services
USER079,taskrabbit,2024-03-04,103.88,5.8,4.2,services
USER079,taskrabbit,2024-03-10,37.84,1.4,4.6,services
USER079,taskrabbit,2024-03-11,84.52,2.2,4.8,services
USER079,taskrabbit,2024-03-12,148.5,4.5,4.9,services
USER079,taskrabbit,2024-03-13,166.6,4.2,4.2,services
USER079,taskrabbit,2024-03-14,82.34,3.1,4.1,services
USER079,taskrabbit,2024-03-16,66.11,1.7,4.6,services
USER079,taskrabbit,2024-03-18,38.73,1.2,4.9,services
USER079,taskrabbit,2024-03-19,77.93,3.8,4.7,services
USER079,taskrabbit,2024-03-20,138.48,4.2,4.4,services
USER079,taskrabbit,2024-03-21,118.99,4.0,4.9,services
USER079,taskrabbit,2024-03-22,72.08,2.7,4.9,services
USER079,taskrabbit,2024-03-24,66.49,3.3,4.4,services
USER079,taskrabbit,2024-03-25,24.25,1.1,4.2,services
USER079,taskrabbit,2024-03-27,117.47,4.5,4.5,services
USER079,taskrabbit,2024-03-28,98.92,3.4,4.8,services
USER080,doordash,2024-01-01,127.5,6.7,4.9,delivery
USER080,doordash,2024-01-03,37.36,2.0,4.4,delivery
USER080,doordash,2024-01-04,19.6,1.6,4.6,delivery
USER080,doordash,2024-01-05,29.86,1.7,4.4,delivery
USER080,doordash,2024-01-08,92.5,4.9,4.5,delivery
USER080,doordash,2024-01-09,143.2,7.2,4.1,delivery
USER080,doordash,2024-01-10,30.67,1.8,4.3,delivery
USER080,doordash,2024-01-11,21.98,1.7,4.7,delivery
USER080,doordash,2024-01-12,110.01,7.5,4.6,delivery
USER080,doordash,2024-01-13,74.26,4.3,4.4,delivery
USER080,doordash,2024-01-16,28.44,1.9,4.8,delivery
USER080,doordash,2024-01-18,82.89,6.1,4.3,delivery
USER080,doordash,2024-01-19,65.54,4.7,4.9,delivery
USER080,doordash,2024-01-20,68.02,4.0,4.9,delivery
USER080,doordash,2024-01-22,93.67,5.9,4.6,delivery
USER080,doordash,2024-01-23,119.26,7.2,4.2,delivery
USER080,doordash,2024-01-24,122.5,5.9,4.1,delivery
USER080,doordash,2024-01-25,121.13,7.9,4.7,delivery
USER080,doordash,2024-01-26,57.76,4.5,4.5,delivery
USER080,doordash,2024-01-27,58.75,3.6,4.6,delivery
USER080,doordash,2024-01-28,119.82,7.8,4.9,delivery
USER080,doordash,2024-01-30,87.9,5.3,4.7,delivery
USER080,doordash,2024-02-01,95.76,6.6,4.7,delivery
USER080,doordash,2024-02-03,66.85,5.4,4.6,delivery
USER080,doordash,2024-02-06,44.97,3.2,4.1,delivery
USER080,doordash,2024-02-07,37.87,2.8,5.0,delivery
USER080,doordash,2024-02-08,90.12,6.9,4.9,delivery
USER080,doordash,2024-02-09,71.18,4.5,4.0,delivery
USER080,doordash,2024-02-11,82.09,4.4,5.0,delivery
USER080,doordash,2024-02-13,56.48,4.2,4.8,delivery
USER080,doordash,2024-02-15,139.59,7.8,4.6,delivery
USER080,doordash,2024-02-17,14.11,1.0,4.7,delivery
USER080,doordash,2024-02-18,143.27,7.4,4.3,delivery
USER080,doordash,2024-02-19,131.82,7.8,4.8,delivery
USER080,doordash,2024-02-20,56.11,2.9,4.1,delivery
USER080,doordash,2024-02-21,22.37,2.1,4.1,delivery
USER080,doordash,2024-02-22,36.25,2.5,4.2,delivery
USER080,doordash,2024-02-24,29.53,1.7,4.9,delivery
USER080,doordash,2024-02-26,22.0,1.4,4.4,delivery
USER080,doordash,2024-02-27,38.42,2.3,4.3,delivery
USER080,doordash,2024-02-29,93.66,6.4,4.9,delivery
USER080,doordash,2024-03-01,42.25,3.7,4.8,delivery
USER080,doordash,2024-03-02,106.27,5.4,4.3,delivery
USER080,doordash,2024-03-04,82.22,7.4,4.3,delivery
USER080,doordash,2024-03-05,20.4,2.0,4.0,delivery
USER080,doordash,2024-03-06,77.9,5.6,4.7,delivery
USER080,doordash,2024-03-09,83.18,6.2,5.0,delivery
USER080,doordash,2024-03-11,80.4,4.4,5.0,delivery
USER080,doordash,2024-03-12,115.85,5.6,4.7,delivery
USER080,doordash,2024-03-13,144.12,6.8,4.1,delivery
USER080,doordash,2024-03-15,107.88,5.4,4.1,delivery
USER080,doordash,2024-03-16,42.88,4.0,4.2,delivery
USER080,doordash,2024-03-17,70.54,3.6,4.7,delivery
USER080,doordash,2024-03-18,68.26,6.6,4.8,delivery
USER080,doordash,2024-03-20,144.07,7.4,4.9,delivery
USER080,doordash,2024-03-25,120.19,6.6,4.9,delivery
USER080,doordash,2024-03-26,50.07,3.2,4.9,delivery
USER080,doordash,2024-03-29,70.08,4.2,4.4,delivery
USER080,doordash,2024-03-30,57.09,3.7,4.0,delivery
USER081,ubereats,2024-01-01,62.21,5.4,4.1,delivery
USER081,ubereats,2024-01-04,16.74,1.3,4.7,delivery
USER081,ubereats,2024-01-06,69.96,4.6,4.2,delivery
USER081,ubereats,2024-01-07,106.94,5.5,4.8,delivery
USER081,ubereats,2024-01-08,72.9,4.4,4.9,delivery
USER081,ubereats,2024-01-09,134.39,7.9,4.9,delivery
USER081,ubereats,2024-01-10,131.11,7.0,4.6,delivery
USER081,ubereats,2024-01-11,89.75,5.9,4.6,delivery
USER081,ubereats,2024-01-12,89.09,6.2,4.0,delivery
USER081,ubereats,2024-01-20,100.11,6.9,4.1,delivery
USER081,ubereats,2024-01-21,23.57,1.7,4.7,delivery
USER081,ubereats,2024-01-23,98.76,5.7,4.7,delivery
USER081,ubereats,2024-01-24,65.99,5.3,4.8,delivery
USER081,ubereats,2024-01-28,23.43,1.2,4.2,delivery
USER081,ubereats,2024-01-30,58.01,5.5,4.8,delivery
USER081,ubereats,2024-01-31,85.95,6.3,4.2,delivery
USER081,ubereats,2024-02-01,57.84,3.3,5.0,delivery
USER081,ubereats,2024-02-02,15.69,1.4,4.8,delivery
USER081,ubereats,2024-02-03,95.95,5.6,4.7,delivery
USER081,ubereats,2024-02-05,46.39,3.7,4.5,delivery
USER081,ubereats,2024-02-07,34.51,3.0,4.9,delivery
USER081,ubereats,2024-02-08,101.32,7.2,4.2,delivery
USER081,ubereats,2024-02-10,45.29,3.5,4.6,delivery
USER081,ubereats,2024-02-11,66.47,3.3,4.6,delivery
USER081,ubereats,2024-02-13,89.87,6.3,4.9,delivery
USER081,ubereats,2024-02-15,57.74,4.2,4.7,delivery
USER081,ubereats,2024-02-17,46.86,3.0,4.5,delivery
USER081,ubereats,2024-02-20,112.93,7.3,4.5,delivery
USER081,ubereats,2024-02-22,136.36,7.0,4.1,delivery
USER081,ubereats,2024-02-23,105.7,5.1,4.9,delivery
USER081,ubereats,2024-02-24,76.13,5.5,4.1,delivery
USER081,ubereats,2024-02-26,18.77,1.0,4.4,delivery
USER081,ubereats,2024-02-27,73.54,5.3,4.7,delivery
USER081,ubereats,2024-02-28,102.08,5.8,4.0,delivery
USER081,ubereats,2024-03-01,117.65,6.5,4.5,delivery
USER081,ubereats,2024-03-02,62.28,3.9,4.3,delivery
USER081,ubereats,2024-03-05,33.65,2.1,4.1,delivery
USER081,ubereats,2024-03-08,97.98,6.7,4.3,delivery
USER081,ubereats,2024-03-12,50.98,2.7,4.1,delivery
USER081,ubereats,2024-03-14,103.47,7.0,4.3,delivery
USER081,ubereats,2024-03-15,120.82,7.6,4.8,delivery
USER081,ubereats,2024-03-16,101.69,7.9,4.9,delivery
USER081,ubereats,2024-03-18,92.55,5.6,4.6,delivery
USER081,ubereats,2024-03-22,131.43,7.6,4.6,delivery
USER081,ubereats,2024-03-24,83.3,6.0,4.3,delivery
USER081,ubereats,2024-03-25,58.29,5.9,4.1,delivery
USER081,ubereats,2024-03-28,30.81,1.9,4.6,delivery
USER081,ubereats,2024-03-29,18.44,1.2,4.7,delivery
USER082,upwork,2024-01-02,342.23,3.9,4.6,freelance
USER082,upwork,2024-01-03,638.92,9.1,4.1,freelance
USER082,upwork,2024-01-05,348.86,8.0,4.9,freelance
USER082,upwork,2024-01-07,129.94,2.5,4.3,freelance
USER082,upwork,2024-01-08,154.18,3.6,4.5,freelance
USER082,upwork,2024-01-09,320.22,4.7,4.0,freelance
USER082,upwork,2024-01-10,148.6,3.9,4.4,freelance
USER082,upwork,2024-01-11,136.04,2.1,4.2,freelance
USER082,upwork,2024-01-12,194.91,5.2,4.8,freelance
USER082,upwork,2024-01-13,709.59,10.0,4.0,freelance
USER082,upwork,2024-01-15,326.4,4.8,4.2,freelance
USER082,upwork,2024-01-16,196.84,8.4,4.9,freelance
USER082,upwork,2024-01-17,300.53,3.8,4.4,freelance
USER082,upwork,2024-01-19,126.16,5.2,4.4,freelance
USER082,upwork,2024-01-21,191.42,6.4,4.8,freelance
USER082,upwork,2024-01-22,565.91,9.0,4.4,freelance
USER082,upwork,2024-01-23,129.82,2.6,4.0,freelance
USER082,upwork,2024-01-24,296.8,8.3,4.0,freelance
USER082,upwork,2024-01-27,456.14,8.0,4.3,freelance
USER082,upwork,2024-01-29,104.93,3.4,4.3,freelance
USER082,upwork,2024-01-31,156.4,4.2,4.7,freelance
USER082,upwork,2024-02-01,199.24,3.2,4.5,freelance
USER082,upwork,2024-02-03,101.92,6.1,4.8,freelance
USER082,upwork,2024-02-06,194.16,3.1,4.3,freelance
USER082,upwork,2024-02-08,94.46,3.4,4.1,freelance
USER082,upwork,2024-02-10,314.75,7.8,4.5,freelance
USER082,upwork,2024-02-11,194.7,3.2,4.5,freelance
USER082,upwork,2024-02-16,160.99,2.6,4.5,freelance
USER082,upwork,2024-02-17,274.69,3.7,4.7,freelance
USER082,upwork,2024-02-20,438.9,8.0,4.1,freelance
USER082,upwork,2024-02-22,325.07,8.2,4.3,freelance
USER082,upwork,2024-02-23,742.93,9.9,4.0,freelance
USER082,upwork,2024-02-26,87.01,3.5,4.0,freelance
USER082,upwork,2024-02-27,551.82,6.9,4.2,freelance
USER082,upwork,2024-02-29,310.95,7.1,4.0,freelance
USER082,upwork,2024-03-05,235.06,7.4,4.5,freelance
USER082,upwork,2024-03-06,382.32,5.7,4.5,freelance
USER082,upwork,2024-03-08,199.6,4.0,5.0,freelance
USER082,upwork,2024-03-11,308.63,4.6,4.4,freelance
USER082,upwork,2024-03-12,225.49,4.8,4.1,freelance
USER082,upwork,2024-03-13,34.58,1.1,4.7,freelance
USER082,upwork,2024-03-14,453.15,6.7,4.2,freelance
USER082,upwork,2024-03-15,120.29,2.0,4.9,freelance
USER082,upwork,2024-03-16,98.89,1.9,4.3,freelance
USER082,upwork,2024-03-18,681.85,9.9,4.3,freelance
USER082,upwork,2024-03-19,136.34,1.7,4.3,freelance
USER082,upwork,2024-03-22,345.24,9.2,4.7,freelance
USER082,upwork,2024-03-23,183.41,5.2,4.9,freelance
USER082,upwork,2024-03-24,368.14,8.1,4.1,freelance
USER082,upwork,2024-03-25,339.57,4.7,4.6,freelance
USER082,upwork,2024-03-28,247.57,3.7,4.7,freelance
USER082,upwork,2024-03-29,57.08,1.6,4.3,freelance
USER082,upwork,2024-03-30,350.1,5.6,4.7,freelance
USER083,instacart,2024-01-01,53.27,4.9,4.0,delivery
USER083,instacart,2024-01-02,87.09,7.5,4.1,delivery
USER083,instacart,2024-01-04,112.9,5.9,4.5,delivery
USER083,instacart,2024-01-05,34.2,2.5,4.9,delivery
USER083,instacart,2024-01-06,63.23,4.1,4.4,delivery
USER083,instacart,2024-01-08,122.38,8.0,5.0,delivery
USER083,instacart,2024-01-09,56.51,4.7,4.8,delivery
USER083,instacart,2024-01-10,42.54,2.3,4.9,delivery
USER083,instacart,2024-01-12,21.16,1.5,4.2,delivery
USER083,instacart,2024-01-13,25.9,1.4,4.2,delivery
USER083,instacart,2024-01-14,99.86,4.9,4.9,delivery
USER083,instacart,2024-01-16,49.74,2.1,4.5,delivery
USER083,instacart,2024-01-18,65.4,3.6,4.5,delivery
USER083,instacart,2024-01-20,46.68,2.6,4.5,delivery
USER083,instacart,2024-01-21,145.8,6.4,4.7,delivery
USER083,instacart,2024-01-22,72.78,4.6,4.6,delivery
USER083,instacart,2024-01-25,132.39,6.6,4.3,delivery
USER083,instacart,2024-01-26,118.15,7.2,4.3,delivery
USER083,instacart,2024-01-28,39.39,2.4,4.7,delivery
USER083,instacart,2024-01-30,37.35,3.2,4.6,delivery
USER083,instacart,2024-01-31,56.28,5.2,4.0,delivery
USER083,instacart,2024-02-01,113.22,5.0,4.2,delivery
USER083,instacart,2024-02-02,147.0,6.8,4.8,delivery
USER083,instacart,2024-02-03,72.14,5.5,5.0,delivery
USER083,instacart,2024-02-04,25.85,2.3,4.6,delivery
USER083,instacart,2024-02-05,105.93,6.6,5.0,delivery
USER083,instacart,2024-02-06,43.59,2.7,4.0,delivery
USER083,instacart,2024-02-07,35.29,1.6,4.4,delivery
USER083,instacart,2024-02-09,150.4,7.5,4.0,delivery
USER083,instacart,2024-02-10,115.9,7.9,4.7,delivery
USER083,instacart,2024-02-11,41.86,3.0,4.4,delivery
USER083,instacart,2024-02-13,74.31,5.4,4.1,delivery
USER083,instacart,2024-02-15,80.47,6.4,4.5,delivery
USER083,instacart,2024-02-16,63.01,3.5,4.9,delivery
USER083,instacart,2024-02-18,37.26,3.1,4.1,delivery
USER083,instacart,2024-02-19,60.02,5.7,4.1,delivery
USER083,instacart,2024-02-20,54.28,3.6,4.0,delivery
USER083,instacart,2024-02-21,110.93,6.3,4.9,delivery
USER083,instacart,2024-02-22,172.48,7.9,4.2,delivery
USER083,instacart,2024-02-23,161.59,7.8,4.1,delivery
USER083,instacart,2024-02-25,99.9,4.5,4.2,delivery
USER083,instacart,2024-02-26,33.38,2.2,4.5,delivery
USER083,instacart,2024-02-27,112.32,7.0,4.3,delivery
USER083,instacart,2024-02-28,86.91,5.6,4.7,delivery
USER083,instacart,2024-02-29,24.95,1.6,4.2,delivery
USER083,instacart,2024-03-01,53.92,3.7,4.3,delivery
USER083,instacart,2024-03-03,89.81,7.0,4.2,delivery
USER083,instacart,2024-03-04,84.78,3.8,4.8,delivery
USER083,instacart,2024-03-06,22.06,1.5,4.3,delivery
USER083,instacart,2024-03-07,102.02,6.9,4.3,delivery
USER083,instacart,2024-03-08,114.46,7.0,4.8,delivery
USER083,instacart,2024-03-09,101.48,7.8,4.5,delivery
USER083,instacart,2024-03-10,47.44,2.2,4.5,delivery
USER083,instacart,2024-03-11,47.41,4.1,4.8,delivery
USER083,instacart,2024-03-13,29.04,2.0,4.2,delivery
USER083,instacart,2024-03-14,79.49,4.0,4.1,delivery
USER083,instacart,2024-03-15,19.39,1.4,4.5,delivery
USER083,instacart,2024-03-19,46.51,2.3,4.8,delivery
USER083,instacart,2024-03-22,16.01,1.3,4.8,delivery
USER083,instacart,2024-03-23,87.04,5.2,4.1,delivery
USER083,instacart,2024-03-27,43.14,2.8,4.0,delivery
USER083,instacart,2024-03-29,100.76,5.3,4.7,delivery
USER083,instacart,2024-03-30,77.67,4.7,4.3,delivery
USER083,ubereats,2024-01-02,78.94,4.5,4.2,delivery
USER083,ubereats,2024-01-03,66.04,4.9,4.6,delivery
USER083,ubereats,2024-01-04,98.24,6.0,4.3,delivery
USER083,ubereats,2024-01-05,80.39,5.1,4.7,delivery
USER083,ubereats,2024-01-07,99.47,6.6,4.5,delivery
USER083,ubereats,2024-01-08,84.74,5.7,4.8,delivery
USER083,ubereats,2024-01-10,156.41,7.1,4.5,delivery
USER083,ubereats,2024-01-11,20.41,1.4,4.3,delivery
USER083,ubereats,2024-01-12,147.43,7.7,4.8,delivery
USER083,ubereats,2024-01-14,103.15,6.9,4.9,delivery
USER083,ubereats,2024-01-18,77.26,6.0,4.6,delivery
USER083,ubereats,2024-01-19,45.87,4.1,4.9,delivery
USER083,ubereats,2024-01-26,91.26,6.4,4.4,delivery
USER083,ubereats,2024-01-27,31.69,2.3,4.2,delivery
USER083,ubereats,2024-01-28,18.25,1.1,4.8,delivery
USER083,ubereats,2024-01-29,104.81,5.4,4.7,delivery
USER083,ubereats,2024-02-01,46.31,4.0,5.0,delivery
USER083,ubereats,2024-02-02,50.52,2.6,4.8,delivery
USER083,ubereats,2024-02-05,17.12,1.6,4.2,delivery
USER083,ubereats,2024-02-06,67.49,5.9,4.5,delivery
USER083,ubereats,2024-02-07,53.02,4.2,4.5,delivery
USER083,ubereats,2024-02-09,89.18,5.5,4.8,delivery
USER083,ubereats,2024-02-11,72.22,4.4,4.0,delivery
USER083,ubereats,2024-02-12,125.67,5.5,4.8,delivery
USER083,ubereats,2024-02-13,63.08,5.2,4.1,delivery
USER083,ubereats,2024-02-14,95.41,5.7,4.4,delivery
USER083,ubereats,2024-02-16,17.89,1.0,4.8,delivery
USER083,ubereats,2024-02-18,91.46,6.8,4.9,delivery
USER083,ubereats,2024-02-20,78.34,5.9,4.2,delivery
USER083,ubereats,2024-02-23,27.42,1.3,4.8,delivery
USER083,ubereats,2024-02-28,94.14,6.1,4.8,delivery
USER083,ubereats,2024-03-01,57.85,4.3,4.8,delivery
USER083,ubereats,2024-03-02,29.37,1.6,4.9,delivery
USER083,ubereats,2024-03-04,23.69,2.0,4.1,delivery
USER083,ubereats,2024-03-05,156.69,7.4,4.9,delivery
USER083,ubereats,2024-03-06,52.18,4.0,4.1,delivery
USER083,ubereats,2024-03-08,110.1,6.7,4.3,delivery
USER083,ubereats,2024-03-10,123.46,7.8,4.9,delivery
USER083,ubereats,2024-03-11,130.53,6.9,4.8,delivery
USER083,ubereats,2024-03-14,53.05,3.3,4.3,delivery
USER083,ubereats,2024-03-16,37.34,2.2,4.3,delivery
USER083,ubereats,2024-03-18,45.07,3.6,4.7,delivery
USER083,ubereats,2024-03-20,134.38,7.6,5.0,delivery
USER083,ubereats,2024-03-21,54.19,3.8,4.6,delivery
USER083,ubereats,2024-03-23,58.76,4.7,4.8,delivery
USER083,ubereats,2024-03-25,90.57,7.2,4.7,delivery
USER083,ubereats,2024-03-26,31.22,2.4,4.9,delivery
USER083,ubereats,2024-03-29,125.85,7.4,4.9,delivery
USER084,doordash,2024-01-01,141.09,7.6,4.8,delivery
USER084,doordash,2024-01-03,30.0,1.5,4.0,delivery
USER084,doordash,2024-01-05,73.5,3.1,4.3,delivery
USER084,doordash,2024-01-06,60.55,3.2,4.3,delivery
USER084,doordash,2024-01-07,70.87,4.3,4.1,delivery
USER084,doordash,2024-01-10,40.5,2.8,4.7,delivery
USER084,doordash,2024-01-11,99.25,4.6,4.8,delivery
USER084,doordash,2024-01-12,39.94,2.2,4.4,delivery
USER084,doordash,2024-01-14,82.46,5.4,4.9,delivery
USER084,doordash,2024-01-17,50.88,3.1,4.6,delivery
USER084,doordash,2024-01-18,92.89,6.0,4.1,delivery
USER084,doordash,2024-01-19,56.48,3.3,5.0,delivery
USER084,doordash,2024-01-20,55.29,2.4,4.2,delivery
USER084,doordash,2024-01-22,85.2,6.5,4.2,delivery
USER084,doordash,2024-01-23,122.06,6.7,4.8,delivery
USER084,doordash,2024-01-24,141.09,6.4,4.8,delivery
USER084,doordash,2024-01-26,31.46,2.0,4.8,delivery
USER084,doordash,2024-01-27,71.85,4.8,4.2,delivery
USER084,doordash,2024-01-30,131.82,7.3,4.5,delivery
USER084,doordash,2024-01-31,116.62,7.1,4.1,delivery
USER084,doordash,2024-02-02,103.81,6.9,4.4,delivery
USER084,doordash,2024-02-04,43.49,3.5,4.7,delivery
USER084,doordash,2024-02-05,75.26,6.4,4.9,delivery
USER084,doordash,2024-02-06,22.88,1.2,4.8,delivery
USER084,doordash,2024-02-09,55.61,3.6,4.9,delivery
USER084,doordash,2024-02-10,15.94,1.2,4.3,delivery
USER084,doordash,2024-02-11,46.1,4.2,4.8,delivery
USER084,doordash,2024-02-13,35.34,2.0,4.6,delivery
USER084,doordash,2024-02-14,83.34,4.7,4.2,delivery
USER084,doordash,2024-02-15,68.27,4.1,4.7,delivery
USER084,doordash,2024-02-16,18.55,1.6,4.3,delivery
USER084,doordash,2024-02-18,158.37,7.0,4.3,delivery
USER084,doordash,2024-02-19,49.64,2.3,4.3,delivery
USER084,doordash,2024-02-20,53.32,3.6,4.3,delivery
USER084,doordash,2024-02-21,98.04,7.6,4.2,delivery
USER084,doordash,2024-02-23,64.34,3.9,4.7,delivery
USER084,doordash,2024-02-29,55.43,4.3,4.8,delivery
USER084,doordash,2024-03-01,36.92,1.9,4.6,delivery
USER084,doordash,2024-03-03,95.4,6.7,4.6,delivery
USER084,doordash,2024-03-05,83.16,6.6,4.7,delivery
USER084,doordash,2024-03-06,43.2,3.0,4.0,delivery
USER084,doordash,2024-03-07,53.6,3.8,4.8,delivery
USER084,doordash,2024-03-08,101.55,6.6,4.6,delivery
USER084,doordash,2024-03-10,89.13,5.9,4.4,delivery
USER084,doordash,2024-03-11,105.63,5.2,4.2,delivery
USER084,doordash,2024-03-12,150.52,7.5,4.0,delivery
USER084,doordash,2024-03-15,44.86,3.5,4.3,delivery
USER084,doordash,2024-03-18,82.82,4.2,4.7,delivery
USER084,doordash,2024-03-19,43.52,3.5,4.5,delivery
USER084,doordash,2024-03-22,104.43,6.2,4.4,delivery
USER084,doordash,2024-03-23,34.75,2.4,4.4,delivery
USER084,doordash,2024-03-27,46.9,4.0,4.2,delivery
USER084,doordash,2024-03-28,28.61,1.5,4.2,delivery
USER084,instacart,2024-01-01,116.82,5.7,4.1,delivery
USER084,instacart,2024-01-02,101.37,6.7,4.8,delivery
USER084,instacart,2024-01-04,86.47,7.4,4.4,delivery
USER084,instacart,2024-01-05,35.68,2.4,4.1,delivery
USER084,instacart,2024-01-06,106.96,5.3,4.4,delivery
USER084,instacart,2024-01-07,70.61,4.3,4.7,delivery
USER084,instacart,2024-01-08,44.95,3.2,4.4,delivery
USER084,instacart,2024-01-09,84.23,4.1,4.9,delivery
USER084,instacart,2024-01-10,67.37,5.3,4.9,delivery
USER084,instacart,2024-01-11,65.2,3.2,4.4,delivery
USER084,instacart,2024-01-12,55.58,3.0,4.8,delivery
USER084,instacart,2024-01-13,78.37,7.3,4.4,delivery
USER084,instacart,2024-01-15,16.6,1.2,4.8,delivery
USER084,instacart,2024-01-16,78.82,6.0,4.0,delivery
USER084,instacart,2024-01-17,48.61,2.7,4.4,delivery
USER084,instacart,2024-01-18,33.37,2.2,4.1,delivery
USER084,instacart,2024-01-20,112.06,7.3,4.7,delivery
USER084,instacart,2024-01-21,108.35,7.7,4.7,delivery
USER084,instacart,2024-01-22,123.62,7.7,4.9,delivery
USER084,instacart,2024-01-23,44.74,3.0,4.7,delivery
USER084,instacart,2024-01-25,100.45,7.4,4.9,delivery
USER084,instacart,2024-01-31,38.21,2.7,4.9,delivery
USER084,instacart,2024-02-01,142.9,7.2,4.2,delivery
USER084,instacart,2024-02-02,76.03,4.2,4.4,delivery
USER084,instacart,2024-02-04,97.07,6.8,4.0,delivery
USER084,instacart,2024-02-06,119.96,7.6,4.7,delivery
USER084,instacart,2024-02-07,113.19,6.0,4.9,delivery
USER084,instacart,2024-02-08,69.85,3.6,4.7,delivery
USER084,instacart,2024-02-09,45.77,2.8,4.1,delivery
USER084,instacart,2024-02-11,21.01,1.1,4.3,delivery
USER084,instacart,2024-02-12,65.79,4.6,4.6,delivery
USER084,instacart,2024-02-14,18.85,1.5,4.2,delivery
USER084,instacart,2024-02-16,43.9,2.5,4.1,delivery
USER084,instacart,2024-02-17,80.99,5.4,4.1,delivery
USER084,instacart,2024-02-18,113.9,6.6,4.9,delivery
USER084,instacart,2024-02-20,34.85,1.9,4.0,delivery
USER084,instacart,2024-02-23,47.22,3.9,4.5,delivery
USER084,instacart,2024-02-25,117.66,6.9,4.1,delivery
USER084,instacart,2024-02-26,22.94,1.6,4.5,delivery
USER084,instacart,2024-02-27,141.22,7.3,4.4,delivery
USER084,instacart,2024-02-28,33.82,1.6,4.2,delivery
USER084,instacart,2024-02-29,117.75,6.4,4.3,delivery
USER084,instacart,2024-03-01,32.47,2.0,4.7,delivery
USER084,instacart,2024-03-03,83.37,6.6,4.2,delivery
USER084,instacart,2024-03-04,28.44,1.4,4.9,delivery
USER084,instacart,2024-03-05,79.35,4.0,4.1,delivery
USER084,instacart,2024-03-06,23.6,2.2,4.3,delivery
USER084,instacart,2024-03-07,25.02,2.2,4.7,delivery
USER084,instacart,2024-03-09,40.51,3.3,4.3,delivery
USER084,instacart,2024-03-10,121.16,7.9,4.6,delivery
USER084,instacart,2024-03-11,49.89,3.1,4.4,delivery
USER084,instacart,2024-03-12,71.33,4.8,4.8,delivery
USER084,instacart,2024-03-14,72.25,4.9,4.8,delivery
USER084,instacart,2024-03-17,137.17,7.7,4.0,delivery
USER084,instacart,2024-03-19,54.25,3.4,4.8,delivery
USER084,instacart,2024-03-20,71.26,5.9,4.7,delivery
USER084,instacart,2024-03-24,45.25,2.9,4.5,delivery
USER084,instacart,2024-03-25,38.37,3.4,4.8,delivery
USER084,instacart,2024-03-29,29.54,1.6,4.8,delivery
USER085,taskrabbit,2024-01-01,65.72,3.1,4.7,services
USER085,taskrabbit,2024-01-02,72.05,3.5,4.2,services
USER085,taskrabbit,2024-01-04,127.98,5.3,4.3,services
USER085,taskrabbit,2024-01-06,186.03,6.0,4.2,services
USER085,taskrabbit,2024-01-07,82.42,4.9,4.2,services
USER085,taskrabbit,2024-01-10,83.74,2.4,4.2,services
USER085,taskrabbit,2024-01-12,134.82,4.4,4.5,services
USER085,taskrabbit,2024-01-17,89.38,3.2,4.9,services
USER085,taskrabbit,2024-01-19,191.0,5.7,4.8,services
USER085,taskrabbit,2024-01-20,138.74,4.1,4.5,services
USER085,taskrabbit,2024-01-21,146.32,4.1,4.6,services
USER085,taskrabbit,2024-01-23,36.46,1.4,4.6,services
USER085,taskrabbit,2024-01-24,173.12,5.2,4.6,services
USER085,taskrabbit,2024-01-27,56.09,1.9,4.7,services
USER085,taskrabbit,2024-01-29,131.75,4.2,4.8,services
USER085,taskrabbit,2024-02-04,128.55,3.7,4.6,services
USER085,taskrabbit,2024-02-05,19.79,1.1,4.4,services
USER085,taskrabbit,2024-02-07,25.32,1.2,4.1,services
USER085,taskrabbit,2024-02-08,45.6,1.8,5.0,services
USER085,taskrabbit,2024-02-09,87.52,5.0,4.2,services
USER085,taskrabbit,2024-02-10,78.33,3.4,4.7,services
USER085,taskrabbit,2024-02-12,35.9,1.4,4.3,services
USER085,taskrabbit,2024-02-15,100.14,4.0,4.8,services
USER085,taskrabbit,2024-02-16,122.09,3.7,4.1,services
USER085,taskrabbit,2024-02-18,54.76,1.8,4.9,services
USER085,taskrabbit,2024-02-19,66.19,2.6,5.0,services
USER085,taskrabbit,2024-02-22,202.46,5.7,4.6,services
USER085,taskrabbit,2024-02-24,154.28,4.2,4.7,services
USER085,taskrabbit,2024-02-25,53.0,1.3,4.9,services
USER085,taskrabbit,2024-02-26,98.46,3.9,4.0,services
USER085,taskrabbit,2024-02-29,99.83,3.3,4.7,services
USER085,taskrabbit,2024-03-01,68.79,3.5,4.1,services
USER085,taskrabbit,2024-03-02,67.44,2.6,4.6,services
USER085,taskrabbit,2024-03-03,168.52,5.5,4.4,services
USER085,taskrabbit,2024-03-07,152.74,4.3,4.9,services
USER085,taskrabbit,2024-03-11,24.12,1.5,4.9,services
USER085,taskrabbit,2024-03-12,106.56,4.5,4.9,services
USER085,taskrabbit,2024-03-16,53.63,2.2,4.3,services
USER085,taskrabbit,2024-03-17,191.97,5.7,4.8,services
USER085,taskrabbit,2024-03-19,100.9,4.2,4.4,services
USER085,taskrabbit,2024-03-20,44.22,2.8,4.4,services
USER085,taskrabbit,2024-03-22,141.71,4.9,4.8,services
USER085,taskrabbit,2024-03-24,117.18,4.5,4.1,services
USER085,taskrabbit,2024-03-26,83.8,3.9,4.2,services
USER085,taskrabbit,2024-03-30,109.44,3.4,4.8,services
USER086,uber,2024-01-01,161.81,7.8,4.2,rideshare
USER086,uber,2024-01-02,141.16,6.4,4.3,rideshare
USER086,uber,2024-01-03,48.3,2.1,4.5,rideshare
USER086,uber,2024-01-05,281.45,11.7,5.0,rideshare
USER086,uber,2024-01-07,205.64,8.6,4.4,rideshare
USER086,uber,2024-01-10,134.2,6.9,4.7,rideshare
USER086,uber,2024-01-12,72.11,3.4,4.9,rideshare
USER086,uber,2024-01-13,147.57,8.5,4.4,rideshare
USER086,uber,2024-01-16,184.12,10.6,4.7,rideshare
USER086,uber,2024-01-19,113.19,4.6,4.3,rideshare
USER086,uber,2024-01-20,72.86,4.2,4.3,rideshare
USER086,uber,2024-01-21,36.29,2.8,4.4,rideshare
USER086,uber,2024-01-24,198.11,7.7,4.3,rideshare
USER086,uber,2024-01-27,133.36,9.7,5.0,rideshare
USER086,uber,2024-01-28,140.64,8.6,4.4,rideshare
USER086,uber,2024-01-29,245.25,10.1,4.1,rideshare
USER086,uber,2024-01-31,94.13,5.2,4.7,rideshare
USER086,uber,2024-02-02,110.17,6.6,4.6,rideshare
USER086,uber,2024-02-09,199.15,9.7,4.2,rideshare
USER086,uber,2024-02-10,123.13,6.3,4.6,rideshare
USER086,uber,2024-02-12,80.51,3.5,5.0,rideshare
USER086,uber,2024-02-13,152.53,6.3,4.9,rideshare
USER086,uber,2024-02-14,53.63,3.4,4.5,rideshare
USER086,uber,2024-02-19,112.77,4.3,4.1,rideshare
USER086,uber,2024-02-20,117.46,5.8,4.9,rideshare
USER086,uber,2024-02-21,53.67,4.0,4.3,rideshare
USER086,uber,2024-02-22,179.56,8.2,4.5,rideshare
USER086,uber,2024-02-23,94.24,3.5,4.4,rideshare
USER086,uber,2024-02-24,152.06,6.5,4.7,rideshare
USER086,uber,2024-02-25,283.76,10.5,4.7,rideshare
USER086,uber,2024-02-26,69.32,2.8,5.0,rideshare
USER086,uber,2024-02-27,159.64,6.4,4.5,rideshare
USER086,uber,2024-03-01,63.34,4.2,4.0,rideshare
USER086,uber,2024-03-02,71.32,3.4,4.7,rideshare
USER086,uber,2024-03-03,133.07,7.6,4.2,rideshare
USER086,uber,2024-03-04,100.14,4.7,4.6,rideshare
USER086,uber,2024-03-07,78.97,5.0,4.9,rideshare
USER086,uber,2024-03-09,214.45,10.5,4.3,rideshare
USER086,uber,2024-03-13,104.21,6.7,4.7,rideshare
USER086,uber,2024-03-14,157.87,8.5,4.5,rideshare
USER086,uber,2024-03-16,245.09,10.1,4.4,rideshare
USER086,uber,2024-03-19,284.16,11.8,4.9,rideshare
USER086,uber,2024-03-20,91.74,5.3,4.6,rideshare
USER086,uber,2024-03-21,200.47,9.5,4.6,rideshare
USER086,uber,2024-03-22,93.97,4.9,4.2,rideshare
USER086,uber,2024-03-23,115.33,7.7,4.1,rideshare
USER086,uber,2024-03-24,190.39,8.1,4.1,rideshare
USER086,uber,2024-03-25,129.7,5.1,4.7,rideshare
USER086,uber,2024-03-26,252.73,11.3,4.0,rideshare
USER086,uber,2024-03-27,94.31,6.6,4.1,rideshare
USER086,taskrabbit,2024-01-06,30.05,1.2,4.3,services
USER086,taskrabbit,2024-01-07,124.67,4.2,4.1,services
USER086,taskrabbit,2024-01-08,49.5,1.4,4.9,services
USER086,taskrabbit,2024-01-09,40.17,1.3,4.9,services
USER086,taskrabbit,2024-01-13,92.73,2.7,4.9,services
USER086,taskrabbit,2024-01-15,43.45,2.3,4.9,services
USER086,taskrabbit,2024-01-16,32.57,1.6,5.0,services
USER086,taskrabbit,2024-01-18,67.74,1.9,4.6,services
USER086,taskrabbit,2024-01-19,64.56,3.2,4.2,services
USER086,taskrabbit,2024-01-21,57.08,3.2,4.9,services
USER086,taskrabbit,2024-01-22,113.7,4.3,4.6,services
USER086,taskrabbit,2024-01-24,124.27,5.1,4.1,services
USER086,taskrabbit,2024-01-27,35.51,1.2,4.6,services
USER086,taskrabbit,2024-01-28,203.59,5.9,4.6,services
USER086,taskrabbit,2024-01-31,36.8,1.7,5.0,services
USER086,taskrabbit,2024-02-01,113.07,3.9,4.1,services
USER086,taskrabbit,2024-02-02,37.23,1.0,4.6,services
USER086,taskrabbit,2024-02-03,58.84,3.5,4.4,services
USER086,taskrabbit,2024-02-04,164.59,4.7,4.1,services
USER086,taskrabbit,2024-02-05,98.31,4.6,5.0,services
USER086,taskrabbit,2024-02-06,97.7,4.1,4.5,services
USER086,taskrabbit,2024-02-07,122.3,4.0,4.9,services
USER086,taskrabbit,2024-02-09,34.68,1.3,4.9,services
USER086,taskrabbit,2024-02-13,66.74,2.5,4.3,services
USER086,taskrabbit,2024-02-14,135.15,5.3,4.0,services
USER086,taskrabbit,2024-02-15,164.41,3.9,4.3,services
USER086,taskrabbit,2024-02-16,17.52,1.1,4.8,services
USER086,taskrabbit,2024-02-21,67.52,2.9,4.8,services
USER086,taskrabbit,2024-02-24,26.54,1.1,4.4,services
USER086,taskrabbit,2024-02-25,69.33,2.6,4.6,services
USER086,taskrabbit,2024-02-27,56.23,2.2,4.6,services
USER086,taskrabbit,2024-02-28,39.46,1.8,4.6,services
USER086,taskrabbit,2024-03-01,101.86,4.5,4.6,services
USER086,taskrabbit,2024-03-03,104.07,4.0,4.5,services
USER086,taskrabbit,2024-03-05,106.31,4.8,4.2,services
USER086,taskrabbit,2024-03-07,27.97,1.4,4.0,services
USER086,taskrabbit,2024-03-08,97.94,4.4,4.5,services
USER086,taskrabbit,2024-03-11,103.24,5.3,4.6,services
USER086,taskrabbit,2024-03-13,86.14,2.8,4.5,services
USER086,taskrabbit,2024-03-16,134.51,5.0,4.2,services
USER086,taskrabbit,2024-03-17,139.46,5.0,4.4,services
USER086,taskrabbit,2024-03-19,100.65,3.7,5.0,services
USER086,taskrabbit,2024-03-21,53.98,2.8,4.7,services
USER086,taskrabbit,2024-03-24,63.4,3.3,4.9,services
USER086,taskrabbit,2024-03-27,193.31,5.9,5.0,services
USER086,taskrabbit,2024-03-28,98.06,4.2,4.5,services
USER087,lyft,2024-01-01,164.06,7.2,4.3,rideshare
USER087,lyft,2024-01-05,94.31,6.3,4.6,rideshare
USER087,lyft,2024-01-06,93.34,6.5,4.9,rideshare
USER087,lyft,2024-01-07,226.38,10.4,4.4,rideshare
USER087,lyft,2024-01-08,182.09,10.6,4.3,rideshare
USER087,lyft,2024-01-11,194.33,10.0,4.4,rideshare
USER087,lyft,2024-01-13,69.0,3.7,4.3,rideshare
USER087,lyft,2024-01-15,206.6,7.6,4.2,rideshare
USER087,lyft,2024-01-16,162.27,7.1,4.6,rideshare
USER087,lyft,2024-01-17,111.86,5.1,4.5,rideshare
USER087,lyft,2024-01-18,108.13,5.4,4.7,rideshare
USER087,lyft,2024-01-20,53.56,2.8,4.7,rideshare
USER087,lyft,2024-01-21,231.03,10.2,4.9,rideshare
USER087,lyft,2024-01-22,124.43,6.7,4.5,rideshare
USER087,lyft,2024-01-25,100.55,4.3,4.8,rideshare
USER087,lyft,2024-01-26,67.48,2.8,4.9,rideshare
USER087,lyft,2024-01-27,132.48,5.5,4.7,rideshare
USER087,lyft,2024-01-28,264.21,10.1,4.1,rideshare
USER087,lyft,2024-02-02,93.59,5.1,4.9,rideshare
USER087,lyft,2024-02-03,148.23,7.7,4.7,rideshare
USER087,lyft,2024-02-04,129.79,6.9,4.8,rideshare
USER087,lyft,2024-02-05,81.39,4.4,4.1,rideshare
USER087,lyft,2024-02-06,144.64,8.0,4.3,rideshare
USER087,lyft,2024-02-07,67.22,3.3,4.9,rideshare
USER087,lyft,2024-02-08,88.94,5.1,4.1,rideshare
USER087,lyft,2024-02-09,162.17,8.7,4.8,rideshare
USER087,lyft,2024-02-11,113.05,5.0,5.0,rideshare
USER087,lyft,2024-02-12,207.38,10.4,4.8,rideshare
USER087,lyft,2024-02-13,108.41,6.4,4.4,rideshare
USER087,lyft,2024-02-16,74.27,3.9,5.0,rideshare
USER087,lyft,2024-02-17,58.21,2.9,4.6,rideshare
USER087,lyft,2024-02-18,26.34,2.1,4.4,rideshare
USER087,lyft,2024-02-21,89.04,5.1,4.3,rideshare
USER087,lyft,2024-02-24,193.09,7.4,4.4,rideshare
USER087,lyft,2024-02-25,85.15,3.7,4.7,rideshare
USER087,lyft,2024-02-27,90.53,4.4,4.9,rideshare
USER087,lyft,2024-02-28,170.17,7.3,4.7,rideshare
USER087,lyft,2024-03-02,56.78,2.3,4.8,rideshare
USER087,lyft,2024-03-04,28.77,2.0,4.0,rideshare
USER087,lyft,2024-03-06,74.96,3.2,4.0,rideshare
USER087,lyft,2024-03-07,71.21,4.3,4.2,rideshare
USER087,lyft,2024-03-09,89.97,3.4,4.2,rideshare
USER087,lyft,2024-03-10,215.48,10.3,4.3,rideshare
USER087,lyft,2024-03-11,181.99,11.2,4.0,rideshare
USER087,lyft,2024-03-12,67.54,4.3,4.8,rideshare
USER087,lyft,2024-03-13,183.09,8.6,4.6,rideshare
USER087,lyft,2024-03-14,252.4,9.6,5.0,rideshare
USER087,lyft,2024-03-15,263.22,9.7,4.1,rideshare
USER087,lyft,2024-03-17,115.09,6.3,4.1,rideshare
USER087,lyft,2024-03-18,36.09,2.3,4.7,rideshare
USER087,lyft,2024-03-19,34.3,2.1,4.3,rideshare
USER087,lyft,2024-03-21,128.95,4.9,4.6,rideshare
USER087,lyft,2024-03-24,209.44,9.2,5.0,rideshare
USER087,lyft,2024-03-25,102.77,4.9,4.4,rideshare
USER087,lyft,2024-03-26,159.64,9.5,4.2,rideshare
USER087,lyft,2024-03-27,97.07,5.6,4.9,rideshare
USER087,lyft,2024-03-28,114.69,5.2,4.4,rideshare
USER087,lyft,2024-03-30,43.37,2.6,4.9,rideshare
USER087,fiverr,2024-01-01,362.31,6.6,4.4,freelance
USER087,fiverr,2024-01-02,288.01,8.6,4.7,freelance
USER087,fiverr,2024-01-04,261.02,5.8,4.4,freelance
USER087,fiverr,2024-01-05,149.46,2.9,4.1,freelance
USER087,fiverr,2024-01-06,80.98,3.0,4.7,freelance
USER087,fiverr,2024-01-07,132.95,2.9,4.8,freelance
USER087,fiverr,2024-01-08,257.49,7.6,4.8,freelance
USER087,fiverr,2024-01-09,295.18,4.0,4.3,freelance
USER087,fiverr,2024-01-10,187.38,3.1,4.5,freelance
USER087,fiverr,2024-01-11,248.79,4.3,4.3,freelance
USER087,fiverr,2024-01-12,725.63,9.4,4.9,freelance
USER087,fiverr,2024-01-13,323.26,4.2,4.7,freelance
USER087,fiverr,2024-01-14,328.98,9.5,4.8,freelance
USER087,fiverr,2024-01-20,402.55,5.2,4.5,freelance
USER087,fiverr,2024-01-21,69.46,1.2,4.9,freelance
USER087,fiverr,2024-01-22,33.81,1.2,4.1,freelance
USER087,fiverr,2024-01-23,446.67,9.7,4.1,freelance
USER087,fiverr,2024-01-25,93.03,2.7,4.9,freelance
USER087,fiverr,2024-01-26,713.23,9.4,4.2,freelance
USER087,fiverr,2024-01-27,421.79,7.7,4.3,freelance
USER087,fiverr,2024-01-28,158.96,4.0,4.3,freelance
USER087,fiverr,2024-01-30,266.52,5.0,4.8,freelance
USER087,fiverr,2024-02-05,156.62,5.8,4.9,freelance
USER087,fiverr,2024-02-07,316.44,8.1,4.7,freelance
USER087,fiverr,2024-02-08,542.9,8.4,4.2,freelance
USER087,fiverr,2024-02-09,246.66,4.1,4.5,freelance
USER087,fiverr,2024-02-10,108.5,1.9,4.3,freelance
USER087,fiverr,2024-02-11,472.4,6.0,4.6,freelance
USER087,fiverr,2024-02-12,439.99,8.9,4.3,freelance
USER087,fiverr,2024-02-13,399.08,6.2,4.6,freelance
USER087,fiverr,2024-02-15,104.81,1.7,4.0,freelance
USER087,fiverr,2024-02-17,777.79,9.9,4.6,freelance
USER087,fiverr,2024-02-18,104.45,2.0,4.6,freelance
USER087,fiverr,2024-02-21,708.04,9.2,4.4,freelance
USER087,fiverr,2024-02-22,146.91,1.8,4.0,freelance
USER087,fiverr,2024-02-23,102.43,4.0,4.9,freelance
USER087,fiverr,2024-02-24,151.47,3.0,4.5,freelance
USER087,fiverr,2024-02-25,233.33,8.9,4.5,freelance
USER087,fiverr,2024-02-28,260.46,4.9,4.5,freelance
USER087,fiverr,2024-03-02,125.86,4.5,4.1,freelance
USER087,fiverr,2024-03-04,515.63,7.8,4.6,freelance
USER087,fiverr,2024-03-06,248.36,4.6,4.8,freelance
USER087,fiverr,2024-03-08,165.29,5.0,4.0,freelance
USER087,fiverr,2024-03-09,138.89,7.0,4.3,freelance
USER087,fiverr,2024-03-10,426.0,6.7,4.8,freelance
USER087,fiverr,2024-03-11,437.78,6.5,4.9,freelance
USER087,fiverr,2024-03-12,72.75,2.4,4.6,freelance
USER087,fiverr,2024-03-14,123.09,4.1,4.9,freelance
USER087,fiverr,2024-03-15,340.61,6.8,4.8,freelance
USER087,fiverr,2024-03-17,83.08,3.5,4.9,freelance
USER087,fiverr,2024-03-21,291.65,9.7,4.3,freelance
USER087,fiverr,2024-03-22,104.0,4.1,4.7,freelance
USER087,fiverr,2024-03-24,92.86,2.5,4.4,freelance
USER087,fiverr,2024-03-25,64.63,1.6,4.8,freelance
USER087,fiverr,2024-03-26,218.82,7.2,4.7,freelance
USER087,fiverr,2024-03-28,281.84,6.4,4.0,freelance
USER087,fiverr,2024-03-29,171.14,5.8,4.3,freelance
USER088,upwork,2024-01-06,401.0,7.8,4.8,freelance
USER088,upwork,2024-01-08,70.22,1.2,4.6,freelance
USER088,upwork,2024-01-09,259.88,8.1,4.4,freelance
USER088,upwork,2024-01-13,262.67,5.4,4.6,freelance
USER088,upwork,2024-01-15,92.46,4.9,4.9,freelance
USER088,upwork,2024-01-16,224.21,3.9,4.5,freelance
USER088,upwork,2024-01-18,117.09,2.2,4.9,freelance
USER088,upwork,2024-01-19,54.26,1.0,4.3,freelance
USER088,upwork,2024-01-21,197.09,4.1,4.8,freelance
USER088,upwork,2024-01-22,60.72,2.2,4.3,freelance
USER088,upwork,2024-01-23,68.98,2.8,4.3,freelance
USER088,upwork,2024-01-24,346.69,4.7,4.3,freelance
USER088,upwork,2024-01-26,101.82,1.6,4.1,freelance
USER088,upwork,2024-01-27,123.45,3.6,4.8,freelance
USER088,upwork,2024-01-28,172.72,6.9,4.4,freelance
USER088,upwork,2024-01-30,570.45,6.5,4.6,freelance
USER088,upwork,2024-02-01,164.21,3.2,4.4,freelance
USER088,upwork,2024-02-02,513.94,7.4,4.1,freelance
USER088,upwork,2024-02-03,363.12,9.2,4.1,freelance
USER088,upwork,2024-02-05,206.56,7.8,4.1,freelance
USER088,upwork,2024-02-06,132.61,3.8,4.7,freelance
USER088,upwork,2024-02-08,435.93,6.1,4.6,freelance
USER088,upwork,2024-02-09,408.24,5.1,5.0,freelance
USER088,upwork,2024-02-10,214.36,7.0,5.0,freelance
USER088,upwork,2024-02-11,83.45,4.9,4.2,freelance
USER088,upwork,2024-02-15,101.0,3.8,4.5,freelance
USER088,upwork,2024-02-16,557.53,9.0,4.4,freelance
USER088,upwork,2024-02-17,592.73,9.6,4.6,freelance
USER088,upwork,2024-02-18,433.12,7.1,4.9,freelance
USER088,upwork,2024-02-20,617.55,9.4,4.9,freelance
USER088,upwork,2024-02-22,624.02,9.5,4.3,freelance
USER088,upwork,2024-02-23,218.22,4.8,4.8,freelance
USER088,upwork,2024-02-25,282.4,4.5,4.9,freelance
USER088,upwork,2024-02-26,300.95,7.4,4.8,freelance
USER088,upwork,2024-02-28,187.16,6.5,4.8,freelance
USER088,upwork,2024-03-04,317.99,4.8,4.1,freelance
USER088,upwork,2024-03-05,192.75,8.7,4.1,freelance
USER088,upwork,2024-03-06,194.87,7.6,5.0,freelance
USER088,upwork,2024-03-10,233.01,3.9,4.4,freelance
USER088,upwork,2024-03-12,75.13,2.4,4.6,freelance
USER088,upwork,2024-03-14,532.7,7.8,4.4,freelance
USER088,upwork,2024-03-15,521.58,6.5,4.2,freelance
USER088,upwork,2024-03-18,515.66,9.2,4.8,freelance
USER088,upwork,2024-03-19,165.72,2.7,4.9,freelance
USER088,upwork,2024-03-20,674.3,9.6,4.8,freelance
USER088,upwork,2024-03-23,97.02,5.2,4.8,freelance
USER088,upwork,2024-03-24,220.68,5.8,4.4,freelance
USER088,upwork,2024-03-25,295.73,8.8,4.7,freelance
USER088,upwork,2024-03-26,275.96,9.6,4.1,freelance
USER088,upwork,2024-03-27,143.26,4.3,4.2,freelance
USER088,upwork,2024-03-28,203.41,4.2,4.1,freelance
USER088,upwork,2024-03-29,432.97,6.6,4.7,freelance
USER089,taskrabbit,2024-01-02,100.25,3.0,4.5,services
USER089,taskrabbit,2024-01-03,111.73,4.2,4.2,services
USER089,taskrabbit,2024-01-04,149.76,5.4,4.4,services
USER089,taskrabbit,2024-01-05,51.61,2.3,4.3,services
USER089,taskrabbit,2024-01-06,62.58,3.0,4.4,services
USER089,taskrabbit,2024-01-07,177.0,5.9,4.3,services
USER089,taskrabbit,2024-01-08,121.97,3.9,4.1,services
USER089,taskrabbit,2024-01-09,34.56,1.4,4.8,services
USER089,taskrabbit,2024-01-10,96.5,4.2,5.0,services
USER089,taskrabbit,2024-01-12,108.38,4.8,5.0,services
USER089,taskrabbit,2024-01-13,110.32,5.5,4.3,services
USER089,taskrabbit,2024-01-14,152.41,5.8,4.3,services
USER089,taskrabbit,2024-01-16,50.38,1.9,4.8,services
USER089,taskrabbit,2024-01-17,93.77,4.3,4.7,services
USER089,taskrabbit,2024-01-18,92.74,2.3,4.8,services
USER089,taskrabbit,2024-01-19,139.0,4.0,5.0,services
USER089,taskrabbit,2024-01-21,98.88,4.7,5.0,services
USER089,taskrabbit,2024-01-22,126.07,4.3,4.2,services
USER089,taskrabbit,2024-01-23,169.87,5.9,4.5,services
USER089,taskrabbit,2024-01-25,58.37,3.1,4.4,services
USER089,taskrabbit,2024-01-28,75.89,2.8,4.5,services
USER089,taskrabbit,2024-01-29,56.8,3.2,4.5,services
USER089,taskrabbit,2024-01-31,120.9,4.9,4.4,services
USER089,taskrabbit,2024-02-01,42.54,1.5,4.7,services
USER089,taskrabbit,2024-02-04,37.38,1.9,4.1,services
USER089,taskrabbit,2024-02-05,187.09,5.6,4.3,services
USER089,taskrabbit,2024-02-06,46.48,2.8,4.1,services
USER089,taskrabbit,2024-02-08,45.0,1.7,4.4,services
USER089,taskrabbit,2024-02-11,46.58,1.8,4.1,services
USER089,taskrabbit,2024-02-12,25.27,1.6,4.2,services
USER089,taskrabbit,2024-02-13,107.36,3.0,4.4,services
USER089,taskrabbit,2024-02-14,65.09,3.8,4.5,services
USER089,taskrabbit,2024-02-16,125.59,3.6,4.5,services
USER089,taskrabbit,2024-02-17,89.56,4.1,4.5,services
USER089,taskrabbit,2024-02-18,77.37,3.2,5.0,services
USER089,taskrabbit,2024-02-19,135.59,4.7,4.2,services
USER089,taskrabbit,2024-02-20,39.63,1.2,4.2,services
USER089,taskrabbit,2024-02-21,25.53,1.4,4.5,services
USER089,taskrabbit,2024-02-22,52.96,1.5,4.7,services
USER089,taskrabbit,2024-02-23,80.84,2.5,4.5,services
USER089,taskrabbit,2024-02-24,52.18,2.6,4.3,services
USER089,taskrabbit,2024-02-29,120.69,4.6,4.2,services
USER089,taskrabbit,2024-03-01,27.37,1.5,4.7,services
USER089,taskrabbit,2024-03-02,23.55,1.1,4.9,services
USER089,taskrabbit,2024-03-03,68.73,4.5,4.7,services
USER089,taskrabbit,2024-03-04,148.55,5.3,4.7,services
USER089,taskrabbit,2024-03-06,34.69,1.2,4.5,services
USER089,taskrabbit,2024-03-07,200.52,5.6,4.5,services
USER089,taskrabbit,2024-03-08,99.42,4.0,4.3,services
USER089,taskrabbit,2024-03-10,48.6,1.7,4.5,services
USER089,taskrabbit,2024-03-11,42.16,2.1,4.9,services
USER089,taskrabbit,2024-03-13,89.64,5.9,4.0,services
USER089,taskrabbit,2024-03-15,61.57,2.5,4.7,services
USER089,taskrabbit,2024-03-16,94.53,5.5,4.4,services
USER089,taskrabbit,2024-03-18,120.25,3.6,4.8,services
USER089,taskrabbit,2024-03-19,165.38,5.0,4.6,services
USER089,taskrabbit,2024-03-21,112.58,4.6,4.1,services
USER089,taskrabbit,2024-03-23,189.91,5.6,4.1,services
USER089,taskrabbit,2024-03-25,69.24,2.9,4.9,services
USER089,taskrabbit,2024-03-27,72.8,3.0,4.1,services
USER089,taskrabbit,2024-03-28,40.93,1.6,4.1,services
USER089,taskrabbit,2024-03-29,43.24,1.5,4.0,services
USER089,taskrabbit,2024-03-30,114.27,3.8,4.6,services
USER090,doordash,2024-01-02,90.39,7.1,4.5,delivery
USER090,doordash,2024-01-03,83.34,6.0,4.9,delivery
USER090,doordash,2024-01-04,104.75,5.3,4.6,delivery
USER090,doordash,2024-01-05,73.6,3.9,4.7,delivery
USER090,doordash,2024-01-09,30.52,2.8,4.1,delivery
USER090,doordash,2024-01-10,132.9,6.9,4.2,delivery
USER090,doordash,2024-01-12,22.79,1.5,4.9,delivery
USER090,doordash,2024-01-13,16.0,1.1,4.0,delivery
USER090,doordash,2024-01-14,130.03,7.1,4.3,delivery
USER090,doordash,2024-01-17,29.97,1.7,4.9,delivery
USER090,doordash,2024-01-18,34.27,2.0,4.5,delivery
USER090,doordash,2024-01-19,96.88,6.6,4.3,delivery
USER090,doordash,2024-01-20,76.79,4.2,4.0,delivery
USER090,doordash,2024-01-21,118.09,7.0,4.8,delivery
USER090,doordash,2024-01-23,72.6,4.7,4.5,delivery
USER090,doordash,2024-01-24,67.57,3.9,4.4,delivery
USER090,doordash,2024-01-25,111.15,7.7,4.5,delivery
USER090,doordash,2024-01-26,71.06,4.2,4.4,delivery
USER090,doordash,2024-01-28,71.7,5.7,4.4,delivery
USER090,doordash,2024-01-29,118.04,6.0,4.5,delivery
USER090,doordash,2024-01-30,92.1,5.7,4.7,delivery
USER090,doordash,2024-01-31,134.85,6.6,4.5,delivery
USER090,doordash,2024-02-01,120.3,6.6,4.9,delivery
USER090,doordash,2024-02-02,50.18,2.9,4.5,delivery
USER090,doordash,2024-02-03,159.79,7.1,5.0,delivery
USER090,doordash,2024-02-04,69.13,3.7,4.6,delivery
USER090,doordash,2024-02-05,32.41,2.6,4.9,delivery
USER090,doordash,2024-02-06,58.17,4.1,4.7,delivery
USER090,doordash,2024-02-07,20.76,1.7,4.6,delivery
USER090,doordash,2024-02-09,81.34,4.9,4.2,delivery
USER090,doordash,2024-02-13,31.78,2.2,4.4,delivery
USER090,doordash,2024-02-18,38.11,2.1,4.2,delivery
USER090,doordash,2024-02-19,41.37,2.7,4.3,delivery
USER090,doordash,2024-02-20,95.35,6.6,4.8,delivery
USER090,doordash,2024-02-24,74.38,3.3,4.4,delivery
USER090,doordash,2024-02-25,112.12,6.6,4.1,delivery
USER090,doordash,2024-02-27,69.25,5.3,4.7,delivery
USER090,doordash,2024-03-07,67.9,4.3,4.4,delivery
USER090,doordash,2024-03-08,69.54,6.0,4.7,delivery
USER090,doordash,2024-03-09,49.68,3.8,5.0,delivery
USER090,doordash,2024-03-11,15.23,1.2,4.9,delivery
USER090,doordash,2024-03-12,51.58,3.6,4.1,delivery
USER090,doordash,2024-03-13,55.21,3.4,4.8,delivery
USER090,doordash,2024-03-14,100.58,7.6,4.4,delivery
USER090,doordash,2024-03-15,36.01,2.1,4.9,delivery
USER090,doordash,2024-03-16,42.9,3.2,4.8,delivery
USER090,doordash,2024-03-17,16.71,1.2,4.0,delivery
USER090,doordash,2024-03-22,65.73,4.2,4.8,delivery
USER090,doordash,2024-03-23,86.34,4.6,4.8,delivery
USER090,doordash,2024-03-24,123.47,7.2,4.4,delivery
USER090,doordash,2024-03-25,46.5,2.9,4.9,delivery
USER090,doordash,2024-03-26,65.1,2.9,4.3,delivery
USER090,doordash,2024-03-27,125.34,7.8,5.0,delivery
USER090,doordash,2024-03-30,78.56,5.4,4.8,delivery
USER090,fiverr,2024-01-01,284.65,5.0,4.8,freelance
USER090,fiverr,2024-01-02,377.95,6.2,4.4,freelance
USER090,fiverr,2024-01-03,350.6,7.1,4.6,freelance
USER090,fiverr,2024-01-04,164.42,4.6,4.7,freelance
USER090,fiverr,2024-01-05,240.11,3.9,4.5,freelance
USER090,fiverr,2024-01-06,283.24,9.9,4.3,freelance
USER090,fiverr,2024-01-09,191.56,4.7,4.4,freelance
USER090,fiverr,2024-01-13,282.68,4.9,5.0,freelance
USER090,fiverr,2024-01-15,820.45,9.5,4.9,freelance
USER090,fiverr,2024-01-17,243.02,4.4,4.8,freelance
USER090,fiverr,2024-01-19,119.74,7.2,4.8,freelance
USER090,fiverr,2024-01-20,166.12,3.7,4.8,freelance
USER090,fiverr,2024-01-21,139.38,4.7,4.7,freelance
USER090,fiverr,2024-01-24,45.78,1.6,4.7,freelance
USER090,fiverr,2024-01-25,341.62,6.7,4.8,freelance
USER090,fiverr,2024-01-27,341.51,4.9,4.3,freelance
USER090,fiverr,2024-01-28,277.26,4.9,4.1,freelance
USER090,fiverr,2024-01-30,533.43,7.6,4.6,freelance
USER090,fiverr,2024-01-31,257.82,9.1,4.4,freelance
USER090,fiverr,2024-02-02,266.27,7.6,4.4,freelance
USER090,fiverr,2024-02-04,600.55,9.4,4.7,freelance
USER090,fiverr,2024-02-05,665.03,9.7,4.3,freelance
USER090,fiverr,2024-02-06,40.63,1.1,4.2,freelance
USER090,fiverr,2024-02-09,268.27,5.5,4.1,freelance
USER090,fiverr,2024-02-10,72.77,1.3,4.5,freelance
USER090,fiverr,2024-02-11,475.86,8.3,4.4,freelance
USER090,fiverr,2024-02-12,218.94,6.8,4.2,freelance
USER090,fiverr,2024-02-14,230.93,7.0,4.5,freelance
USER090,fiverr,2024-02-16,431.62,8.3,4.6,freelance
USER090,fiverr,2024-02-17,377.75,6.8,4.4,freelance
USER090,fiverr,2024-02-18,192.15,2.9,4.8,freelance
USER090,fiverr,2024-02-20,313.54,4.8,4.9,freelance
USER090,fiverr,2024-02-21,62.02,2.3,4.4,freelance
USER090,fiverr,2024-02-23,575.19,9.8,4.6,freelance
USER090,fiverr,2024-02-24,87.25,1.3,4.5,freelance
USER090,fiverr,2024-02-27,278.34,3.6,4.3,freelance
USER090,fiverr,2024-03-01,447.69,9.9,4.3,freelance
USER090,fiverr,2024-03-04,509.92,7.2,4.7,freelance
USER090,fiverr,2024-03-05,407.33,5.1,4.7,freelance
USER090,fiverr,2024-03-07,37.55,1.7,4.2,freelance
USER090,fiverr,2024-03-09,62.19,2.2,4.4,freelance
USER090,fiverr,2024-03-10,59.71,1.3,4.1,freelance
USER090,fiverr,2024-03-11,395.98,10.0,4.0,freelance
USER090,fiverr,2024-03-12,386.85,5.5,4.6,freelance
USER090,fiverr,2024-03-14,180.06,7.5,4.2,freelance
USER090,fiverr,2024-03-16,198.68,3.2,5.0,freelance
USER090,fiverr,2024-03-18,202.96,6.7,4.1,freelance
USER090,fiverr,2024-03-20,119.83,3.1,4.8,freelance
USER090,fiverr,2024-03-22,601.1,9.6,4.1,freelance
USER090,fiverr,2024-03-23,109.15,2.6,4.9,freelance
USER090,fiverr,2024-03-24,377.56,9.6,4.1,freelance
USER090,fiverr,2024-03-25,60.72,2.2,4.1,freelance
USER090,fiverr,2024-03-26,747.7,9.5,4.5,freelance
USER090,fiverr,2024-03-28,145.26,5.3,4.1,freelance
USER091,uber,2024-01-01,178.89,6.6,4.7,rideshare
USER091,uber,2024-01-05,115.29,4.5,4.3,rideshare
USER091,uber,2024-01-08,112.86,6.4,4.8,rideshare
USER091,uber,2024-01-09,301.81,11.9,4.8,rideshare
USER091,uber,2024-01-10,62.0,3.3,4.8,rideshare
USER091,uber,2024-01-11,124.95,6.3,4.9,rideshare
USER091,uber,2024-01-13,65.02,4.1,4.0,rideshare
USER091,uber,2024-01-14,99.07,5.5,4.5,rideshare
USER091,uber,2024-01-15,178.41,8.8,4.5,rideshare
USER091,uber,2024-01-16,146.66,8.3,4.4,rideshare
USER091,uber,2024-01-17,85.44,3.7,4.4,rideshare
USER091,uber,2024-01-18,276.9,11.5,4.5,rideshare
USER091,uber,2024-01-19,199.27,9.4,4.6,rideshare
USER091,uber,2024-01-20,121.15,5.8,4.3,rideshare
USER091,uber,2024-01-22,190.27,8.3,4.4,rideshare
USER091,uber,2024-01-24,240.36,12.0,4.4,rideshare
USER091,uber,2024-01-25,34.45,2.3,4.1,rideshare
USER091,uber,2024-01-26,138.37,7.1,4.0,rideshare
USER091,uber,2024-01-27,58.97,3.4,4.1,rideshare
USER091,uber,2024-01-28,56.45,2.4,4.6,rideshare
USER091,uber,2024-01-29,63.74,2.5,4.0,rideshare
USER091,uber,2024-01-30,115.29,6.5,4.0,rideshare
USER091,uber,2024-01-31,131.39,7.4,4.5,rideshare
USER091,uber,2024-02-01,210.67,9.2,4.9,rideshare
USER091,uber,2024-02-02,85.0,5.9,4.7,rideshare
USER091,uber,2024-02-03,147.37,7.0,4.4,rideshare
USER091,uber,2024-02-04,186.66,11.2,4.0,rideshare
USER091,uber,2024-02-06,95.96,5.1,4.0,rideshare
USER091,uber,2024-02-09,167.53,10.4,4.7,rideshare
USER091,uber,2024-02-11,285.71,11.1,4.9,rideshare
USER091,uber,2024-02-13,207.9,9.4,4.3,rideshare
USER091,uber,2024-02-14,118.16,6.0,4.7,rideshare
USER091,uber,2024-02-16,65.36,3.2,4.5,rideshare
USER091,uber,2024-02-17,133.82,11.0,4.7,rideshare
USER091,uber,2024-02-18,137.7,6.4,4.5,rideshare
USER091,uber,2024-02-19,137.14,9.6,4.8,rideshare
USER091,uber,2024-02-20,96.13,5.3,4.7,rideshare
USER091,uber,2024-02-21,130.47,6.8,4.9,rideshare
USER091,uber,2024-02-23,208.57,9.2,4.0,rideshare
USER091,uber,2024-02-24,106.42,6.9,4.5,rideshare
USER091,uber,2024-02-25,69.58,2.8,4.1,rideshare
USER091,uber,2024-02-26,63.33,2.9,4.5,rideshare
USER091,uber,2024-02-27,104.72,4.7,4.2,rideshare
USER091,uber,2024-02-28,284.94,11.6,4.6,rideshare
USER091,uber,2024-02-29,201.44,11.7,4.4,rideshare
USER091,uber,2024-03-02,270.21,11.7,4.4,rideshare
USER091,uber,2024-03-03,143.29,7.0,4.8,rideshare
USER091,uber,2024-03-04,120.0,8.9,4.9,rideshare
USER091,uber,2024-03-05,65.52,3.4,4.1,rideshare
USER091,uber,2024-03-07,136.39,7.4,4.0,rideshare
USER091,uber,2024-03-10,213.38,9.1,4.3,rideshare
USER091,uber,2024-03-11,81.92,3.8,5.0,rideshare
USER091,uber,2024-03-14,196.79,10.6,5.0,rideshare
USER091,uber,2024-03-15,131.13,6.9,4.0,rideshare
USER091,uber,2024-03-16,115.87,5.5,4.8,rideshare
USER091,uber,2024-03-17,108.89,7.8,4.0,rideshare
USER091,uber,2024-03-18,158.73,8.5,4.3,rideshare
USER091,uber,2024-03-21,203.74,9.5,4.0,rideshare
USER091,uber,2024-03-22,158.75,10.2,5.0,rideshare
USER091,uber,2024-03-23,80.08,3.0,4.9,rideshare
USER091,uber,2024-03-24,239.14,10.6,5.0,rideshare
USER091,uber,2024-03-25,82.98,4.2,4.2,rideshare
USER091,uber,2024-03-26,233.09,11.9,4.2,rideshare
USER091,uber,2024-03-28,87.36,3.3,4.4,rideshare
USER091,uber,2024-03-29,129.59,6.0,4.3,rideshare
USER091,uber,2024-03-30,80.64,4.5,4.3,rideshare
USER091,upwork,2024-01-01,162.12,3.5,4.2,freelance
USER091,upwork,2024-01-02,469.77,6.1,4.7,freelance
USER091,upwork,2024-01-03,265.64,8.0,4.2,freelance
USER091,upwork,2024-01-05,489.95,7.4,4.4,freelance
USER091,upwork,2024-01-08,79.98,1.9,4.0,freelance
USER091,upwork,2024-01-09,260.78,3.6,4.5,freelance
USER091,upwork,2024-01-14,850.6,9.4,4.8,freelance
USER091,upwork,2024-01-15,240.7,3.6,4.8,freelance
USER091,upwork,2024-01-17,495.44,5.5,4.1,freelance
USER091,upwork,2024-01-19,332.94,5.1,4.0,freelance
USER091,upwork,2024-01-20,293.9,9.7,4.2,freelance
USER091,upwork,2024-01-21,235.89,5.1,4.1,freelance
USER091,upwork,2024-01-23,168.75,5.8,4.1,freelance
USER091,upwork,2024-01-26,313.7,8.5,4.2,freelance
USER091,upwork,2024-01-27,394.77,6.3,4.0,freelance
USER091,upwork,2024-01-28,249.03,3.2,4.6,freelance
USER091,upwork,2024-01-29,318.38,6.7,4.9,freelance
USER091,upwork,2024-01-30,223.62,5.4,4.3,freelance
USER091,upwork,2024-02-03,203.99,7.6,4.9,freelance
USER091,upwork,2024-02-04,119.3,1.9,4.6,freelance
USER091,upwork,2024-02-06,743.96,9.5,4.4,freelance
USER091,upwork,2024-02-07,268.11,10.0,4.1,freelance
USER091,upwork,2024-02-08,483.03,7.2,4.7,freelance
USER091,upwork,2024-02-10,179.97,3.0,4.9,freelance
USER091,upwork,2024-02-12,280.27,6.1,4.8,freelance
USER091,upwork,2024-02-13,81.75,1.6,4.4,freelance
USER091,upwork,2024-02-15,403.77,6.2,4.2,freelance
USER091,upwork,2024-02-17,66.5,1.2,4.8,freelance
USER091,upwork,2024-02-18,328.79,4.2,4.8,freelance
USER091,upwork,2024-02-21,328.52,5.0,4.6,freelance
USER091,upwork,2024-02-23,395.06,7.2,4.6,freelance
USER091,upwork,2024-02-24,313.05,3.9,4.4,freelance
USER091,upwork,2024-02-25,189.96,3.2,4.8,freelance
USER091,upwork,2024-02-26,163.25,5.2,4.1,freelance
USER091,upwork,2024-02-28,309.35,5.5,4.4,freelance
USER091,upwork,2024-02-29,407.23,5.9,4.3,freelance
USER091,upwork,2024-03-01,434.51,7.8,5.0,freelance
USER091,upwork,2024-03-04,33.46,1.0,4.8,freelance
USER091,upwork,2024-03-06,437.11,5.6,5.0,freelance
USER091,upwork,2024-03-10,304.07,4.0,4.8,freelance
USER091,upwork,2024-03-11,98.75,1.5,4.2,freelance
USER091,upwork,2024-03-13,288.59,6.2,4.7,freelance
USER091,upwork,2024-03-16,181.55,7.0,4.7,freelance
USER091,upwork,2024-03-17,260.64,6.6,4.5,freelance
USER091,upwork,2024-03-19,519.2,9.7,4.7,freelance
USER091,upwork,2024-03-20,146.81,5.0,4.3,freelance
USER091,upwork,2024-03-21,218.96,6.3,4.2,freelance
USER091,upwork,2024-03-22,414.01,7.5,4.6,freelance
USER091,upwork,2024-03-23,564.5,6.7,4.8,freelance
USER091,upwork,2024-03-25,115.5,6.5,4.7,freelance
USER091,upwork,2024-03-26,269.2,3.2,4.4,freelance
USER091,upwork,2024-03-28,176.22,7.1,4.5,freelance
USER091,upwork,2024-03-29,84.9,3.4,4.6,freelance
USER092,uber,2024-01-01,117.87,7.2,4.9,rideshare
USER092,uber,2024-01-03,49.16,3.0,4.6,rideshare
USER092,uber,2024-01-04,163.82,11.2,4.9,rideshare
USER092,uber,2024-01-06,202.93,11.4,4.7,rideshare
USER092,uber,2024-01-08,117.2,5.5,4.1,rideshare
USER092,uber,2024-01-13,153.4,6.2,4.3,rideshare
USER092,uber,2024-01-15,80.88,3.9,4.4,rideshare
USER092,uber,2024-01-16,93.18,5.1,4.0,rideshare
USER092,uber,2024-01-17,63.95,4.1,4.8,rideshare
USER092,uber,2024-01-19,67.58,2.9,4.4,rideshare
USER092,uber,2024-01-20,205.3,8.5,4.8,rideshare
USER092,uber,2024-01-23,191.86,10.2,4.1,rideshare
USER092,uber,2024-01-25,136.73,4.8,4.3,rideshare
USER092,uber,2024-01-26,105.88,5.2,4.0,rideshare
USER092,uber,2024-01-27,224.71,11.6,4.1,rideshare
USER092,uber,2024-01-28,196.69,10.9,4.6,rideshare
USER092,uber,2024-01-30,139.95,5.6,4.2,rideshare
USER092,uber,2024-02-01,129.72,8.2,4.9,rideshare
USER092,uber,2024-02-02,247.11,11.0,4.8,rideshare
USER092,uber,2024-02-04,46.5,2.3,4.1,rideshare
USER092,uber,2024-02-07,68.35,3.0,4.2,rideshare
USER092,uber,2024-02-08,70.48,3.5,5.0,rideshare
USER092,uber,2024-02-09,185.71,12.0,4.6,rideshare
USER092,uber,2024-02-10,85.7,3.2,4.9,rideshare
USER092,uber,2024-02-15,222.89,11.1,4.9,rideshare
USER092,uber,2024-02-16,191.98,9.6,4.2,rideshare
USER092,uber,2024-02-19,117.77,6.1,4.5,rideshare
USER092,uber,2024-02-20,135.48,7.7,4.6,rideshare
USER092,uber,2024-02-21,187.0,8.1,4.1,rideshare
USER092,uber,2024-02-22,110.96,5.3,4.7,rideshare
USER092,uber,2024-02-23,85.36,5.7,4.2,rideshare
USER092,uber,2024-03-06,169.81,9.9,4.1,rideshare
USER092,uber,2024-03-08,143.05,8.1,4.5,rideshare
USER092,uber,2024-03-09,150.14,7.5,4.1,rideshare
USER092,uber,2024-03-10,99.26,6.9,4.4,rideshare
USER092,uber,2024-03-18,79.22,4.2,4.1,rideshare
USER092,uber,2024-03-19,144.93,6.5,4.7,rideshare
USER092,uber,2024-03-20,72.53,3.6,4.3,rideshare
USER092,uber,2024-03-25,146.06,8.1,4.5,rideshare
USER092,uber,2024-03-27,71.26,4.7,4.3,rideshare
USER092,uber,2024-03-28,54.52,2.3,4.2,rideshare
USER092,uber,2024-03-29,63.76,4.5,4.3,rideshare
USER092,uber,2024-03-30,96.0,4.3,4.1,rideshare
USER093,upwork,2024-01-04,217.21,3.4,4.5,freelance
USER093,upwork,2024-01-05,231.54,5.1,4.4,freelance
USER093,upwork,2024-01-06,117.85,1.9,4.2,freelance
USER093,upwork,2024-01-07,263.3,8.5,4.1,freelance
USER093,upwork,2024-01-09,189.13,2.5,4.6,freelance
USER093,upwork,2024-01-10,69.36,2.5,4.8,freelance
USER093,upwork,2024-01-12,162.08,4.8,4.1,freelance
USER093,upwork,2024-01-15,112.15,5.3,4.0,freelance
USER093,upwork,2024-01-16,152.75,2.5,4.8,freelance
USER093,upwork,2024-01-17,64.44,1.0,4.6,freelance
USER093,upwork,2024-01-19,139.28,3.3,4.2,freelance
USER093,upwork,2024-01-21,165.28,2.2,4.6,freelance
USER093,upwork,2024-01-22,30.71,1.1,4.2,freelance
USER093,upwork,2024-01-23,499.67,8.2,4.8,freelance
USER093,upwork,2024-01-24,660.85,8.5,4.2,freelance
USER093,upwork,2024-01-28,129.85,4.9,4.2,freelance
USER093,upwork,2024-01-29,25.29,1.0,4.5,freelance
USER093,upwork,2024-01-30,227.35,7.9,4.1,freelance
USER093,upwork,2024-01-31,372.71,5.9,4.4,freelance
USER093,upwork,2024-02-01,460.2,6.1,4.8,freelance
USER093,upwork,2024-02-02,300.75,5.9,4.4,freelance
USER093,upwork,2024-02-04,324.23,4.7,4.0,freelance
USER093,upwork,2024-02-06,560.77,9.7,4.3,freelance
USER093,upwork,2024-02-07,158.99,2.0,4.9,freelance
USER093,upwork,2024-02-08,381.56,9.3,4.2,freelance
USER093,upwork,2024-02-09,305.52,7.1,4.0,freelance
USER093,upwork,2024-02-10,241.49,6.2,4.5,freelance
USER093,upwork,2024-02-11,571.03,7.3,4.9,freelance
USER093,upwork,2024-02-13,329.4,6.7,4.3,freelance
USER093,upwork,2024-02-16,626.6,8.4,4.9,freelance
USER093,upwork,2024-02-19,505.97,8.2,4.6,freelance
USER093,upwork,2024-02-20,322.86,5.5,5.0,freelance
USER093,upwork,2024-02-22,369.86,7.7,4.4,freelance
USER093,upwork,2024-02-23,659.75,9.1,4.1,freelance
USER093,upwork,2024-02-25,380.76,9.6,4.1,freelance
USER093,upwork,2024-02-26,771.55,9.4,4.4,freelance
USER093,upwork,2024-02-27,790.79,9.9,4.7,freelance
USER093,upwork,2024-02-28,43.6,2.0,4.1,freelance
USER093,upwork,2024-03-01,567.09,7.3,4.6,freelance
USER093,upwork,2024-03-02,221.19,7.4,4.1,freelance
USER093,upwork,2024-03-04,99.57,2.1,4.4,freelance
USER093,upwork,2024-03-05,70.89,2.1,4.2,freelance
USER093,upwork,2024-03-06,390.25,9.9,4.7,freelance
USER093,upwork,2024-03-07,40.66,2.1,4.9,freelance
USER093,upwork,2024-03-08,94.01,3.5,4.2,freelance
USER093,upwork,2024-03-09,376.41,9.3,4.3,freelance
USER093,upwork,2024-03-13,321.21,5.5,4.9,freelance
USER093,upwork,2024-03-14,86.58,2.0,4.2,freelance
USER093,upwork,2024-03-15,107.16,1.4,4.2,freelance
USER093,upwork,2024-03-16,378.44,5.8,4.0,freelance
USER093,upwork,2024-03-19,165.17,8.9,4.0,freelance
USER093,upwork,2024-03-20,269.1,5.9,4.7,freelance
USER093,upwork,2024-03-21,591.53,9.1,4.5,freelance
USER093,upwork,2024-03-23,269.74,3.6,4.8,freelance
USER093,upwork,2024-03-24,88.21,4.1,4.8,freelance
USER093,upwork,2024-03-25,233.8,4.9,4.1,freelance
USER093,upwork,2024-03-26,160.56,6.2,4.4,freelance
USER093,upwork,2024-03-27,706.84,9.9,4.8,freelance
USER093,upwork,2024-03-28,126.05,2.9,4.6,freelance
USER093,upwork,2024-03-29,249.26,5.8,4.1,freelance
USER093,upwork,2024-03-30,378.71,4.9,4.3,freelance
USER093,doordash,2024-01-03,80.15,4.6,4.8,delivery
USER093,doordash,2024-01-04,80.58,6.1,4.6,delivery
USER093,doordash,2024-01-11,56.51,4.3,4.2,delivery
USER093,doordash,2024-01-12,36.8,1.8,4.1,delivery
USER093,doordash,2024-01-14,58.57,4.7,4.6,delivery
USER093,doordash,2024-01-17,63.77,4.2,4.4,delivery
USER093,doordash,2024-01-18,111.72,8.0,4.3,delivery
USER093,doordash,2024-01-19,114.18,6.5,4.0,delivery
USER093,doordash,2024-01-20,40.59,2.0,4.6,delivery
USER093,doordash,2024-01-22,39.47,3.4,4.4,delivery
USER093,doordash,2024-01-23,117.86,5.0,4.4,delivery
USER093,doordash,2024-01-24,72.83,5.0,4.0,delivery
USER093,doordash,2024-01-28,72.51,5.1,4.3,delivery
USER093,doordash,2024-01-30,39.82,2.2,4.4,delivery
USER093,doordash,2024-02-01,107.0,7.3,4.8,delivery
USER093,doordash,2024-02-08,93.92,6.2,4.7,delivery
USER093,doordash,2024-02-11,60.14,2.7,4.8,delivery
USER093,doordash,2024-02-12,20.81,1.1,4.3,delivery
USER093,doordash,2024-02-13,23.28,1.9,4.1,delivery
USER093,doordash,2024-02-14,61.84,4.0,4.7,delivery
USER093,doordash,2024-02-17,21.72,2.0,4.1,delivery
USER093,doordash,2024-02-19,106.26,7.4,4.4,delivery
USER093,doordash,2024-02-21,83.01,5.4,4.9,delivery
USER093,doordash,2024-02-22,97.08,6.9,4.8,delivery
USER093,doordash,2024-02-23,68.31,5.6,4.1,delivery
USER093,doordash,2024-02-24,20.81,1.0,5.0,delivery
USER093,doordash,2024-02-26,74.61,6.4,4.6,delivery
USER093,doordash,2024-02-27,100.68,7.0,4.0,delivery
USER093,doordash,2024-03-01,19.64,1.1,4.5,delivery
USER093,doordash,2024-03-04,82.01,6.3,4.3,delivery
USER093,doordash,2024-03-05,67.22,3.9,4.9,delivery
USER093,doordash,2024-03-06,31.1,2.4,4.5,delivery
USER093,doordash,2024-03-07,49.22,2.7,4.6,delivery
USER093,doordash,2024-03-08,91.82,5.9,4.4,delivery
USER093,doordash,2024-03-09,96.3,6.3,4.2,delivery
USER093,doordash,2024-03-12,24.1,1.7,4.6,delivery
USER093,doordash,2024-03-14,63.26,4.6,4.1,delivery
USER093,doordash,2024-03-18,100.84,6.7,4.9,delivery
USER093,doordash,2024-03-21,73.33,4.8,4.7,delivery
USER093,doordash,2024-03-22,29.99,1.5,4.1,delivery
USER093,doordash,2024-03-24,56.44,3.4,4.5,delivery
USER093,doordash,2024-03-25,83.12,5.1,4.2,delivery
USER093,doordash,2024-03-26,26.74,1.7,4.7,delivery
USER093,doordash,2024-03-27,61.23,3.6,4.7,delivery
USER093,doordash,2024-03-28,77.64,4.1,5.0,delivery
USER093,uber,2024-01-01,52.57,2.5,4.3,rideshare
USER093,uber,2024-01-02,167.94,11.6,5.0,rideshare
USER093,uber,2024-01-03,188.11,8.6,4.8,rideshare
USER093,uber,2024-01-05,132.74,8.0,4.6,rideshare
USER093,uber,2024-01-06,35.9,2.7,5.0,rideshare
USER093,uber,2024-01-07,52.52,2.1,4.6,rideshare
USER093,uber,2024-01-09,152.92,10.1,4.3,rideshare
USER093,uber,2024-01-10,186.44,9.0,4.8,rideshare
USER093,uber,2024-01-11,242.14,8.9,4.1,rideshare
USER093,uber,2024-01-12,78.61,3.1,4.8,rideshare
USER093,uber,2024-01-13,87.17,5.3,4.0,rideshare
USER093,uber,2024-01-14,259.3,11.0,4.4,rideshare
USER093,uber,2024-01-15,118.23,7.5,4.2,rideshare
USER093,uber,2024-01-17,179.6,9.1,4.8,rideshare
USER093,uber,2024-01-20,70.41,4.1,4.5,rideshare
USER093,uber,2024-01-21,201.42,6.9,4.6,rideshare
USER093,uber,2024-01-23,180.67,9.9,4.2,rideshare
USER093,uber,2024-01-24,78.38,3.6,4.3,rideshare
USER093,uber,2024-01-25,187.18,10.7,4.3,rideshare
USER093,uber,2024-01-26,163.79,7.8,4.9,rideshare
USER093,uber,2024-01-27,37.03,2.3,4.7,rideshare
USER093,uber,2024-01-28,60.34,3.2,4.2,rideshare
USER093,uber,2024-01-30,125.37,7.7,4.5,rideshare
USER093,uber,2024-02-02,191.15,9.9,4.6,rideshare
USER093,uber,2024-02-04,62.69,2.8,4.1,rideshare
USER093,uber,2024-02-05,129.5,9.4,4.1,rideshare
USER093,uber,2024-02-07,141.89,9.9,4.2,rideshare
USER093,uber,2024-02-08,203.79,9.9,4.1,rideshare
USER093,uber,2024-02-10,103.95,5.2,4.9,rideshare
USER093,uber,2024-02-12,119.53,7.7,4.2,rideshare
USER093,uber,2024-02-13,281.99,10.2,4.4,rideshare
USER093,uber,2024-02-15,279.66,11.6,4.0,rideshare
USER093,uber,2024-02-18,92.78,6.0,4.5,rideshare
USER093,uber,2024-02-21,70.78,2.9,4.6,rideshare
USER093,uber,2024-02-23,193.03,11.3,4.1,rideshare
USER093,uber,2024-02-25,122.96,5.2,4.6,rideshare
USER093,uber,2024-02-26,89.77,5.2,4.0,rideshare
USER093,uber,2024-02-27,147.95,8.8,4.1,rideshare
USER093,uber,2024-02-29,163.74,8.3,4.5,rideshare
USER093,uber,2024-03-06,103.64,7.1,4.9,rideshare
USER093,uber,2024-03-07,237.74,10.7,4.1,rideshare
USER093,uber,2024-03-09,121.02,5.4,4.1,rideshare
USER093,uber,2024-03-10,90.38,4.4,4.3,rideshare
USER093,uber,2024-03-11,41.88,3.3,4.1,rideshare
USER093,uber,2024-03-14,102.7,5.0,4.1,rideshare
USER093,uber,2024-03-18,160.52,7.2,4.0,rideshare
USER093,uber,2024-03-19,159.57,11.2,4.0,rideshare
USER093,uber,2024-03-24,156.57,7.9,4.8,rideshare
USER093,uber,2024-03-26,157.24,9.0,4.2,rideshare
USER093,uber,2024-03-28,188.09,11.3,4.6,rideshare
USER093,uber,2024-03-30,140.68,8.9,4.7,rideshare
USER094,upwork,2024-01-02,359.96,7.6,4.2,freelance
USER094,upwork,2024-01-03,60.47,2.1,4.3,freelance
USER094,upwork,2024-01-05,153.6,4.9,4.1,freelance
USER094,upwork,2024-01-06,178.65,4.9,4.2,freelance
USER094,upwork,2024-01-07,111.96,2.7,4.7,freelance
USER094,upwork,2024-01-09,491.02,7.3,4.9,freelance
USER094,upwork,2024-01-10,100.31,3.0,4.8,freelance
USER094,upwork,2024-01-15,308.58,8.4,4.2,freelance
USER094,upwork,2024-01-17,90.56,1.1,4.8,freelance
USER094,upwork,2024-01-19,291.82,9.9,4.8,freelance
USER094,upwork,2024-01-20,539.63,6.2,4.8,freelance
USER094,upwork,2024-01-22,278.76,4.7,4.6,freelance
USER094,upwork,2024-01-23,137.01,6.7,4.8,freelance
USER094,upwork,2024-01-25,426.81,9.6,4.0,freelance
USER094,upwork,2024-01-26,273.88,10.0,4.3,freelance
USER094,upwork,2024-01-28,585.37,9.4,4.4,freelance
USER094,upwork,2024-01-29,296.13,9.2,4.9,freelance
USER094,upwork,2024-01-30,745.91,9.0,4.3,freelance
USER094,upwork,2024-01-31,377.93,8.2,4.9,freelance
USER094,upwork,2024-02-01,500.18,6.4,4.7,freelance
USER094,upwork,2024-02-02,235.21,9.4,4.6,freelance
USER094,upwork,2024-02-05,162.15,3.4,4.3,freelance
USER094,upwork,2024-02-07,242.3,3.8,4.5,freelance
USER094,upwork,2024-02-08,126.1,5.6,4.8,freelance
USER094,upwork,2024-02-09,614.64,7.8,4.1,freelance
USER094,upwork,2024-02-11,140.25,2.4,4.9,freelance
USER094,upwork,2024-02-12,380.01,6.2,4.4,freelance
USER094,upwork,2024-02-13,226.09,3.8,4.4,freelance
USER094,upwork,2024-02-14,162.83,6.6,4.6,freelance
USER094,upwork,2024-02-15,93.45,1.9,4.3,freelance
USER094,upwork,2024-02-17,547.86,9.0,4.5,freelance
USER094,upwork,2024-02-19,297.78,5.1,4.3,freelance
USER094,upwork,2024-02-21,230.7,4.4,4.6,freelance
USER094,upwork,2024-02-23,183.47,4.4,4.1,freelance
USER094,upwork,2024-02-25,605.15,8.2,4.8,freelance
USER094,upwork,2024-02-27,128.44,5.4,4.5,freelance
USER094,upwork,2024-02-28,125.05,4.7,4.7,freelance
USER094,upwork,2024-02-29,49.12,1.1,4.0,freelance
USER094,upwork,2024-03-03,60.0,2.1,4.7,freelance
USER094,upwork,2024-03-04,47.56,1.8,4.0,freelance
USER094,upwork,2024-03-05,159.87,3.7,4.6,freelance
USER094,upwork,2024-03-08,182.47,6.3,4.9,freelance
USER094,upwork,2024-03-09,110.71,2.7,4.3,freelance
USER094,upwork,2024-03-11,315.29,8.0,4.5,freelance
USER094,upwork,2024-03-12,307.54,6.3,4.6,freelance
USER094,upwork,2024-03-13,106.65,2.7,4.2,freelance
USER094,upwork,2024-03-14,355.25,7.1,4.2,freelance
USER094,upwork,2024-03-16,291.73,8.1,4.4,freelance
USER094,upwork,2024-03-18,414.57,5.4,4.6,freelance
USER094,upwork,2024-03-19,576.65,8.0,4.7,freelance
USER094,upwork,2024-03-20,65.49,1.2,4.9,freelance
USER094,upwork,2024-03-21,283.54,3.7,4.4,freelance
USER094,upwork,2024-03-22,557.25,8.9,4.2,freelance
USER094,upwork,2024-03-24,216.16,5.6,4.4,freelance
USER094,upwork,2024-03-26,424.15,6.0,4.9,freelance
USER094,upwork,2024-03-27,208.06,4.8,4.4,freelance
USER094,upwork,2024-03-30,168.01,2.0,4.9,freelance
USER095,uber,2024-01-01,115.54,5.5,4.6,rideshare
USER095,uber,2024-01-02,57.58,2.2,4.0,rideshare
USER095,uber,2024-01-03,81.25,3.3,4.1,rideshare
USER095,uber,2024-01-05,80.34,3.7,4.0,rideshare
USER095,uber,2024-01-08,139.17,6.2,4.2,rideshare
USER095,uber,2024-01-10,79.16,3.2,4.1,rideshare
USER095,uber,2024-01-12,281.86,10.2,4.8,rideshare
USER095,uber,2024-01-15,52.8,3.4,4.1,rideshare
USER095,uber,2024-01-16,110.57,5.9,4.2,rideshare
USER095,uber,2024-01-17,66.57,2.8,4.6,rideshare
USER095,uber,2024-01-18,212.37,8.7,4.2,rideshare
USER095,uber,2024-01-20,175.82,11.4,4.8,rideshare
USER095,uber,2024-01-22,109.91,6.4,4.7,rideshare
USER095,uber,2024-01-24,155.14,11.2,4.6,rideshare
USER095,uber,2024-01-25,137.46,5.2,4.9,rideshare
USER095,uber,2024-01-26,171.46,8.6,4.3,rideshare
USER095,uber,2024-01-27,207.89,9.1,5.0,rideshare
USER095,uber,2024-02-03,97.66,5.4,4.5,rideshare
USER095,uber,2024-02-04,159.85,7.2,4.6,rideshare
USER095,uber,2024-02-05,132.19,6.4,4.2,rideshare
USER095,uber,2024-02-10,130.18,8.5,4.0,rideshare
USER095,uber,2024-02-12,221.41,9.5,4.8,rideshare
USER095,uber,2024-02-14,263.63,11.0,4.7,rideshare
USER095,uber,2024-02-16,93.08,4.3,4.2,rideshare
USER095,uber,2024-02-17,145.84,7.9,4.2,rideshare
USER095,uber,2024-02-20,198.6,9.8,4.4,rideshare
USER095,uber,2024-02-23,226.05,11.5,4.9,rideshare
USER095,uber,2024-02-25,243.26,11.0,4.6,rideshare
USER095,uber,2024-02-26,246.5,10.8,4.4,rideshare
USER095,uber,2024-02-27,191.67,9.5,4.1,rideshare
USER095,uber,2024-02-28,176.26,11.7,4.1,rideshare
USER095,uber,2024-03-03,152.21,8.4,4.4,rideshare
USER095,uber,2024-03-04,67.87,4.5,4.9,rideshare
USER095,uber,2024-03-05,96.53,5.0,4.8,rideshare
USER095,uber,2024-03-07,165.45,9.1,4.7,rideshare
USER095,uber,2024-03-08,239.16,11.0,4.5,rideshare
USER095,uber,2024-03-09,324.57,11.8,4.6,rideshare
USER095,uber,2024-03-10,241.03,9.3,4.0,rideshare
USER095,uber,2024-03-11,196.39,11.0,5.0,rideshare
USER095,uber,2024-03-15,165.57,8.2,4.8,rideshare
USER095,uber,2024-03-16,243.17,11.4,4.4,rideshare
USER095,uber,2024-03-17,114.4,4.5,4.1,rideshare
USER095,uber,2024-03-19,58.32,2.3,4.6,rideshare
USER095,uber,2024-03-20,266.17,11.1,4.8,rideshare
USER095,uber,2024-03-21,201.42,7.7,4.5,rideshare
USER095,uber,2024-03-22,151.09,7.8,4.5,rideshare
USER095,uber,2024-03-23,206.95,11.1,4.8,rideshare
USER095,uber,2024-03-26,56.96,2.9,4.2,rideshare
USER095,uber,2024-03-27,122.96,6.6,4.2,rideshare
USER095,uber,2024-03-28,43.36,2.6,4.1,rideshare
USER095,uber,2024-03-29,84.99,5.9,4.6,rideshare
USER095,doordash,2024-01-05,20.95,1.4,4.1,delivery
USER095,doordash,2024-01-06,33.93,2.2,4.2,delivery
USER095,doordash,2024-01-07,14.54,1.1,4.5,delivery
USER095,doordash,2024-01-08,49.38,3.4,4.9,delivery
USER095,doordash,2024-01-09,95.28,6.1,4.9,delivery
USER095,doordash,2024-01-10,103.21,6.8,4.7,delivery
USER095,doordash,2024-01-12,130.62,6.1,4.7,delivery
USER095,doordash,2024-01-13,99.33,5.9,4.1,delivery
USER095,doordash,2024-01-14,44.78,2.6,4.5,delivery
USER095,doordash,2024-01-17,71.14,4.3,4.5,delivery
USER095,doordash,2024-01-18,33.16,2.3,5.0,delivery
USER095,doordash,2024-01-20,63.86,3.0,4.1,delivery
USER095,doordash,2024-01-21,48.63,2.8,5.0,delivery
USER095,doordash,2024-01-23,58.18,4.0,5.0,delivery
USER095,doordash,2024-01-26,69.28,4.4,4.8,delivery
USER095,doordash,2024-01-27,108.96,5.2,5.0,delivery
USER095,doordash,2024-01-29,16.88,1.2,4.5,delivery
USER095,doordash,2024-01-30,152.19,7.9,5.0,delivery
USER095,doordash,2024-02-01,25.99,1.5,4.7,delivery
USER095,doordash,2024-02-02,36.53,2.3,4.5,delivery
USER095,doordash,2024-02-04,43.98,2.1,4.3,delivery
USER095,doordash,2024-02-05,78.98,5.6,5.0,delivery
USER095,doordash,2024-02-09,130.64,6.0,4.3,delivery
USER095,doordash,2024-02-13,62.82,4.2,4.9,delivery
USER095,doordash,2024-02-14,109.53,6.4,4.1,delivery
USER095,doordash,2024-02-15,33.15,1.8,4.6,delivery
USER095,doordash,2024-02-16,46.32,4.2,4.6,delivery
USER095,doordash,2024-02-17,141.19,7.0,4.2,delivery
USER095,doordash,2024-02-18,111.56,7.0,4.0,delivery
USER095,doordash,2024-02-19,28.99,1.5,4.9,delivery
USER095,doordash,2024-02-21,158.83,7.7,4.1,delivery
USER095,doordash,2024-02-22,32.35,2.2,4.2,delivery
USER095,doordash,2024-02-27,112.04,6.6,4.9,delivery
USER095,doordash,2024-02-28,36.89,2.3,4.9,delivery
USER095,doordash,2024-02-29,101.81,7.3,4.4,delivery
USER095,doordash,2024-03-02,33.34,2.3,4.1,delivery
USER095,doordash,2024-03-03,30.25,1.8,4.9,delivery
USER095,doordash,2024-03-04,120.62,7.4,4.5,delivery
USER095,doordash,2024-03-05,91.01,4.4,4.3,delivery
USER095,doordash,2024-03-07,60.92,3.5,4.4,delivery
USER095,doordash,2024-03-09,79.97,4.7,4.7,delivery
USER095,doordash,2024-03-12,113.58,8.0,4.3,delivery
USER095,doordash,2024-03-13,18.87,1.0,4.3,delivery
USER095,doordash,2024-03-15,53.74,4.6,4.6,delivery
USER095,doordash,2024-03-16,102.55,4.8,4.3,delivery
USER095,doordash,2024-03-18,44.53,2.8,4.1,delivery
USER095,doordash,2024-03-20,62.87,4.2,4.6,delivery
USER095,doordash,2024-03-21,95.21,7.8,4.8,delivery
USER095,doordash,2024-03-23,30.32,2.2,4.9,delivery
USER095,doordash,2024-03-27,65.71,3.6,4.7,delivery
USER095,doordash,2024-03-28,38.48,3.2,4.7,delivery
USER095,doordash,2024-03-29,25.24,1.9,4.4,delivery
USER096,ubereats,2024-01-02,29.87,2.3,4.4,delivery
USER096,ubereats,2024-01-04,54.26,3.8,4.8,delivery
USER096,ubereats,2024-01-06,97.32,5.0,4.0,delivery
USER096,ubereats,2024-01-07,46.08,2.2,4.1,delivery
USER096,ubereats,2024-01-08,33.95,2.5,4.6,delivery
USER096,ubereats,2024-01-10,76.32,6.0,4.9,delivery
USER096,ubereats,2024-01-12,90.85,6.8,4.3,delivery
USER096,ubereats,2024-01-13,50.16,2.9,4.1,delivery
USER096,ubereats,2024-01-14,60.39,3.8,4.1,delivery
USER096,ubereats,2024-01-15,120.71,7.3,4.5,delivery
USER096,ubereats,2024-01-16,85.95,4.6,4.4,delivery
USER096,ubereats,2024-01-17,21.94,1.3,4.4,delivery
USER096,ubereats,2024-01-18,104.53,7.6,4.2,delivery
USER096,ubereats,2024-01-20,34.22,2.3,4.4,delivery
USER096,ubereats,2024-01-23,47.33,2.8,4.9,delivery
USER096,ubereats,2024-01-24,81.63,4.1,4.4,delivery
USER096,ubereats,2024-01-26,61.44,4.7,4.5,delivery
USER096,ubereats,2024-01-28,108.84,7.2,4.7,delivery
USER096,ubereats,2024-02-01,87.74,5.4,4.3,delivery
USER096,ubereats,2024-02-02,102.85,6.3,4.4,delivery
USER096,ubereats,2024-02-05,57.02,4.3,4.5,delivery
USER096,ubereats,2024-02-06,43.18,3.0,4.7,delivery
USER096,ubereats,2024-02-07,87.98,6.4,4.7,delivery
USER096,ubereats,2024-02-08,38.12,2.3,4.4,delivery
USER096,ubereats,2024-02-09,127.39,6.0,4.9,delivery
USER096,ubereats,2024-02-11,33.46,1.5,4.4,delivery
USER096,ubereats,2024-02-12,135.49,7.4,4.3,delivery
USER096,ubereats,2024-02-14,114.47,7.2,4.5,delivery
USER096,ubereats,2024-02-15,41.74,1.9,4.6,delivery
USER096,ubereats,2024-02-16,41.04,2.8,4.1,delivery
USER096,ubereats,2024-02-21,69.74,3.8,4.8,delivery
USER096,ubereats,2024-02-23,87.37,5.9,4.5,delivery
USER096,ubereats,2024-02-24,39.81,2.6,4.6,delivery
USER096,ubereats,2024-02-26,48.21,3.3,4.2,delivery
USER096,ubereats,2024-02-29,87.33,7.6,4.4,delivery
USER096,ubereats,2024-03-01,71.47,4.1,4.1,delivery
USER096,ubereats,2024-03-02,98.66,6.9,4.0,delivery
USER096,ubereats,2024-03-03,114.64,6.2,4.8,delivery
USER096,ubereats,2024-03-04,82.38,6.0,4.8,delivery
USER096,ubereats,2024-03-05,116.63,5.9,4.4,delivery
USER096,ubereats,2024-03-10,89.25,6.1,4.9,delivery
USER096,ubereats,2024-03-11,17.02,1.6,4.9,delivery
USER096,ubereats,2024-03-12,69.11,3.6,5.0,delivery
USER096,ubereats,2024-03-14,120.48,7.7,4.4,delivery
USER096,ubereats,2024-03-15,23.98,2.2,4.8,delivery
USER096,ubereats,2024-03-16,30.62,1.8,4.8,delivery
USER096,ubereats,2024-03-17,31.09,1.8,4.9,delivery
USER096,ubereats,2024-03-18,66.52,4.8,4.6,delivery
USER096,ubereats,2024-03-19,68.04,4.4,4.5,delivery
USER096,ubereats,2024-03-22,26.89,2.4,4.3,delivery
USER096,ubereats,2024-03-24,40.13,2.2,4.3,delivery
USER096,ubereats,2024-03-28,43.46,3.1,4.6,delivery
USER097,doordash,2024-01-05,22.37,1.2,4.3,delivery
USER097,doordash,2024-01-09,117.75,7.5,5.0,delivery
USER097,doordash,2024-01-10,73.07,5.2,4.8,delivery
USER097,doordash,2024-01-11,98.2,6.0,4.3,delivery
USER097,doordash,2024-01-13,94.62,7.6,4.6,delivery
USER097,doordash,2024-01-14,68.33,4.4,5.0,delivery
USER097,doordash,2024-01-17,77.77,5.0,4.1,delivery
USER097,doordash,2024-01-19,77.98,6.3,4.7,delivery
USER097,doordash,2024-01-20,46.79,2.7,4.4,delivery
USER097,doordash,2024-01-23,38.35,1.7,4.0,delivery
USER097,doordash,2024-01-24,58.58,4.3,4.0,delivery
USER097,doordash,2024-01-25,52.8,4.0,4.3,delivery
USER097,doordash,2024-01-29,44.16,2.3,5.0,delivery
USER097,doordash,2024-02-01,19.4,1.6,4.9,delivery
USER097,doordash,2024-02-02,29.87,2.0,4.9,delivery
USER097,doordash,2024-02-06,47.35,3.7,4.6,delivery
USER097,doordash,2024-02-07,104.15,6.3,5.0,delivery
USER097,doordash,2024-02-09,129.1,7.3,4.7,delivery
USER097,doordash,2024-02-10,47.68,3.6,4.3,delivery
USER097,doordash,2024-02-11,61.78,4.6,4.7,delivery
USER097,doordash,2024-02-12,106.96,7.1,4.4,delivery
USER097,doordash,2024-02-13,84.41,6.9,4.6,delivery
USER097,doordash,2024-02-14,101.66,6.3,4.1,delivery
USER097,doordash,2024-02-15,47.19,2.5,4.5,delivery
USER097,doordash,2024-02-18,113.68,7.0,4.9,delivery
USER097,doordash,2024-02-19,60.64,3.5,4.0,delivery
USER097,doordash,2024-02-20,157.77,7.8,4.9,delivery
USER097,doordash,2024-02-21,27.73,2.2,4.5,delivery
USER097,doordash,2024-02-24,51.82,2.9,4.2,delivery
USER097,doordash,2024-02-25,66.45,4.8,4.6,delivery
USER097,doordash,2024-02-28,51.92,3.9,4.7,delivery
USER097,doordash,2024-03-02,63.79,4.7,4.5,delivery
USER097,doordash,2024-03-03,30.1,2.3,4.4,delivery
USER097,doordash,2024-03-04,97.67,5.9,4.9,delivery
USER097,doordash,2024-03-05,29.18,2.2,4.0,delivery
USER097,doordash,2024-03-07,100.11,6.0,4.3,delivery
USER097,doordash,2024-03-08,103.98,6.3,4.4,delivery
USER097,doordash,2024-03-09,60.16,3.5,4.8,delivery
USER097,doordash,2024-03-12,32.17,2.3,4.9,delivery
USER097,doordash,2024-03-13,102.15,7.2,4.2,delivery
USER097,doordash,2024-03-14,64.05,5.1,4.7,delivery
USER097,doordash,2024-03-15,28.37,2.6,4.5,delivery
USER097,doordash,2024-03-17,39.38,2.4,4.5,delivery
USER097,doordash,2024-03-18,24.64,1.4,5.0,delivery
USER097,doordash,2024-03-19,73.0,4.6,4.8,delivery
USER097,doordash,2024-03-21,138.65,6.6,4.9,delivery
USER097,doordash,2024-03-22,82.82,5.7,4.6,delivery
USER097,doordash,2024-03-23,33.08,2.7,4.5,delivery
USER097,doordash,2024-03-24,25.32,1.7,4.8,delivery
USER097,doordash,2024-03-28,101.52,7.0,4.5,delivery
USER097,doordash,2024-03-29,58.04,4.2,4.4,delivery
USER097,doordash,2024-03-30,127.41,7.6,4.8,delivery
USER097,lyft,2024-01-01,256.98,10.1,4.1,rideshare
USER097,lyft,2024-01-02,176.15,8.1,4.1,rideshare
USER097,lyft,2024-01-03,45.91,2.3,4.7,rideshare
USER097,lyft,2024-01-04,85.7,6.6,4.1,rideshare
USER097,lyft,2024-01-05,67.09,4.1,4.8,rideshare
USER097,lyft,2024-01-06,87.61,3.9,4.4,rideshare
USER097,lyft,2024-01-08,157.26,8.2,4.4,rideshare
USER097,lyft,2024-01-09,81.12,5.3,4.4,rideshare
USER097,lyft,2024-01-10,152.98,11.4,4.8,rideshare
USER097,lyft,2024-01-11,121.91,7.8,4.1,rideshare
USER097,lyft,2024-01-12,71.72,3.1,4.7,rideshare
USER097,lyft,2024-01-14,156.93,5.7,4.1,rideshare
USER097,lyft,2024-01-15,205.1,10.1,4.3,rideshare
USER097,lyft,2024-01-19,225.39,11.6,5.0,rideshare
USER097,lyft,2024-01-20,205.35,11.5,4.6,rideshare
USER097,lyft,2024-01-21,114.54,4.1,4.8,rideshare
USER097,lyft,2024-01-22,201.58,10.9,4.0,rideshare
USER097,lyft,2024-01-23,170.66,7.3,4.3,rideshare
USER097,lyft,2024-01-25,124.11,8.2,4.1,rideshare
USER097,lyft,2024-01-27,136.45,6.4,4.6,rideshare
USER097,lyft,2024-01-28,50.23,3.0,4.8,rideshare
USER097,lyft,2024-01-29,161.08,8.9,4.9,rideshare
USER097,lyft,2024-01-30,75.5,3.1,4.7,rideshare
USER097,lyft,2024-02-02,148.79,8.9,4.3,rideshare
USER097,lyft,2024-02-03,110.56,4.3,4.6,rideshare
USER097,lyft,2024-02-04,53.15,3.3,4.8,rideshare
USER097,lyft,2024-02-08,120.57,4.8,4.1,rideshare
USER097,lyft,2024-02-09,126.39,6.8,4.0,rideshare
USER097,lyft,2024-02-10,150.76,6.2,4.5,rideshare
USER097,lyft,2024-02-11,83.31,3.9,4.8,rideshare
USER097,lyft,2024-02-12,163.75,10.9,4.8,rideshare
USER097,lyft,2024-02-13,82.7,5.0,4.7,rideshare
USER097,lyft,2024-02-14,137.71,7.6,4.2,rideshare
USER097,lyft,2024-02-15,132.44,9.3,4.7,rideshare
USER097,lyft,2024-02-16,117.17,6.4,4.3,rideshare
USER097,lyft,2024-02-17,136.62,6.6,4.2,rideshare
USER097,lyft,2024-02-18,70.83,3.3,4.5,rideshare
USER097,lyft,2024-02-19,271.74,10.4,4.7,rideshare
USER097,lyft,2024-02-21,288.5,10.5,4.2,rideshare
USER097,lyft,2024-02-22,110.15,3.8,4.3,rideshare
USER097,lyft,2024-02-23,82.18,3.9,4.5,rideshare
USER097,lyft,2024-02-24,246.93,10.9,4.9,rideshare
USER097,lyft,2024-02-28,51.01,2.8,4.6,rideshare
USER097,lyft,2024-02-29,59.61,2.5,4.0,rideshare
USER097,lyft,2024-03-01,123.4,4.8,5.0,rideshare
USER097,lyft,2024-03-02,171.38,7.4,4.6,rideshare
USER097,lyft,2024-03-03,105.53,4.1,4.8,rideshare
USER097,lyft,2024-03-04,150.74,9.3,4.2,rideshare
USER097,lyft,2024-03-05,151.91,8.4,4.9,rideshare
USER097,lyft,2024-03-06,261.53,11.2,4.6,rideshare
USER097,lyft,2024-03-07,123.23,5.2,4.8,rideshare
USER097,lyft,2024-03-10,101.94,5.2,4.6,rideshare
USER097,lyft,2024-03-11,183.83,10.5,4.9,rideshare
USER097,lyft,2024-03-12,122.32,7.0,4.7,rideshare
USER097,lyft,2024-03-13,131.97,6.0,4.3,rideshare
USER097,lyft,2024-03-17,55.21,3.1,4.3,rideshare
USER097,lyft,2024-03-19,178.88,8.8,4.6,rideshare
USER097,lyft,2024-03-20,219.6,8.8,4.9,rideshare
USER097,lyft,2024-03-21,243.96,11.9,4.1,rideshare
USER097,lyft,2024-03-22,180.01,6.8,4.6,rideshare
USER097,lyft,2024-03-23,43.01,2.2,4.2,rideshare
USER097,lyft,2024-03-24,87.78,4.6,4.2,rideshare
USER097,lyft,2024-03-25,138.73,8.7,4.8,rideshare
USER097,lyft,2024-03-26,83.86,3.5,4.9,rideshare
USER097,lyft,2024-03-28,139.2,6.9,4.6,rideshare
USER097,lyft,2024-03-29,269.97,10.2,4.4,rideshare
USER097,lyft,2024-03-30,137.07,7.5,4.8,rideshare
USER097,instacart,2024-01-01,52.56,3.7,4.8,delivery
USER097,instacart,2024-01-02,45.08,2.4,4.4,delivery
USER097,instacart,2024-01-03,118.98,6.7,4.2,delivery
USER097,instacart,2024-01-04,49.03,3.4,4.2,delivery
USER097,instacart,2024-01-05,33.82,1.6,4.7,delivery
USER097,instacart,2024-01-07,50.15,2.8,4.8,delivery
USER097,instacart,2024-01-08,158.69,6.8,4.2,delivery
USER097,instacart,2024-01-09,16.86,1.6,4.6,delivery
USER097,instacart,2024-01-10,53.59,4.8,4.8,delivery
USER097,instacart,2024-01-11,33.54,1.6,4.5,delivery
USER097,instacart,2024-01-12,34.5,2.6,4.7,delivery
USER097,instacart,2024-01-13,58.24,3.5,4.6,delivery
USER097,instacart,2024-01-14,88.4,5.1,4.9,delivery
USER097,instacart,2024-01-18,49.16,4.4,4.1,delivery
USER097,instacart,2024-01-19,55.81,3.2,4.1,delivery
USER097,instacart,2024-01-20,87.57,5.8,4.8,delivery
USER097,instacart,2024-01-21,133.82,7.4,4.0,delivery
USER097,instacart,2024-01-22,65.87,3.4,4.2,delivery
USER097,instacart,2024-01-23,24.37,1.8,4.6,delivery
USER097,instacart,2024-01-24,58.09,3.8,4.1,delivery
USER097,instacart,2024-01-26,50.89,2.8,4.6,delivery
USER097,instacart,2024-01-30,30.15,1.7,4.5,delivery
USER097,instacart,2024-01-31,52.07,4.1,4.9,delivery
USER097,instacart,2024-02-03,108.01,5.2,4.3,delivery
USER097,instacart,2024-02-06,63.5,5.6,4.9,delivery
USER097,instacart,2024-02-07,106.7,6.7,4.5,delivery
USER097,instacart,2024-02-10,60.61,3.0,4.5,delivery
USER097,instacart,2024-02-12,24.96,2.0,4.4,delivery
USER097,instacart,2024-02-13,46.55,2.4,4.7,delivery
USER097,instacart,2024-02-14,41.98,3.3,4.7,delivery
USER097,instacart,2024-02-16,106.57,6.9,4.8,delivery
USER097,instacart,2024-02-17,33.98,3.2,4.8,delivery
USER097,instacart,2024-02-18,54.92,3.0,4.9,delivery
USER097,instacart,2024-02-19,99.85,6.2,4.4,delivery
USER097,instacart,2024-02-20,64.62,5.0,4.2,delivery
USER097,instacart,2024-02-22,72.27,3.5,4.1,delivery
USER097,instacart,2024-02-24,102.06,6.3,4.8,delivery
USER097,instacart,2024-02-25,82.99,6.1,4.5,delivery
USER097,instacart,2024-02-26,30.13,2.5,4.4,delivery
USER097,instacart,2024-02-27,71.0,4.9,4.7,delivery
USER097,instacart,2024-02-28,134.25,7.5,5.0,delivery
USER097,instacart,2024-03-04,120.08,7.8,4.2,delivery
USER097,instacart,2024-03-05,67.25,6.2,4.2,delivery
USER097,instacart,2024-03-06,51.52,4.0,4.5,delivery
USER097,instacart,2024-03-07,137.02,6.5,4.0,delivery
USER097,instacart,2024-03-09,45.02,3.2,4.7,delivery
USER097,instacart,2024-03-11,85.97,5.9,4.1,delivery
USER097,instacart,2024-03-13,29.83,2.0,4.9,delivery
USER097,instacart,2024-03-16,60.87,4.4,5.0,delivery
USER097,instacart,2024-03-17,17.32,1.2,4.4,delivery
USER097,instacart,2024-03-20,67.73,6.3,4.2,delivery
USER097,instacart,2024-03-23,48.99,2.5,4.5,delivery
USER097,instacart,2024-03-25,68.15,5.2,4.7,delivery
USER097,instacart,2024-03-26,13.82,1.2,4.4,delivery
USER097,instacart,2024-03-28,36.39,2.9,4.6,delivery
USER097,instacart,2024-03-29,158.64,7.6,4.6,delivery
USER097,instacart,2024-03-30,161.97,7.9,4.5,delivery
USER098,fiverr,2024-01-01,436.94,6.6,4.1,freelance
USER098,fiverr,2024-01-02,84.82,3.1,4.0,freelance
USER098,fiverr,2024-01-05,711.27,9.3,4.7,freelance
USER098,fiverr,2024-01-07,110.34,1.6,4.1,freelance
USER098,fiverr,2024-01-08,333.93,6.5,4.9,freelance
USER098,fiverr,2024-01-09,564.33,7.5,4.5,freelance
USER098,fiverr,2024-01-11,367.91,6.5,4.9,freelance
USER098,fiverr,2024-01-14,102.28,3.1,4.5,freelance
USER098,fiverr,2024-01-15,601.56,8.8,4.5,freelance
USER098,fiverr,2024-01-16,112.59,2.3,4.8,freelance
USER098,fiverr,2024-01-18,567.92,7.2,4.5,freelance
USER098,fiverr,2024-01-19,167.65,2.3,4.8,freelance
USER098,fiverr,2024-01-21,354.02,5.0,4.0,freelance
USER098,fiverr,2024-01-24,170.75,9.5,4.8,freelance
USER098,fiverr,2024-01-25,86.21,3.2,4.3,freelance
USER098,fiverr,2024-01-27,179.43,4.0,4.7,freelance
USER098,fiverr,2024-01-28,76.46,2.2,4.2,freelance
USER098,fiverr,2024-01-29,98.12,5.0,4.9,freelance
USER098,fiverr,2024-01-30,437.45,7.7,4.6,freelance
USER098,fiverr,2024-02-02,74.9,1.8,4.9,freelance
USER098,fiverr,2024-02-04,171.32,3.9,4.2,freelance
USER098,fiverr,2024-02-05,117.03,2.4,4.3,freelance
USER098,fiverr,2024-02-08,614.7,8.1,4.9,freelance
USER098,fiverr,2024-02-10,236.53,4.8,4.7,freelance
USER098,fiverr,2024-02-11,273.36,7.5,4.2,freelance
USER098,fiverr,2024-02-12,326.23,7.4,4.1,freelance
USER098,fiverr,2024-02-13,241.1,3.8,4.0,freelance
USER098,fiverr,2024-02-15,447.3,6.7,4.4,freelance
USER098,fiverr,2024-02-16,333.68,6.0,4.3,freelance
USER098,fiverr,2024-02-17,749.06,9.0,4.5,freelance
USER098,fiverr,2024-02-19,798.11,9.5,4.3,freelance
USER098,fiverr,2024-02-20,54.15,1.4,4.6,freelance
USER098,fiverr,2024-02-23,66.22,1.1,4.8,freelance
USER098,fiverr,2024-02-25,717.33,9.0,4.6,freelance
USER098,fiverr,2024-02-27,72.21,3.0,4.7,freelance
USER098,fiverr,2024-02-29,224.28,7.1,4.7,freelance
USER098,fiverr,2024-03-03,205.39,7.7,4.1,freelance
USER098,fiverr,2024-03-05,128.95,4.0,4.0,freelance
USER098,fiverr,2024-03-06,75.73,1.7,4.8,freelance
USER098,fiverr,2024-03-07,147.8,5.6,4.8,freelance
USER098,fiverr,2024-03-08,186.44,4.5,4.1,freelance
USER098,fiverr,2024-03-09,254.3,8.6,4.7,freelance
USER098,fiverr,2024-03-10,224.85,7.8,4.6,freelance
USER098,fiverr,2024-03-14,163.38,4.8,4.2,freelance
USER098,fiverr,2024-03-16,234.71,3.0,4.7,freelance
USER098,fiverr,2024-03-19,54.71,2.1,5.0,freelance
USER098,fiverr,2024-03-20,152.06,8.9,4.2,freelance
USER098,fiverr,2024-03-22,191.07,7.7,4.3,freelance
USER098,fiverr,2024-03-23,423.04,8.7,4.2,freelance
USER098,fiverr,2024-03-25,226.96,8.3,4.9,freelance
USER098,fiverr,2024-03-27,287.35,4.2,4.6,freelance
USER098,fiverr,2024-03-29,69.18,2.2,4.0,freelance
USER098,fiverr,2024-03-30,574.98,7.8,4.7,freelance
USER099,doordash,2024-01-01,34.85,2.3,4.3,delivery
USER099,doordash,2024-01-02,108.99,5.8,4.6,delivery
USER099,doordash,2024-01-03,23.69,2.2,4.3,delivery
USER099,doordash,2024-01-05,33.44,2.6,4.4,delivery
USER099,doordash,2024-01-06,70.94,5.8,4.1,delivery
USER099,doordash,2024-01-08,39.56,2.5,4.9,delivery
USER099,doordash,2024-01-10,73.58,5.0,4.1,delivery
USER099,doordash,2024-01-11,48.39,2.7,4.5,delivery
USER099,doordash,2024-01-13,59.18,3.3,4.9,delivery
USER099,doordash,2024-01-14,31.26,2.3,4.3,delivery
USER099,doordash,2024-01-15,88.82,5.7,4.3,delivery
USER099,doordash,2024-01-16,63.47,3.3,4.5,delivery
USER099,doordash,2024-01-17,40.23,2.3,5.0,delivery
USER099,doordash,2024-01-18,93.04,4.7,5.0,delivery
USER099,doordash,2024-01-19,122.56,6.1,4.9,delivery
USER099,doordash,2024-01-20,104.93,7.6,4.8,delivery
USER099,doordash,2024-01-22,34.3,3.1,4.5,delivery
USER099,doordash,2024-01-23,89.57,6.1,4.7,delivery
USER099,doordash,2024-01-25,128.39,7.5,4.6,delivery
USER099,doordash,2024-01-29,93.89,6.7,4.4,delivery
USER099,doordash,2024-01-30,74.88,3.6,4.0,delivery
USER099,doordash,2024-01-31,97.68,6.0,4.2,delivery
USER099,doordash,2024-02-01,34.38,2.9,4.9,delivery
USER099,doordash,2024-02-02,30.77,2.0,4.5,delivery
USER099,doordash,2024-02-03,73.05,4.4,4.1,delivery
USER099,doordash,2024-02-04,31.36,2.0,5.0,delivery
USER099,doordash,2024-02-05,59.94,5.8,4.6,delivery
USER099,doordash,2024-02-06,17.48,1.1,5.0,delivery
USER099,doordash,2024-02-07,45.56,2.2,4.9,delivery
USER099,doordash,2024-02-08,81.35,6.2,4.9,delivery
USER099,doordash,2024-02-09,44.83,2.8,4.9,delivery
USER099,doordash,2024-02-12,119.71,7.3,4.5,delivery
USER099,doordash,2024-02-13,42.91,3.8,4.5,delivery
USER099,doordash,2024-02-14,112.0,5.8,4.8,delivery
USER099,doordash,2024-02-15,143.54,6.7,4.1,delivery
USER099,doordash,2024-02-16,45.87,3.1,4.4,delivery
USER099,doordash,2024-02-17,101.98,6.3,4.9,delivery
USER099,doordash,2024-02-19,82.91,7.7,4.5,delivery
USER099,doordash,2024-02-22,47.23,2.8,4.1,delivery
USER099,doordash,2024-02-24,46.97,3.5,4.6,delivery
USER099,doordash,2024-02-25,19.92,1.4,4.7,delivery
USER099,doordash,2024-02-26,77.07,4.5,4.7,delivery
USER099,doordash,2024-03-02,69.97,4.7,4.2,delivery
USER099,doordash,2024-03-06,92.73,5.6,4.1,delivery
USER099,doordash,2024-03-11,88.42,7.1,4.0,delivery
USER099,doordash,2024-03-12,36.29,3.0,4.2,delivery
USER099,doordash,2024-03-13,91.62,6.6,4.1,delivery
USER099,doordash,2024-03-15,107.36,6.8,4.2,delivery
USER099,doordash,2024-03-17,104.39,7.0,4.5,delivery
USER099,doordash,2024-03-18,69.5,4.9,4.9,delivery
USER099,doordash,2024-03-19,86.8,5.6,4.9,delivery
USER099,doordash,2024-03-21,66.58,4.7,4.1,delivery
USER099,doordash,2024-03-22,87.39,4.6,4.2,delivery
USER099,doordash,2024-03-24,48.72,2.9,4.9,delivery
USER099,doordash,2024-03-25,35.08,2.1,4.5,delivery
USER099,doordash,2024-03-28,41.91,2.6,4.8,delivery
USER099,doordash,2024-03-29,76.33,4.5,4.3,delivery
USER099,doordash,2024-03-30,72.96,5.5,5.0,delivery
USER099,ubereats,2024-01-01,57.28,2.8,4.9,delivery
USER099,ubereats,2024-01-03,16.82,1.5,4.4,delivery
USER099,ubereats,2024-01-04,53.73,3.0,4.3,delivery
USER099,ubereats,2024-01-05,46.31,2.6,4.1,delivery
USER099,ubereats,2024-01-06,21.54,1.3,4.5,delivery
USER099,ubereats,2024-01-07,12.93,1.0,4.8,delivery
USER099,ubereats,2024-01-08,115.92,7.6,4.7,delivery
USER099,ubereats,2024-01-09,84.18,5.2,4.2,delivery
USER099,ubereats,2024-01-13,36.13,3.3,4.8,delivery
USER099,ubereats,2024-01-14,125.15,6.9,4.5,delivery
USER099,ubereats,2024-01-19,16.67,1.5,4.4,delivery
USER099,ubereats,2024-01-20,36.98,1.8,4.5,delivery
USER099,ubereats,2024-01-22,35.94,2.9,4.3,delivery
USER099,ubereats,2024-01-23,80.19,6.4,4.9,delivery
USER099,ubereats,2024-01-25,110.42,5.1,4.6,delivery
USER099,ubereats,2024-01-27,90.4,6.5,4.6,delivery
USER099,ubereats,2024-01-29,23.08,1.3,4.6,delivery
USER099,ubereats,2024-01-31,109.31,5.5,4.6,delivery
USER099,ubereats,2024-02-02,40.7,2.4,4.9,delivery
USER099,ubereats,2024-02-03,27.98,1.8,4.6,delivery
USER099,ubereats,2024-02-06,121.68,7.0,4.4,delivery
USER099,ubereats,2024-02-07,122.69,7.5,4.7,delivery
USER099,ubereats,2024-02-10,106.09,7.3,4.8,delivery
USER099,ubereats,2024-02-11,75.15,4.1,4.5,delivery
USER099,ubereats,2024-02-14,85.21,5.5,4.9,delivery
USER099,ubereats,2024-02-16,34.74,2.1,5.0,delivery
USER099,ubereats,2024-02-18,121.97,7.2,4.5,delivery
USER099,ubereats,2024-02-20,80.79,4.0,4.5,delivery
USER099,ubereats,2024-02-21,71.99,3.7,4.1,delivery
USER099,ubereats,2024-02-22,77.5,6.5,4.4,delivery
USER099,ubereats,2024-02-23,54.64,2.9,5.0,delivery
USER099,ubereats,2024-02-24,17.94,1.4,4.3,delivery
USER099,ubereats,2024-02-25,35.25,1.9,4.9,delivery
USER099,ubereats,2024-02-26,61.85,4.5,4.9,delivery
USER099,ubereats,2024-02-29,98.15,7.4,4.4,delivery
USER099,ubereats,2024-03-01,17.14,1.3,4.6,delivery
USER099,ubereats,2024-03-02,19.91,1.2,5.0,delivery
USER099,ubereats,2024-03-04,25.8,1.6,4.3,delivery
USER099,ubereats,2024-03-05,88.07,4.9,5.0,delivery
USER099,ubereats,2024-03-07,25.41,1.4,4.5,delivery
USER099,ubereats,2024-03-08,59.63,5.0,5.0,delivery
USER099,ubereats,2024-03-10,88.89,6.0,4.4,delivery
USER099,ubereats,2024-03-11,102.56,6.4,4.4,delivery
USER099,ubereats,2024-03-12,36.59,2.2,4.3,delivery
USER099,ubereats,2024-03-13,20.97,1.4,4.9,delivery
USER099,ubereats,2024-03-14,122.67,7.5,4.2,delivery
USER099,ubereats,2024-03-16,108.29,7.1,4.8,delivery
USER099,ubereats,2024-03-17,103.97,6.0,4.9,delivery
USER099,ubereats,2024-03-18,137.51,7.6,4.4,delivery
USER099,ubereats,2024-03-19,90.73,6.0,4.0,delivery
USER099,ubereats,2024-03-22,61.93,3.7,4.1,delivery
USER099,ubereats,2024-03-23,97.58,7.4,4.4,delivery
USER099,ubereats,2024-03-25,33.87,2.7,4.1,delivery
USER099,ubereats,2024-03-27,165.19,7.8,4.4,delivery
USER099,ubereats,2024-03-29,112.93,7.3,4.3,delivery
USER099,instacart,2024-01-02,94.9,7.2,4.4,delivery
USER099,instacart,2024-01-03,65.28,5.9,4.8,delivery
USER099,instacart,2024-01-04,84.57,4.9,4.8,delivery
USER099,instacart,2024-01-06,115.25,7.1,4.5,delivery
USER099,instacart,2024-01-08,63.64,4.4,4.7,delivery
USER099,instacart,2024-01-11,117.9,7.0,4.3,delivery
USER099,instacart,2024-01-13,153.16,7.6,4.3,delivery
USER099,instacart,2024-01-14,93.47,6.7,4.6,delivery
USER099,instacart,2024-01-16,34.79,1.9,4.5,delivery
USER099,instacart,2024-01-17,17.08,1.4,4.1,delivery
USER099,instacart,2024-01-19,99.56,5.3,4.4,delivery
USER099,instacart,2024-01-20,75.84,4.6,4.0,delivery
USER099,instacart,2024-01-21,97.21,6.6,4.5,delivery
USER099,instacart,2024-01-23,94.31,4.8,4.1,delivery
USER099,instacart,2024-01-27,167.1,7.7,4.6,delivery
USER099,instacart,2024-01-29,132.26,7.3,4.8,delivery
USER099,instacart,2024-01-30,16.23,1.0,4.9,delivery
USER099,instacart,2024-01-31,49.08,2.4,4.9,delivery
USER099,instacart,2024-02-05,105.65,6.5,4.8,delivery
USER099,instacart,2024-02-09,143.07,7.1,4.4,delivery
USER099,instacart,2024-02-10,86.3,7.4,4.2,delivery
USER099,instacart,2024-02-11,79.02,5.3,4.2,delivery
USER099,instacart,2024-02-12,71.25,4.1,4.5,delivery
USER099,instacart,2024-02-14,46.53,3.2,4.3,delivery
USER099,instacart,2024-02-15,56.43,4.2,4.1,delivery
USER099,instacart,2024-02-16,79.22,6.1,5.0,delivery
USER099,instacart,2024-02-17,88.91,5.9,4.1,delivery
USER099,instacart,2024-02-18,66.53,5.5,4.0,delivery
USER099,instacart,2024-02-21,85.42,7.0,4.2,delivery
USER099,instacart,2024-02-22,136.22,7.3,4.3,delivery
USER099,instacart,2024-02-23,72.92,3.7,4.0,delivery
USER099,instacart,2024-02-26,48.77,3.2,5.0,delivery
USER099,instacart,2024-02-29,42.31,2.4,4.1,delivery
USER099,instacart,2024-03-02,40.45,2.8,4.7,delivery
USER099,instacart,2024-03-03,62.33,3.9,4.2,delivery
USER099,instacart,2024-03-04,23.86,2.0,4.8,delivery
USER099,instacart,2024-03-05,39.77,3.6,4.4,delivery
USER099,instacart,2024-03-07,56.72,3.3,4.6,delivery
USER099,instacart,2024-03-08,113.35,7.1,4.2,delivery
USER099,instacart,2024-03-09,76.13,6.1,4.9,delivery
USER099,instacart,2024-03-12,93.94,7.4,4.5,delivery
USER099,instacart,2024-03-13,87.2,3.9,4.3,delivery
USER099,instacart,2024-03-14,109.99,7.2,4.7,delivery
USER099,instacart,2024-03-15,26.0,1.6,4.3,delivery
USER099,instacart,2024-03-17,53.99,3.4,4.1,delivery
USER099,instacart,2024-03-18,83.84,7.6,4.1,delivery
USER099,instacart,2024-03-19,25.0,1.5,4.9,delivery
USER099,instacart,2024-03-20,84.3,5.4,4.6,delivery
USER099,instacart,2024-03-21,53.31,3.0,4.8,delivery
USER099,instacart,2024-03-22,60.87,4.6,4.5,delivery
USER099,instacart,2024-03-27,53.77,3.1,4.5,delivery
USER099,instacart,2024-03-28,88.22,5.2,4.6,delivery
USER100,instacart,2024-01-01,82.81,6.5,4.9,delivery
USER100,instacart,2024-01-02,44.14,3.2,4.6,delivery
USER100,instacart,2024-01-03,66.94,5.0,4.9,delivery
USER100,instacart,2024-01-05,25.66,1.4,4.5,delivery
USER100,instacart,2024-01-06,30.55,2.1,4.2,delivery
USER100,instacart,2024-01-09,24.75,2.0,4.1,delivery
USER100,instacart,2024-01-10,73.63,5.9,4.8,delivery
USER100,instacart,2024-01-11,95.23,6.5,4.2,delivery
USER100,instacart,2024-01-12,83.76,4.6,4.8,delivery
USER100,instacart,2024-01-16,25.4,2.2,4.1,delivery
USER100,instacart,2024-01-17,34.22,1.6,4.8,delivery
USER100,instacart,2024-01-18,63.74,3.2,4.8,delivery
USER100,instacart,2024-01-19,118.34,6.3,4.0,delivery
USER100,instacart,2024-01-21,116.28,7.2,4.2,delivery
USER100,instacart,2024-01-22,120.13,6.9,4.0,delivery
USER100,instacart,2024-01-29,49.56,4.5,4.0,delivery
USER100,instacart,2024-02-02,14.24,1.1,4.4,delivery
USER100,instacart,2024-02-03,96.81,6.0,4.9,delivery
USER100,instacart,2024-02-06,47.65,3.4,4.1,delivery
USER100,instacart,2024-02-08,31.91,2.1,4.5,delivery
USER100,instacart,2024-02-09,49.08,3.4,4.9,delivery
USER100,instacart,2024-02-13,76.08,6.3,4.6,delivery
USER100,instacart,2024-02-14,54.69,4.6,4.1,delivery
USER100,instacart,2024-02-15,92.53,5.2,4.5,delivery
USER100,instacart,2024-02-17,77.43,3.7,4.5,delivery
USER100,instacart,2024-02-21,114.38,7.2,4.8,delivery
USER100,instacart,2024-02-22,35.19,1.6,4.8,delivery
USER100,instacart,2024-02-23,19.81,1.2,4.7,delivery
USER100,instacart,2024-02-24,103.62,5.4,4.8,delivery
USER100,instacart,2024-02-25,58.02,3.1,4.4,delivery
USER100,instacart,2024-02-27,52.89,4.4,4.9,delivery
USER100,instacart,2024-02-29,19.11,1.6,4.3,delivery
USER100,instacart,2024-03-01,75.15,4.6,4.6,delivery
USER100,instacart,2024-03-02,88.59,5.1,4.9,delivery
USER100,instacart,2024-03-03,121.67,7.5,4.4,delivery
USER100,instacart,2024-03-04,69.2,3.7,4.9,delivery
USER100,instacart,2024-03-06,40.12,2.6,4.7,delivery
USER100,instacart,2024-03-07,73.03,4.9,4.3,delivery
USER100,instacart,2024-03-08,51.39,4.1,4.0,delivery
USER100,instacart,2024-03-10,19.91,1.8,4.7,delivery
USER100,instacart,2024-03-11,18.93,1.5,4.3,delivery
USER100,instacart,2024-03-12,71.89,6.0,4.3,delivery
USER100,instacart,2024-03-16,110.27,6.4,4.8,delivery
USER100,instacart,2024-03-18,68.13,4.2,4.4,delivery
USER100,instacart,2024-03-21,114.93,7.4,4.8,delivery
USER100,instacart,2024-03-22,56.91,4.4,4.7,delivery
USER100,instacart,2024-03-23,69.89,4.4,4.9,delivery
USER100,instacart,2024-03-25,42.84,2.0,4.2,delivery
USER100,instacart,2024-03-27,90.41,4.9,4.6,delivery
USER100,fiverr,2024-01-01,324.18,7.2,4.7,freelance
USER100,fiverr,2024-01-02,346.11,4.1,4.7,freelance
USER100,fiverr,2024-01-03,121.53,4.8,4.2,freelance
USER100,fiverr,2024-01-04,275.42,4.5,4.5,freelance
USER100,fiverr,2024-01-05,205.32,3.5,4.9,freelance
USER100,fiverr,2024-01-06,136.53,2.7,4.7,freelance
USER100,fiverr,2024-01-10,105.19,4.0,4.8,freelance
USER100,fiverr,2024-01-11,404.79,5.5,4.3,freelance
USER100,fiverr,2024-01-13,338.01,6.2,4.9,freelance
USER100,fiverr,2024-01-15,151.47,4.4,4.0,freelance
USER100,fiverr,2024-01-16,184.81,6.0,4.5,freelance
USER100,fiverr,2024-01-17,649.48,7.2,4.3,freelance
USER100,fiverr,2024-01-19,222.98,2.5,4.3,freelance
USER100,fiverr,2024-01-20,277.02,4.7,4.4,freelance
USER100,fiverr,2024-01-22,305.63,8.7,4.0,freelance
USER100,fiverr,2024-01-23,77.91,1.8,4.0,freelance
USER100,fiverr,2024-01-24,189.96,4.7,4.5,freelance
USER100,fiverr,2024-01-25,324.18,6.8,4.6,freelance
USER100,fiverr,2024-01-27,474.86,6.6,4.2,freelance
USER100,fiverr,2024-01-28,104.7,2.5,4.5,freelance
USER100,fiverr,2024-01-29,565.65,8.4,4.5,freelance
USER100,fiverr,2024-02-01,236.41,3.3,4.4,freelance
USER100,fiverr,2024-02-02,339.15,6.9,4.1,freelance
USER100,fiverr,2024-02-04,850.26,9.4,5.0,freelance
USER100,fiverr,2024-02-06,116.33,4.5,4.8,freelance
USER100,fiverr,2024-02-07,152.71,3.0,4.8,freelance
USER100,fiverr,2024-02-09,212.23,3.5,4.2,freelance
USER100,fiverr,2024-02-10,335.94,4.9,4.5,freelance
USER100,fiverr,2024-02-14,136.62,1.6,4.9,freelance
USER100,fiverr,2024-02-15,620.31,9.0,4.6,freelance
USER100,fiverr,2024-02-16,262.35,4.3,4.8,freelance
USER100,fiverr,2024-02-17,414.32,7.6,4.9,freelance
USER100,fiverr,2024-02-18,285.87,4.4,4.9,freelance
USER100,fiverr,2024-02-20,77.6,3.6,4.0,freelance
USER100,fiverr,2024-02-21,315.64,7.4,5.0,freelance
USER100,fiverr,2024-02-22,202.38,8.4,4.4,freelance
USER100,fiverr,2024-02-24,211.96,4.4,4.2,freelance
USER100,fiverr,2024-02-25,461.09,6.9,4.6,freelance
USER100,fiverr,2024-02-27,194.29,6.0,4.8,freelance
USER100,fiverr,2024-03-01,209.03,5.7,4.3,freelance
USER100,fiverr,2024-03-02,642.04,10.0,4.8,freelance
USER100,fiverr,2024-03-05,284.44,4.1,4.5,freelance
USER100,fiverr,2024-03-09,171.37,4.8,4.0,freelance
USER100,fiverr,2024-03-15,109.47,1.8,4.8,freelance
USER100,fiverr,2024-03-16,177.66,2.9,4.6,freelance
USER100,fiverr,2024-03-17,328.21,7.2,4.9,freelance
USER100,fiverr,2024-03-18,158.42,2.0,4.1,freelance
USER100,fiverr,2024-03-20,44.18,1.4,5.0,freelance
USER100,fiverr,2024-03-21,305.1,5.0,4.3,freelance
USER100,fiverr,2024-03-22,208.03,4.8,4.8,freelance
USER100,fiverr,2024-03-24,49.06,2.1,4.9,freelance
USER100,fiverr,2024-03-27,507.03,9.7,4.2,freelance
USER100,fiverr,2024-03-30,609.46,9.8,4.8,freelance
